  0
SECTION
  2
HEADER
  9
$ACADVER
  1
AC1027
  9
$ACADMAINTVER
 70
   125
  9
$DWGCODEPAGE
  3
ANSI_1252
  9
$LASTSAVEDBY
  1
hmh
  9
$REQUIREDVERSIONS
160
                 0
  9
$INSBASE
 10
0.0
 20
0.0
 30
0.0
  9
$EXTMIN
 10
-700.0000000000002
 20
-0.0000000000000568
 30
0.0
  9
$EXTMAX
 10
390.0
 20
891.0
 30
0.0
  9
$LIMMIN
 10
0.0
 20
0.0
  9
$LIMMAX
 10
12.0
 20
9.0
  9
$ORTHOMODE
 70
     0
  9
$REGENMODE
 70
     1
  9
$FILLMODE
 70
     1
  9
$QTEXTMODE
 70
     0
  9
$MIRRTEXT
 70
     0
  9
$LTSCALE
 40
1.0
  9
$ATTMODE
 70
     1
  9
$TEXTSIZE
 40
2.5
  9
$TRACEWID
 40
0.05
  9
$TEXTSTYLE
  7
Isocp
  9
$CLAYER
  8
JBT_Objekter_0.18mm
  9
$CELTYPE
  6
ByLayer
  9
$CECOLOR
 62
   256
  9
$CELTSCALE
 40
1.0
  9
$DISPSILH
 70
     0
  9
$DIMSCALE
 40
1000.0
  9
$DIMASZ
 40
0.18
  9
$DIMEXO
 40
0.0625
  9
$DIMDLI
 40
0.38
  9
$DIMRND
 40
0.0
  9
$DIMDLE
 40
0.0
  9
$DIMEXE
 40
0.18
  9
$DIMTP
 40
0.0
  9
$DIMTM
 40
0.0
  9
$DIMTXT
 40
0.18
  9
$DIMCEN
 40
0.09
  9
$DIMTSZ
 40
0.0
  9
$DIMTOL
 70
     0
  9
$DIMLIM
 70
     0
  9
$DIMTIH
 70
     1
  9
$DIMTOH
 70
     1
  9
$DIMSE1
 70
     0
  9
$DIMSE2
 70
     0
  9
$DIMTAD
 70
     0
  9
$DIMZIN
 70
     0
  9
$DIMBLK
  1

  9
$DIMASO
 70
     1
  9
$DIMSHO
 70
     1
  9
$DIMPOST
  1

  9
$DIMAPOST
  1

  9
$DIMALT
 70
     0
  9
$DIMALTD
 70
     2
  9
$DIMALTF
 40
25.4
  9
$DIMLFAC
 40
1.0
  9
$DIMTOFL
 70
     0
  9
$DIMTVP
 40
0.0
  9
$DIMTIX
 70
     0
  9
$DIMSOXD
 70
     0
  9
$DIMSAH
 70
     0
  9
$DIMBLK1
  1

  9
$DIMBLK2
  1

  9
$DIMSTYLE
  2
Standard
  9
$DIMCLRD
 70
     0
  9
$DIMCLRE
 70
     0
  9
$DIMCLRT
 70
     0
  9
$DIMTFAC
 40
1.0
  9
$DIMGAP
 40
0.09
  9
$DIMJUST
 70
     0
  9
$DIMSD1
 70
     0
  9
$DIMSD2
 70
     0
  9
$DIMTOLJ
 70
     1
  9
$DIMTZIN
 70
     0
  9
$DIMALTZ
 70
     0
  9
$DIMALTTZ
 70
     0
  9
$DIMUPT
 70
     0
  9
$DIMDEC
 70
     4
  9
$DIMTDEC
 70
     4
  9
$DIMALTU
 70
     2
  9
$DIMALTTD
 70
     2
  9
$DIMTXSTY
  7
Standard
  9
$DIMAUNIT
 70
     0
  9
$DIMADEC
 70
     0
  9
$DIMALTRND
 40
0.0
  9
$DIMAZIN
 70
     0
  9
$DIMDSEP
 70
    46
  9
$DIMATFIT
 70
     3
  9
$DIMFRAC
 70
     0
  9
$DIMLDRBLK
  1

  9
$DIMLUNIT
 70
     2
  9
$DIMLWD
 70
    -2
  9
$DIMLWE
 70
    -2
  9
$DIMTMOVE
 70
     0
  9
$DIMFXL
 40
1.0
  9
$DIMFXLON
 70
     0
  9
$DIMJOGANG
 40
0.7853981633974483
  9
$DIMTFILL
 70
     0
  9
$DIMTFILLCLR
 70
     0
  9
$DIMARCSYM
 70
     0
  9
$DIMLTYPE
  6

  9
$DIMLTEX1
  6

  9
$DIMLTEX2
  6

  9
$DIMTXTDIRECTION
 70
     0
  9
$LUNITS
 70
     2
  9
$LUPREC
 70
     2
  9
$SKETCHINC
 40
0.1
  9
$FILLETRAD
 40
0.0
  9
$AUNITS
 70
     0
  9
$AUPREC
 70
     2
  9
$MENU
  1
.
  9
$ELEVATION
 40
0.0
  9
$PELEVATION
 40
0.0
  9
$THICKNESS
 40
0.0
  9
$LIMCHECK
 70
     0
  9
$CHAMFERA
 40
0.0
  9
$CHAMFERB
 40
0.0
  9
$CHAMFERC
 40
0.0
  9
$CHAMFERD
 40
0.0
  9
$SKPOLY
 70
     0
  9
$TDCREATE
 40
2457092.573171296
  9
$TDUCREATE
 40
2457092.531513878
  9
$TDUPDATE
 40
2458521.464317129
  9
$TDUUPDATE
 40
2458521.422650463
  9
$TDINDWG
 40
16.3900540741
  9
$TDUSRTIMER
 40
16.3900540509
  9
$USRTIMER
 70
     1
  9
$ANGBASE
 50
0.0
  9
$ANGDIR
 70
     0
  9
$PDMODE
 70
     3
  9
$PDSIZE
 40
1.199999999999999
  9
$PLINEWID
 40
0.0
  9
$SPLFRAME
 70
     0
  9
$SPLINETYPE
 70
     6
  9
$SPLINESEGS
 70
     8
  9
$HANDSEED
  5
101D114
  9
$SURFTAB1
 70
     6
  9
$SURFTAB2
 70
     6
  9
$SURFTYPE
 70
     6
  9
$SURFU
 70
     6
  9
$SURFV
 70
     6
  9
$UCSBASE
  2

  9
$UCSNAME
  2

  9
$UCSORG
 10
0.0
 20
0.0
 30
0.0
  9
$UCSXDIR
 10
1.0
 20
0.0
 30
0.0
  9
$UCSYDIR
 10
0.0
 20
1.0
 30
0.0
  9
$UCSORTHOREF
  2

  9
$UCSORTHOVIEW
 70
     0
  9
$UCSORGTOP
 10
0.0
 20
0.0
 30
0.0
  9
$UCSORGBOTTOM
 10
0.0
 20
0.0
 30
0.0
  9
$UCSORGLEFT
 10
0.0
 20
0.0
 30
0.0
  9
$UCSORGRIGHT
 10
0.0
 20
0.0
 30
0.0
  9
$UCSORGFRONT
 10
0.0
 20
0.0
 30
0.0
  9
$UCSORGBACK
 10
0.0
 20
0.0
 30
0.0
  9
$PUCSBASE
  2

  9
$PUCSNAME
  2

  9
$PUCSORG
 10
0.0
 20
0.0
 30
0.0
  9
$PUCSXDIR
 10
1.0
 20
0.0
 30
0.0
  9
$PUCSYDIR
 10
0.0
 20
1.0
 30
0.0
  9
$PUCSORTHOREF
  2

  9
$PUCSORTHOVIEW
 70
     0
  9
$PUCSORGTOP
 10
0.0
 20
0.0
 30
0.0
  9
$PUCSORGBOTTOM
 10
0.0
 20
0.0
 30
0.0
  9
$PUCSORGLEFT
 10
0.0
 20
0.0
 30
0.0
  9
$PUCSORGRIGHT
 10
0.0
 20
0.0
 30
0.0
  9
$PUCSORGFRONT
 10
0.0
 20
0.0
 30
0.0
  9
$PUCSORGBACK
 10
0.0
 20
0.0
 30
0.0
  9
$USERI1
 70
     0
  9
$USERI2
 70
     0
  9
$USERI3
 70
     0
  9
$USERI4
 70
     0
  9
$USERI5
 70
     0
  9
$USERR1
 40
0.0
  9
$USERR2
 40
0.0
  9
$USERR3
 40
0.0
  9
$USERR4
 40
0.0
  9
$USERR5
 40
0.0
  9
$WORLDVIEW
 70
     1
  9
$SHADEDGE
 70
     3
  9
$SHADEDIF
 70
    70
  9
$TILEMODE
 70
     0
  9
$MAXACTVP
 70
    64
  9
$PINSBASE
 10
0.0
 20
0.0
 30
0.0
  9
$PLIMCHECK
 70
     0
  9
$PEXTMIN
 10
-10.0
 20
0.0
 30
0.0
  9
$PEXTMAX
 10
179.9999999999999
 20
277.427728234732
 30
0.0
  9
$PLIMMIN
 10
-10.79374998807907
 20
-0.7937499880790711
  9
$PLIMMAX
 10
199.2062500119209
 20
296.2062500119209
  9
$UNITMODE
 70
     0
  9
$VISRETAIN
 70
     1
  9
$PLINEGEN
 70
     0
  9
$PSLTSCALE
 70
     1
  9
$TREEDEPTH
 70
  3020
  9
$CMLSTYLE
  2
Standard
  9
$CMLJUST
 70
     0
  9
$CMLSCALE
 40
1.0
  9
$PROXYGRAPHICS
 70
     1
  9
$MEASUREMENT
 70
     0
  9
$CELWEIGHT
370
    -1
  9
$ENDCAPS
280
     0
  9
$JOINSTYLE
280
     0
  9
$LWDISPLAY
290
     0
  9
$INSUNITS
 70
     4
  9
$HYPERLINKBASE
  1

  9
$STYLESHEET
  1
JBV Standard.ctb
  9
$XEDIT
290
     1
  9
$CEPSNTYPE
380
     0
  9
$PSTYLEMODE
290
     1
  9
$FINGERPRINTGUID
  2
{B6CEBB8E-B900-4B9F-80BC-6A03BD42EC7A}
  9
$VERSIONGUID
  2
{B8E1ECE0-40D2-064E-A982-DB01B74D9841}
  9
$EXTNAMES
290
     1
  9
$PSVPSCALE
 40
0.0
  9
$OLESTARTUP
290
     0
  9
$SORTENTS
280
   127
  9
$INDEXCTL
280
     0
  9
$HIDETEXT
280
     1
  9
$XCLIPFRAME
280
     2
  9
$HALOGAP
280
     0
  9
$OBSCOLOR
 70
   257
  9
$OBSLTYPE
280
     0
  9
$INTERSECTIONDISPLAY
280
     0
  9
$INTERSECTIONCOLOR
 70
   257
  9
$DIMASSOC
280
     2
  9
$PROJECTNAME
  1

  9
$CAMERADISPLAY
290
     0
  9
$LENSLENGTH
 40
50.0
  9
$CAMERAHEIGHT
 40
0.0
  9
$STEPSPERSEC
 40
2.0
  9
$STEPSIZE
 40
6.0
  9
$3DDWFPREC
 40
2.0
  9
$PSOLWIDTH
 40
0.25
  9
$PSOLHEIGHT
 40
4.0
  9
$LOFTANG1
 40
1.570796326794896
  9
$LOFTANG2
 40
1.570796326794896
  9
$LOFTMAG1
 40
0.0
  9
$LOFTMAG2
 40
0.0
  9
$LOFTPARAM
 70
     7
  9
$LOFTNORMALS
280
     1
  9
$LATITUDE
 40
37.795
  9
$LONGITUDE
 40
-122.394
  9
$NORTHDIRECTION
 40
0.0
  9
$TIMEZONE
 70
 -8000
  9
$LIGHTGLYPHDISPLAY
280
     1
  9
$TILEMODELIGHTSYNCH
280
     1
  9
$CMATERIAL
347
96
  9
$SOLIDHIST
280
     1
  9
$SHOWHIST
280
     1
  9
$DWFFRAME
280
     2
  9
$DGNFRAME
280
     0
  9
$REALWORLDSCALE
290
     1
  9
$INTERFERECOLOR
 62
     1
  9
$INTERFEREOBJVS
345
A3
  9
$INTERFEREVPVS
346
A0
  9
$CSHADOW
280
     0
  9
$SHADOWPLANELOCATION
 40
0.0
  0
ENDSEC
  0
SECTION
  2
CLASSES
  0
CLASS
  1
ACDBDICTIONARYWDFLT
  2
AcDbDictionaryWithDefault
  3
ObjectDBX Classes
 90
        0
 91
        1
280
     0
281
     0
  0
CLASS
  1
ACDBPLACEHOLDER
  2
AcDbPlaceHolder
  3
ObjectDBX Classes
 90
        0
 91
        1
280
     0
281
     0
  0
CLASS
  1
LAYOUT
  2
AcDbLayout
  3
ObjectDBX Classes
 90
        0
 91
       11
280
     0
281
     0
  0
CLASS
  1
DICTIONARYVAR
  2
AcDbDictionaryVar
  3
ObjectDBX Classes
 90
        0
 91
       17
280
     0
281
     0
  0
CLASS
  1
TABLESTYLE
  2
AcDbTableStyle
  3
ObjectDBX Classes
 90
     4095
 91
        1
280
     0
281
     0
  0
CLASS
  1
MATERIAL
  2
AcDbMaterial
  3
ObjectDBX Classes
 90
     1153
 91
        3
280
     0
281
     0
  0
CLASS
  1
VISUALSTYLE
  2
AcDbVisualStyle
  3
ObjectDBX Classes
 90
     4095
 91
       26
280
     0
281
     0
  0
CLASS
  1
SCALE
  2
AcDbScale
  3
ObjectDBX Classes
 90
     1153
 91
        3
280
     0
281
     0
  0
CLASS
  1
MLEADERSTYLE
  2
AcDbMLeaderStyle
  3
ACDB_MLEADERSTYLE_CLASS
 90
     4095
 91
        2
280
     0
281
     0
  0
CLASS
  1
CELLSTYLEMAP
  2
AcDbCellStyleMap
  3
ObjectDBX Classes
 90
     1152
 91
        1
280
     0
281
     0
  0
CLASS
  1
EXACXREFPANELOBJECT
  2
ExAcXREFPanelObject
  3
EXAC_ESW
 90
     1025
 91
        0
280
     0
281
     0
  0
CLASS
  1
NPOCOLLECTION
  2
AcDbImpNonPersistentObjectsCollection
  3
ObjectDBX Classes
 90
     1153
 91
        0
280
     0
281
     0
  0
CLASS
  1
LAYER_INDEX
  2
AcDbLayerIndex
  3
ObjectDBX Classes
 90
        0
 91
        0
280
     0
281
     0
  0
CLASS
  1
SPATIAL_INDEX
  2
AcDbSpatialIndex
  3
ObjectDBX Classes
 90
        0
 91
        0
280
     0
281
     0
  0
CLASS
  1
IDBUFFER
  2
AcDbIdBuffer
  3
ObjectDBX Classes
 90
        0
 91
        0
280
     0
281
     0
  0
CLASS
  1
SORTENTSTABLE
  2
AcDbSortentsTable
  3
ObjectDBX Classes
 90
        0
 91
       14
280
     0
281
     0
  0
CLASS
  1
ACAD_EVALUATION_GRAPH
  2
AcDbEvalGraph
  3
ObjectDBX Classes
 90
     1153
 91
       10
280
     0
281
     0
  0
CLASS
  1
BLOCKBASEPOINTPARAMETER
  2
AcDbBlockBasepointParameter
  3
ObjectDBX Classes
 90
     1153
 91
        1
280
     0
281
     0
  0
CLASS
  1
ACDB_DYNAMICBLOCKPURGEPREVENTER_VERSION
  2
AcDbDynamicBlockPurgePreventer
  3
ObjectDBX Classes
 90
     1153
 91
       10
280
     0
281
     0
  0
CLASS
  1
BLOCKVISIBILITYPARAMETER
  2
AcDbBlockVisibilityParameter
  3
ObjectDBX Classes
 90
     1153
 91
        0
280
     0
281
     0
  0
CLASS
  1
BLOCKVISIBILITYGRIP
  2
AcDbBlockVisibilityGrip
  3
ObjectDBX Classes
 90
     1153
 91
        0
280
     0
281
     0
  0
CLASS
  1
BLOCKGRIPLOCATIONCOMPONENT
  2
AcDbBlockGripExpr
  3
ObjectDBX Classes
 90
     1153
 91
       34
280
     0
281
     0
  0
CLASS
  1
BLOCKROTATIONPARAMETER
  2
AcDbBlockRotationParameter
  3
ObjectDBX Classes
 90
     1153
 91
        0
280
     0
281
     0
  0
CLASS
  1
BLOCKROTATIONGRIP
  2
AcDbBlockRotationGrip
  3
ObjectDBX Classes
 90
     1153
 91
        0
280
     0
281
     0
  0
CLASS
  1
BLOCKROTATEACTION
  2
AcDbBlockRotateAction
  3
ObjectDBX Classes
 90
     1153
 91
        0
280
     0
281
     0
  0
CLASS
  1
BLOCKFLIPPARAMETER
  2
AcDbBlockFlipParameter
  3
ObjectDBX Classes
 90
     1153
 91
        0
280
     0
281
     0
  0
CLASS
  1
BLOCKFLIPGRIP
  2
AcDbBlockFlipGrip
  3
ObjectDBX Classes
 90
     1153
 91
        0
280
     0
281
     0
  0
CLASS
  1
BLOCKFLIPACTION
  2
AcDbBlockFlipAction
  3
ObjectDBX Classes
 90
     1153
 91
        0
280
     0
281
     0
  0
CLASS
  1
BLOCKPOINTPARAMETER
  2
AcDbBlockPointParameter
  3
ObjectDBX Classes
 90
     1153
 91
        0
280
     0
281
     0
  0
CLASS
  1
BLOCKXYGRIP
  2
AcDbBlockXYGrip
  3
ObjectDBX Classes
 90
     1153
 91
        0
280
     0
281
     0
  0
CLASS
  1
BLOCKMOVEACTION
  2
AcDbBlockMoveAction
  3
ObjectDBX Classes
 90
     1153
 91
        0
280
     0
281
     0
  0
CLASS
  1
ACDB_BLOCKREPRESENTATION_DATA
  2
AcDbBlockRepresentationData
  3
ObjectDBX Classes
 90
     1153
 91
       13
280
     0
281
     0
  0
CLASS
  1
BLOCKLINEARPARAMETER
  2
AcDbBlockLinearParameter
  3
ObjectDBX Classes
 90
     1153
 91
       12
280
     0
281
     0
  0
CLASS
  1
BLOCKLINEARGRIP
  2
AcDbBlockLinearGrip
  3
ObjectDBX Classes
 90
     1153
 91
       17
280
     0
281
     0
  0
CLASS
  1
BLOCKSTRETCHACTION
  2
AcDbBlockStretchAction
  3
ObjectDBX Classes
 90
     1153
 91
       12
280
     0
281
     0
  0
CLASS
  1
AEC_REFEDIT_STATUS_TRACKER
  2
AecDbRefEditStatusTracker
  3
AecArchBase70|Product Desc: Autodesk Architectural Desktop 2007 |Company: Autodesk,Inc. |WEB Address: www.autodesk.com
 90
      129
 91
        0
280
     0
281
     0
  0
CLASS
  1
ACAECUSTOBJ
  2
AcAeEditorObj
  3
AcAeEditorObj
 90
     1024
 91
        0
280
     0
281
     0
  0
CLASS
  1
VISIBILITYPARAMETERENTITY
  2
AcDbBlockVisibilityParameterEntity
  3
ObjectDBX Classes
 90
     1025
 91
        0
280
     0
281
     1
  0
CLASS
  1
ACAEEEMGROBJ
  2
AcAeEEMgrObj
  3
AcAeEEMgrObj
 90
     1024
 91
        0
280
     0
281
     0
  0
CLASS
  1
VISIBILITYGRIPENTITY
  2
AcDbBlockVisibilityGripEntity
  3
ObjectDBX Classes
 90
     1025
 91
        0
280
     0
281
     1
  0
CLASS
  1
FLIPPARAMETERENTITY
  2
AcDbBlockFlipParameterEntity
  3
ObjectDBX Classes
 90
     1025
 91
        0
280
     0
281
     1
  0
CLASS
  1
FLIPGRIPENTITY
  2
AcDbBlockFlipGripEntity
  3
ObjectDBX Classes
 90
     1025
 91
        0
280
     0
281
     1
  0
CLASS
  1
FLIPACTIONENTITY
  2
AcDbBlockFlipActionEntity
  3
ObjectDBX Classes
 90
     1025
 91
        0
280
     0
281
     1
  0
CLASS
  1
LINEARGRIPENTITY
  2
AcDbBlockLinearGripEntity
  3
ObjectDBX Classes
 90
     1025
 91
        0
280
     0
281
     1
  0
CLASS
  1
LINEARPARAMETERENTITY
  2
AcDbBlockLinearParameterEntity
  3
ObjectDBX Classes
 90
     1025
 91
        0
280
     0
281
     1
  0
CLASS
  1
STRETCHACTIONENTITY
  2
AcDbBlockStretchActionEntity
  3
ObjectDBX Classes
 90
     1025
 91
        0
280
     0
281
     1
  0
CLASS
  1
ROTATIONPARAMETERENTITY
  2
AcDbBlockRotationParameterEntity
  3
ObjectDBX Classes
 90
     1025
 91
        0
280
     0
281
     1
  0
CLASS
  1
ROTATIONGRIPENTITY
  2
AcDbBlockRotationGripEntity
  3
ObjectDBX Classes
 90
     1025
 91
        0
280
     0
281
     1
  0
CLASS
  1
ROTATEACTIONENTITY
  2
AcDbBlockRotateActionEntity
  3
ObjectDBX Classes
 90
     1025
 91
        0
280
     0
281
     1
  0
CLASS
  1
BASEPOINTPARAMETERENTITY
  2
AcDbBlockBasepointParameterEntity
  3
ObjectDBX Classes
 90
     1025
 91
        0
280
     0
281
     1
  0
CLASS
  1
POINTPARAMETERENTITY
  2
AcDbBlockPointParameterEntity
  3
ObjectDBX Classes
 90
     1025
 91
        0
280
     0
281
     1
  0
CLASS
  1
XYGRIPENTITY
  2
AcDbBlockXYGripEntity
  3
ObjectDBX Classes
 90
     1025
 91
        0
280
     0
281
     1
  0
CLASS
  1
MOVEACTIONENTITY
  2
AcDbBlockMoveActionEntity
  3
ObjectDBX Classes
 90
     1025
 91
        0
280
     0
281
     1
  0
CLASS
  1
DIMASSOC
  2
AcDbDimAssoc
  3
"AcDbDimAssoc|Product Desc:     AcDim ARX App For Dimension|Company:          Autodesk, Inc.|WEB Address:      www.autodesk.com"
 90
        0
 91
        0
280
     0
281
     0
  0
CLASS
  1
ACDBSECTIONVIEWSTYLE
  2
AcDbSectionViewStyle
  3
ObjectDBX Classes
 90
     1025
 91
        3
280
     0
281
     0
  0
CLASS
  1
ACDBDETAILVIEWSTYLE
  2
AcDbDetailViewStyle
  3
ObjectDBX Classes
 90
     1025
 91
        3
280
     0
281
     0
  0
CLASS
  1
DMMAPMANAGER
  2
AcMapDMMapManager
  3
AcMapDisplayManagement
 90
     1024
 91
        1
280
     0
281
     0
  0
CLASS
  1
DMSTYLELIBRARY
  2
AcMapDMStyleLibrary
  3
AcMapDisplayManagement
 90
     1024
 91
        1
280
     0
281
     0
  0
CLASS
  1
DMSTYLECATEGORY
  2
AcMapDMStyleCategory
  3
AcMapDisplayManagement
 90
     1024
 91
        1
280
     0
281
     0
  0
CLASS
  1
DATATABLE
  2
AcDbDataTable
  3
ObjectDBX Classes
 90
        0
 91
        1
280
     0
281
     0
  0
CLASS
  1
MAPRESOURCEMANAGEROBJECT
  2
AcMapResourceManager
  3
AcMapSharedComponents
 90
     1024
 91
        1
280
     0
281
     0
  0
CLASS
  1
MAPGWSUNDOOBJECT
  2
AcMapGWSUndoRecorder
  3
AcMapFeatureSourceManager
 90
     1025
 91
        0
280
     0
281
     0
  0
CLASS
  1
DMMAP
  2
AcMapDMMap
  3
AcMapDisplayManagement
 90
     1024
 91
        1
280
     0
281
     0
  0
CLASS
  1
DMBASEELEMENT
  2
AcMapDMBaseElement
  3
AcMapDisplayManagement
 90
     1024
 91
        1
280
     0
281
     0
  0
CLASS
  1
DMDEFAULTSTYLE
  2
AcMapDMDefaultStyle
  3
AcMapDisplayManagement
 90
     1024
 91
        1
280
     0
281
     0
  0
CLASS
  1
DMSTYLEREFERENCE
  2
AcMapDMStyleReference
  3
AcMapDisplayManagement
 90
     1024
 91
        1
280
     0
281
     0
  0
CLASS
  1
DMSURROGATESTYLESETS
  2
AcMapDMSurrogateStyleSets
  3
AcMapDisplayManagement
 90
     1153
 91
        1
280
     0
281
     0
  0
CLASS
  1
DMSTYLIZEDENTITIESTABLE
  2
AcMapDMStylizedEntitiesTable
  3
AcMapDisplayManagement
 90
     1024
 91
        1
280
     0
281
     0
  0
CLASS
  1
ACME_DOCUMENT
  2
AcMeDbDoc
  3
AcMeServices
 90
     1024
 91
        2
280
     0
281
     0
  0
CLASS
  1
AMGSETTINGSOBJ
  2
AmgSettingsObj
  3
"AcadM|Product Description: AutoCAD Mechanical|Company: Autodesk, Inc."
 90
     1024
 91
        2
280
     0
281
     0
  0
CLASS
  1
ACMESCOPE
  2
AcMeScope
  3
AcMeServices
 90
     1024
 91
        1
280
     0
281
     0
  0
CLASS
  1
ACMECOMMANDHISTORY
  2
AcMeCommandHistory
  3
AcMeServices
 90
     1024
 91
        1
280
     0
281
     0
  0
CLASS
  1
ACIMSYSVARMAN
  2
AcImSysVarManager
  3
AcMeServices
 90
     1024
 91
        3
280
     0
281
     0
  0
CLASS
  1
ACIMINTSYSVAR
  2
AcImIntSysVar
  3
AcMeServices
 90
     1024
 91
        2
280
     0
281
     0
  0
CLASS
  1
ACMESTATEMGR
  2
AcMeStateMgr
  3
AcMeServices
 90
     1024
 91
        1
280
     0
281
     0
  0
CLASS
  1
ACDBENTITYCACHE
  2
AcMeEntityCache
  3
AcMeServices
 90
     1024
 91
        1
280
     0
281
     0
  0
CLASS
  1
ACGREFMASTER
  2
AcGrefMaster
  3
AcAttribServices
 90
     1024
 91
        1
280
     0
281
     0
  0
CLASS
  1
ACME_DATABASE
  2
AcMeDbDatabase
  3
AcMeServices
 90
     1024
 91
        1
280
     0
281
     0
  0
CLASS
  1
ACRFINSADJUSTERMGR
  2
AcRfInsAdjusterMgr
  3
AcMeServices
 90
     1024
 91
        1
280
     0
281
     0
  0
CLASS
  1
ACGREFACADMASTER
  2
AcGrefacadMaster
  3
AcGrefServices
 90
     1024
 91
        1
280
     0
281
     0
  0
CLASS
  1
AMDTMENUSTATEMGR
  2
AmdtMenuStateMgr
  3
McadcomServices
 90
     1024
 91
        1
280
     0
281
     0
  0
CLASS
  1
AMDTMCOMMENUSTATE
  2
AmdtMcomMenuState
  3
McadcomServices
 90
     1024
 91
        1
280
     0
281
     0
  0
CLASS
  1
AMIMASTER
  2
AmiMaster
  3
AmiServices
 90
     1024
 91
        1
280
     0
281
     0
  0
CLASS
  1
MAPIAMMOUDLE
  2
MApiAmModule
  3
MApiAmServices
 90
     1024
 91
        1
280
     0
281
     0
  0
CLASS
  1
ACIMSTRSYSVAR
  2
AcImStrSysVar
  3
AcMeServices
 90
     1024
 91
        5
280
     0
281
     0
  0
CLASS
  1
AMDTAMMENUSTATE
  2
AmdtAmMenuState
  3
DesignerAssemblies
 90
     1024
 91
        1
280
     0
281
     0
  0
CLASS
  1
ACAMPROJECT
  2
AcAmProject
  3
DesignerAssemblies
 90
     1024
 91
        1
280
     0
281
     0
  0
CLASS
  1
ACAMGRCOMPDEF
  2
AcAmGrCompDef
  3
DesignerAssemblies
 90
     1024
 91
        1
280
     0
281
     0
  0
CLASS
  1
ACAMCOMPDEF
  2
AcAmCompDef
  3
DesignerAssemblies
 90
     1024
 91
        1
280
     0
281
     0
  0
CLASS
  1
ACAMCOMPDEFMGR
  2
AcAmCompDefMgr
  3
DesignerAssemblies
 90
     1024
 91
        1
280
     0
281
     0
  0
CLASS
  1
AMCONTEXTMGR
  2
AcAmContextMgr
  3
DesignerAssemblies
 90
     1024
 91
        1
280
     0
281
     0
  0
CLASS
  1
ACAMCONTEXTMODELER
  2
AcAmContextModeler
  3
DesignerAssemblies
 90
     1024
 91
        1
280
     0
281
     0
  0
CLASS
  1
ACMDATADICTIONARY
  2
AcmDataDictionary
  3
"AcmSymBB|Product Description: AutoCAD Mechanical|Company: Autodesk, Inc."
 90
     1024
 91
        1
280
     0
281
     0
  0
CLASS
  1
ACAMGRCOMPDEFSET
  2
AcAmGrCompDefSet
  3
DesignerAssemblies
 90
     1024
 91
        1
280
     0
281
     0
  0
CLASS
  1
AMDTBROWSERDBTAB
  2
AmdtBrowserDbTab
  3
McadcomServices
 90
     1024
 91
        1
280
     0
281
     0
  0
CLASS
  1
CBROWSERAPPOBJECT
  2
CBrowserAppObject
  3
McadcomServices
 90
     1024
 91
        2
280
     0
281
     0
  0
CLASS
  1
DM_PLACEHOLDER
  2
AcDmSelsetPlaceholder
  3
McadcomServices
 90
     1024
 91
        1
280
     0
281
     0
  0
CLASS
  1
ACMSTANDARDANSI
  2
AcmStandardANSI
  3
"Amdt_StdImp|Product Description: AutoCAD Mechanical|Company: Autodesk, Inc."
 90
     1024
 91
        1
280
     0
281
     0
  0
CLASS
  1
ACMSURFSTANDARDANSI
  2
AcmSurfTextStdANSI
  3
"Amdt_StdImp|Product Description: AutoCAD Mechanical|Company: Autodesk, Inc."
 90
     1024
 91
        1
280
     0
281
     0
  0
CLASS
  1
ACMFCFSTANDARDANSI
  2
AcmFCFStdANSI
  3
"Amdt_StdImp|Product Description: AutoCAD Mechanical|Company: Autodesk, Inc."
 90
     1024
 91
        1
280
     0
281
     0
  0
CLASS
  1
ACMWELDSTANDARDANSI
  2
AcmWeldingStdANSI
  3
"Amdt_StdImp|Product Description: AutoCAD Mechanical|Company: Autodesk, Inc."
 90
     1024
 91
        1
280
     0
281
     0
  0
CLASS
  1
ACMIDSTANDARDANSI
  2
AcmIdStdANSI
  3
"Amdt_StdImp|Product Description: AutoCAD Mechanical|Company: Autodesk, Inc."
 90
     1024
 91
        1
280
     0
281
     0
  0
CLASS
  1
ACMDATUMSTANDARDANSI
  2
AcmDatumStdANSI
  3
"Amdt_StdImp|Product Description: AutoCAD Mechanical|Company: Autodesk, Inc."
 90
     1024
 91
        1
280
     0
281
     0
  0
CLASS
  1
ACMBOMSTANDARDANSI
  2
AcmBOMStdANSI
  3
"Amdt_StdImp|Product Description: AutoCAD Mechanical|Company: Autodesk, Inc."
 90
     1024
 91
        1
280
     0
281
     0
  0
CLASS
  1
ACMDETAILSTANDARDANSI
  2
AmdtDetailSymStdANSI
  3
"Amdt_StdImp|Product Description: AutoCAD Mechanical|Company: Autodesk, Inc."
 90
     1024
 91
        1
280
     0
281
     0
  0
CLASS
  1
ACMSECTIONSTANDARDANSI
  2
AmdtSectionSymStdANSI
  3
"Amdt_StdImp|Product Description: AutoCAD Mechanical|Company: Autodesk, Inc."
 90
     1024
 91
        1
280
     0
281
     0
  0
CLASS
  1
ACMCENTERLINESTANDARDANSI
  2
AmdtCenterLineStdANSI
  3
"Amdt_StdImp|Product Description: AutoCAD Mechanical|Company: Autodesk, Inc."
 90
     1024
 91
        1
280
     0
281
     0
  0
CLASS
  1
ACMTHREADLINESTANDARDANSI
  2
AmdtThreadLineStdANSI
  3
"Amdt_StdImp|Product Description: AutoCAD Mechanical|Company: Autodesk, Inc."
 90
     1024
 91
        1
280
     0
281
     0
  0
CLASS
  1
ACMNOTESTANDARDANSI
  2
AmdtNoteStdANSI
  3
"Amdt_StdImp|Product Description: AutoCAD Mechanical|Company: Autodesk, Inc."
 90
     1024
 91
        1
280
     0
281
     0
  0
CLASS
  1
ACMTAPERSTANDARDANSI
  2
AcmTaperStdANSI
  3
"Amdt_StdImp|Product Description: AutoCAD Mechanical|Company: Autodesk, Inc."
 90
     1024
 91
        1
280
     0
281
     0
  0
CLASS
  1
ACMANOOTATIONVIEWSTANDARDANSI
  2
AmdtAnViewStdANSI
  3
"Amdt_StdImp|Product Description: AutoCAD Mechanical|Company: Autodesk, Inc."
 90
     1024
 91
        1
280
     0
281
     0
  0
CLASS
  1
ACAMGLAYSTD
  2
AcAmgLayStd
  3
"AmgLay|Product Description: AutoCAD Mechanical|Company: Autodesk, Inc."
 90
     1024
 91
        1
280
     0
281
     0
  0
CLASS
  1
ACAMGDIMSTD
  2
AcAmgDimStd
  3
"AmgDim|Product Description: AutoCAD Mechanical|Company: Autodesk, Inc."
 90
     1024
 91
        1
280
     0
281
     0
  0
CLASS
  1
AMGOBJPROPCFG
  2
AmgObjPropCfg
  3
"AmgLay|Product Description: AutoCAD Mechanical|Company: Autodesk, Inc."
 90
     1024
 91
        1
280
     0
281
     0
  0
CLASS
  1
ACAMGHOLECHARTSTDANSI
  2
AcAmgHoleChartStdANSI
  3
AmgDim|Product Description: AutoCAD Mechanical|Company: Autodesk, Inc.
 90
     1024
 91
        1
280
     0
281
     0
  0
CLASS
  1
ACAMGTITLESTD
  2
AcAmgTitleStd
  3
"AmgTitle|Product Description: AutoCAD Mechanical|Company: Autodesk, Inc."
 90
     1024
 91
        1
280
     0
281
     0
  0
CLASS
  1
ACMSECTIONSTANDARDCUSTOM
  2
AmdtSectionSymStdCustom
  3
"Amdt_StdImp|Product Description: AutoCAD Mechanical|Company: Autodesk, Inc."
 90
     1024
 91
        2
280
     0
281
     0
  0
CLASS
  1
ACMDETAILTANDARDCUSTOM
  2
AmdtDetailSymStdCustom
  3
"Amdt_StdImp|Product Description: AutoCAD Mechanical|Company: Autodesk, Inc."
 90
     1024
 91
        2
280
     0
281
     0
  0
CLASS
  1
FIELD
  2
AcDbField
  3
ObjectDBX Classes
 90
     1152
 91
        4
280
     0
281
     0
  0
CLASS
  1
FIELDLIST
  2
AcDbFieldList
  3
ObjectDBX Classes
 90
     1152
 91
        1
280
     0
281
     0
  0
CLASS
  1
AMDTNOTETEMPLATEDB
  2
AmdtNoteTemplateDB
  3
AcmSymBB|Product Description: AutoCAD Mechanical|Company: Autodesk, Inc.
 90
     1024
 91
        7
280
     0
281
     0
  0
CLASS
  1
ACAMGFILTERDAT
  2
AcAmgFilterDat
  3
"AcadM|Product Description: AutoCAD Mechanical|Company: Autodesk, Inc."
 90
     1024
 91
        6
280
     0
281
     0
  0
CLASS
  1
CAMSSTRUCTBTNSTATE
  2
StructBtnState
  3
DesignerAssemblies
 90
     1024
 91
        1
280
     0
281
     0
  0
CLASS
  1
ACARRAYJIGENTITY
  2
AcArrayJigEntity
  3
ACAD_ARRAY
 90
      129
 91
        0
280
     0
281
     1
  0
CLASS
  1
ACDBASSOCNETWORK
  2
AcDbAssocNetwork
  3
ObjectDBX Classes
 90
     1025
 91
        0
280
     0
281
     0
  0
CLASS
  1
ACDBASSOCACTION
  2
AcDbAssocAction
  3
ObjectDBX Classes
 90
     1025
 91
        0
280
     0
281
     0
  0
CLASS
  1
ACDBASSOCARRAYACTIONBODY
  2
AcDbAssocArrayActionBody
  3
ObjectDBX Classes
 90
     1025
 91
        0
280
     0
281
     0
  0
CLASS
  1
ACDBASSOCVERTEXACTIONPARAM
  2
AcDbAssocVertexActionParam
  3
ObjectDBX Classes
 90
     1025
 91
        0
280
     0
281
     0
  0
CLASS
  1
ACDBASSOCDEPENDENCY
  2
AcDbAssocDependency
  3
ObjectDBX Classes
 90
     1025
 91
        0
280
     0
281
     0
  0
CLASS
  1
ACDBASSOCARRAYPOLARPARAMETERS
  2
AcDbAssocArrayPolarParameters
  3
ObjectDBX Classes
 90
     1025
 91
        0
280
     0
281
     0
  0
CLASS
  1
BLOCKPOLARSTRETCHACTION
  2
AcDbBlockPolarStretchAction
  3
ObjectDBX Classes
 90
     1153
 91
        0
280
     0
281
     0
  0
CLASS
  1
BLOCKPOLARPARAMETER
  2
AcDbBlockPolarParameter
  3
ObjectDBX Classes
 90
     1153
 91
        0
280
     0
281
     0
  0
CLASS
  1
BLOCKPOLARGRIP
  2
AcDbBlockPolarGrip
  3
ObjectDBX Classes
 90
     1153
 91
        0
280
     0
281
     0
  0
CLASS
  1
POLARGRIPENTITY
  2
AcDbBlockPolarGripEntity
  3
ObjectDBX Classes
 90
     1025
 91
        0
280
     0
281
     1
  0
CLASS
  1
POLARPARAMETERENTITY
  2
AcDbBlockPolarParameterEntity
  3
ObjectDBX Classes
 90
     1025
 91
        0
280
     0
281
     1
  0
CLASS
  1
MULTILEADER
  2
AcDbMLeader
  3
ACDB_MLEADER_CLASS
 90
     1025
 91
        0
280
     0
281
     1
  0
CLASS
  1
ACDB_TEXTOBJECTCONTEXTDATA_CLASS
  2
AcDbTextObjectContextData
  3
ObjectDBX Classes
 90
     1153
 91
        0
280
     0
281
     0
  0
CLASS
  1
EXACTERMXREFMAP
  2
ExAcTermXrefMap
  3
EXAC_SERVICE
 90
     1025
 91
        0
280
     0
281
     0
  0
CLASS
  1
AEC_NOTIFICATION_TRACKER
  2
AecDbNotificationTracker
  3
AecBase70|Product Desc: Autodesk Architectural Desktop 2007 |Company: Autodesk,Inc. |WEB Address: www.autodesk.com
 90
      129
 91
        0
280
     0
281
     0
  0
CLASS
  1
WIPEOUTVARIABLES
  2
AcDbWipeoutVariables
  3
"WipeOut|Product Desc:     WipeOut Dbx Application|Company:          Autodesk, Inc.|WEB Address:      www.autodesk.com"
 90
        0
 91
        1
280
     0
281
     0
  0
CLASS
  1
WIPEOUT
  2
AcDbWipeout
  3
WipeOut|Product Desc: Object Enabler for WipeOut entity | Company: Autodesk, Inc. | WEB Address: www.autodesk.com
 90
     2175
 91
        2
280
     0
281
     1
  0
CLASS
  1
PDFDEFINITION
  2
AcDbPdfDefinition
  3
ObjectDBX Classes
 90
     1153
 91
        0
280
     0
281
     0
  0
CLASS
  1
PDFUNDERLAY
  2
AcDbPdfReference
  3
ObjectDBX Classes
 90
     4095
 91
        0
280
     0
281
     1
  0
CLASS
  1
ACDB_MTEXTOBJECTCONTEXTDATA_CLASS
  2
AcDbMTextObjectContextData
  3
ObjectDBX Classes
 90
     1153
 91
        0
280
     0
281
     0
  0
CLASS
  1
ACDB_HATCHSCALECONTEXTDATA_CLASS
  2
AcDbHatchScaleContextData
  3
ObjectDBX Classes
 90
     1153
 91
        0
280
     0
281
     0
  0
CLASS
  1
RAPIDRTRENDERSETTINGS
  2
AcDbRapidRTRenderSettings
  3
ObjectDBX Classes
 90
     1024
 91
        7
280
     0
281
     0
  0
CLASS
  1
SOLID_BACKGROUND
  2
AcDbSolidBackground
  3
SCENEOE
 90
     4095
 91
        0
280
     0
281
     0
  0
CLASS
  1
TABLETEMPLATE
  2
AcDbTableTemplate
  3
ObjectDBX Classes
 90
     1152
 91
        0
280
     0
281
     0
  0
CLASS
  1
AEC_VARS_DWG_SETUP
  2
AecDbVarsDwgSetup
  3
AecBase70|Product Desc: Autodesk Architectural Desktop 2007 |Company: Autodesk,Inc. |WEB Address: www.autodesk.com
 90
      129
 91
        1
280
     0
281
     0
  0
CLASS
  1
AEC_DISP_REP_SLICE
  2
AecDbDispRepSlice
  3
AecBase70|Product Desc: Autodesk Architectural Desktop 2007 |Company: Autodesk,Inc. |WEB Address: www.autodesk.com
 90
      129
 91
        1
280
     0
281
     0
  0
CLASS
  1
AEC_DISP_PROPS_SLICE
  2
AecDbDispPropsSlice
  3
AecBase70|Product Desc: Autodesk Architectural Desktop 2007 |Company: Autodesk,Inc. |WEB Address: www.autodesk.com
 90
      129
 91
        1
280
     0
281
     0
  0
CLASS
  1
AEC_DISP_REP_POLYGON_TRUECOLOUR
  2
AecDbDispRepPolygonTrueColour
  3
AecBase70|Product Desc: Autodesk Architectural Desktop 2007 |Company: Autodesk,Inc. |WEB Address: www.autodesk.com
 90
      129
 91
        1
280
     0
281
     0
  0
CLASS
  1
AEC_DISP_PROPS_POLYGON_TRUECOLOUR
  2
AecDbDispPropsPolygonTrueColour
  3
AecBase70|Product Desc: Autodesk Architectural Desktop 2007 |Company: Autodesk,Inc. |WEB Address: www.autodesk.com
 90
      129
 91
        1
280
     0
281
     0
  0
CLASS
  1
AEC_DISP_REP_POLYGON_MODEL
  2
AecDbDispRepPolygonModel
  3
AecBase70|Product Desc: Autodesk Architectural Desktop 2007 |Company: Autodesk,Inc. |WEB Address: www.autodesk.com
 90
      129
 91
        1
280
     0
281
     0
  0
CLASS
  1
AEC_DISP_PROPS_POLYGON_MODEL
  2
AecDbDispPropsPolygonModel
  3
AecBase70|Product Desc: Autodesk Architectural Desktop 2007 |Company: Autodesk,Inc. |WEB Address: www.autodesk.com
 90
      129
 91
        1
280
     0
281
     0
  0
CLASS
  1
AEC_DISP_REP_MVBLOCK_REF_MODEL
  2
AecDbDispRepMvBlockRefModel
  3
AecBase70|Product Desc: Autodesk Architectural Desktop 2007 |Company: Autodesk,Inc. |WEB Address: www.autodesk.com
 90
      129
 91
        1
280
     0
281
     0
  0
CLASS
  1
AEC_DISP_REP_MVBLOCK_REF
  2
AecDbDispRepMvBlockRef
  3
AecBase70|Product Desc: Autodesk Architectural Desktop 2007 |Company: Autodesk,Inc. |WEB Address: www.autodesk.com
 90
      129
 91
        1
280
     0
281
     0
  0
CLASS
  1
AEC_DISP_REP_CLIP_VOLUME_RESULT_SUBDIV
  2
AecDbDispRepClipVolResSubDiv
  3
AecBase70|Product Desc: Autodesk Architectural Desktop 2007 |Company: Autodesk,Inc. |WEB Address: www.autodesk.com
 90
      129
 91
        1
280
     0
281
     0
  0
CLASS
  1
AEC_DISP_PROPS_CLIP_VOLUME_RESULT
  2
AecDbDispPropsClipVolResSubDiv
  3
AecBase70|Product Desc: Autodesk Architectural Desktop 2007 |Company: Autodesk,Inc. |WEB Address: www.autodesk.com
 90
      129
 91
        2
280
     0
281
     0
  0
CLASS
  1
AEC_DISP_REP_MATERIAL
  2
AecDbDispRepMaterial
  3
AecBase70|Product Desc: Autodesk Architectural Desktop 2007 |Company: Autodesk,Inc. |WEB Address: www.autodesk.com
 90
      129
 91
        1
280
     0
281
     0
  0
CLASS
  1
AEC_DISP_PROPS_MATERIAL
  2
AecDbDispPropsMaterial
  3
AecBase70|Product Desc: Autodesk Architectural Desktop 2007 |Company: Autodesk,Inc. |WEB Address: www.autodesk.com
 90
      129
 91
        1
280
     0
281
     0
  0
CLASS
  1
AEC_DISP_REP_MASKBLOCK_REF
  2
AecDbDispRepMaskBlockRef
  3
AecBase70|Product Desc: Autodesk Architectural Desktop 2007 |Company: Autodesk,Inc. |WEB Address: www.autodesk.com
 90
      129
 91
        1
280
     0
281
     0
  0
CLASS
  1
AEC_DISP_PROPS_MASKBLOCK
  2
AecDbDispPropsMaskBlock
  3
AecBase70|Product Desc: Autodesk Architectural Desktop 2007 |Company: Autodesk,Inc. |WEB Address: www.autodesk.com
 90
      129
 91
        2
280
     0
281
     0
  0
CLASS
  1
AEC_DISP_REP_LAYOUT_GRID3D
  2
AecDbDispRepLayoutGrid3d
  3
AecBase70|Product Desc: Autodesk Architectural Desktop 2007 |Company: Autodesk,Inc. |WEB Address: www.autodesk.com
 90
      129
 91
        1
280
     0
281
     0
  0
CLASS
  1
AEC_DISP_PROPS_LAYOUT_GRID3D
  2
AecDbDispPropsLayoutGrid3d
  3
AecBase70|Product Desc: Autodesk Architectural Desktop 2007 |Company: Autodesk,Inc. |WEB Address: www.autodesk.com
 90
      129
 91
        1
280
     0
281
     0
  0
CLASS
  1
AEC_DISP_REP_LAYOUT_GRID2D
  2
AecDbDispRepLayoutGrid2d
  3
AecBase70|Product Desc: Autodesk Architectural Desktop 2007 |Company: Autodesk,Inc. |WEB Address: www.autodesk.com
 90
      129
 91
        1
280
     0
281
     0
  0
CLASS
  1
AEC_DISP_PROPS_LAYOUT_GRID2D
  2
AecDbDispPropsLayoutGrid2d
  3
AecBase70|Product Desc: Autodesk Architectural Desktop 2007 |Company: Autodesk,Inc. |WEB Address: www.autodesk.com
 90
      129
 91
       11
280
     0
281
     0
  0
CLASS
  1
AEC_DISP_REP_LAYOUT_CURVE
  2
AecDbDispRepLayoutCurve
  3
AecBase70|Product Desc: Autodesk Architectural Desktop 2007 |Company: Autodesk,Inc. |WEB Address: www.autodesk.com
 90
      129
 91
        1
280
     0
281
     0
  0
CLASS
  1
AEC_DISP_PROPS_LAYOUT_CURVE
  2
AecDbDispPropsLayoutCurve
  3
AecBase70|Product Desc: Autodesk Architectural Desktop 2007 |Company: Autodesk,Inc. |WEB Address: www.autodesk.com
 90
      129
 91
        1
280
     0
281
     0
  0
CLASS
  1
AEC_DISP_REP_ENT_REF
  2
AecDbDispRepEntRef
  3
AecBase70|Product Desc: Autodesk Architectural Desktop 2007 |Company: Autodesk,Inc. |WEB Address: www.autodesk.com
 90
      129
 91
        1
280
     0
281
     0
  0
CLASS
  1
AEC_DISP_PROPS_ENT_REF
  2
AecDbDispPropsEntRef
  3
AecBase70|Product Desc: Autodesk Architectural Desktop 2007 |Company: Autodesk,Inc. |WEB Address: www.autodesk.com
 90
      129
 91
        1
280
     0
281
     0
  0
CLASS
  1
AEC_DISP_REP_EDITINPLACEPROFILE
  2
AecDbDispRepEditInPlaceProfile
  3
AecBase70|Product Desc: Autodesk Architectural Desktop 2007 |Company: Autodesk,Inc. |WEB Address: www.autodesk.com
 90
      129
 91
        1
280
     0
281
     0
  0
CLASS
  1
AEC_DISP_PROPS_EDITINPLACEPROFILE_MODEL
  2
AecDbDispPropsEditInPlaceProfile
  3
AecBase70|Product Desc: Autodesk Architectural Desktop 2007 |Company: Autodesk,Inc. |WEB Address: www.autodesk.com
 90
      129
 91
        1
280
     0
281
     0
  0
CLASS
  1
AEC_DISP_REP_DISPLAYTHEME
  2
AecDbDispRepDisplayTheme
  3
AecBase70|Product Desc: Autodesk Architectural Desktop 2007 |Company: Autodesk,Inc. |WEB Address: www.autodesk.com
 90
      129
 91
        1
280
     0
281
     0
  0
CLASS
  1
AEC_DISP_PROPS_DISPLAYTHEME
  2
AecDbDispPropsDisplayTheme
  3
AecBase70|Product Desc: Autodesk Architectural Desktop 2007 |Company: Autodesk,Inc. |WEB Address: www.autodesk.com
 90
      129
 91
        1
280
     0
281
     0
  0
CLASS
  1
AEC_DISP_REP_CLIP_VOLUME_RESULT
  2
AecDbDispRepClipVolResult
  3
AecBase70|Product Desc: Autodesk Architectural Desktop 2007 |Company: Autodesk,Inc. |WEB Address: www.autodesk.com
 90
      129
 91
        1
280
     0
281
     0
  0
CLASS
  1
AEC_DISP_REP_ANCHOR
  2
AecDbDispRepAnchor
  3
AecBase70|Product Desc: Autodesk Architectural Desktop 2007 |Company: Autodesk,Inc. |WEB Address: www.autodesk.com
 90
      129
 91
        1
280
     0
281
     0
  0
CLASS
  1
AEC_DISP_REP_CLIP_VOLUME_PLAN
  2
AecDbDispRepClipVolPlan
  3
AecBase70|Product Desc: Autodesk Architectural Desktop 2007 |Company: Autodesk,Inc. |WEB Address: www.autodesk.com
 90
      129
 91
        1
280
     0
281
     0
  0
CLASS
  1
AEC_DISP_PROPS_CLIP_VOLUME
  2
AecDbDispPropsClipVol
  3
AecBase70|Product Desc: Autodesk Architectural Desktop 2007 |Company: Autodesk,Inc. |WEB Address: www.autodesk.com
 90
      129
 91
       12
280
     0
281
     0
  0
CLASS
  1
AEC_DISP_REP_ANCHOR_TAG_TO_ENT
  2
AecDbDispRepAnchorTagToEnt
  3
AecBase70|Product Desc: Autodesk Architectural Desktop 2007 |Company: Autodesk,Inc. |WEB Address: www.autodesk.com
 90
      129
 91
        1
280
     0
281
     0
  0
CLASS
  1
AEC_DISP_PROPS_ENT
  2
AecDbDispPropsEnt
  3
AecBase70|Product Desc: Autodesk Architectural Desktop 2007 |Company: Autodesk,Inc. |WEB Address: www.autodesk.com
 90
      129
 91
        7
280
     0
281
     0
  0
CLASS
  1
AEC_DISP_REP_CLIP_VOLUME_MODEL
  2
AecDbDispRepClipVolModel
  3
AecBase70|Product Desc: Autodesk Architectural Desktop 2007 |Company: Autodesk,Inc. |WEB Address: www.autodesk.com
 90
      129
 91
        1
280
     0
281
     0
  0
CLASS
  1
AEC_DISP_REP_2D_SECTION
  2
AecDbDispRep2dSection
  3
AecBase70|Product Desc: Autodesk Architectural Desktop 2007 |Company: Autodesk,Inc. |WEB Address: www.autodesk.com
 90
      129
 91
        1
280
     0
281
     0
  0
CLASS
  1
AEC_DISP_PROPS_2D_SECTION
  2
AecDbDispProps2dSection
  3
AecBase70|Product Desc: Autodesk Architectural Desktop 2007 |Company: Autodesk,Inc. |WEB Address: www.autodesk.com
 90
      129
 91
        1
280
     0
281
     0
  0
CLASS
  1
AEC_DISP_REP_ANCHOR_ENT_TO_NODE
  2
AecDbDispRepAnchorEntToNode
  3
AecBase70|Product Desc: Autodesk Architectural Desktop 2007 |Company: Autodesk,Inc. |WEB Address: www.autodesk.com
 90
      129
 91
        1
280
     0
281
     0
  0
CLASS
  1
AEC_DISP_REP_ANCHOR_EXT_TAG_TO_ENT
  2
AecDbDispRepAnchorExtendedTagToEnt
  3
AecBase70|Product Desc: Autodesk Architectural Desktop 2007 |Company: Autodesk,Inc. |WEB Address: www.autodesk.com
 90
      129
 91
        1
280
     0
281
     0
  0
CLASS
  1
AEC_DISP_REP_MASS_ELEM_MODEL
  2
AecDbDispRepMassElemModel
  3
AecBaseEx70|Product Desc: Autodesk Architectural Desktop 2007 |Company: Autodesk,Inc. |WEB Address: www.autodesk.com
 90
      129
 91
        1
280
     0
281
     0
  0
CLASS
  1
AEC_DISP_PROPS_MASS_ELEM_MODEL
  2
AecDbDispPropsMassElem
  3
AecBaseEx70|Product Desc: Autodesk Architectural Desktop 2007 |Company: Autodesk,Inc. |WEB Address: www.autodesk.com
 90
      129
 91
        3
280
     0
281
     0
  0
CLASS
  1
AEC_DISP_REP_MASS_ELEM_SCHEM
  2
AecDbDispRepMassElemSchem
  3
AecBaseEx70|Product Desc: Autodesk Architectural Desktop 2007 |Company: Autodesk,Inc. |WEB Address: www.autodesk.com
 90
      129
 91
        1
280
     0
281
     0
  0
CLASS
  1
AEC_DISP_REP_MASS_GROUP_MODEL
  2
AecDbDispRepMassGroupModel
  3
AecBaseEx70|Product Desc: Autodesk Architectural Desktop 2007 |Company: Autodesk,Inc. |WEB Address: www.autodesk.com
 90
      129
 91
        1
280
     0
281
     0
  0
CLASS
  1
AEC_DISP_PROPS_MASS_GROUP
  2
AecDbDispPropsMassGroup
  3
AecBaseEx70|Product Desc: Autodesk Architectural Desktop 2007 |Company: Autodesk,Inc. |WEB Address: www.autodesk.com
 90
      129
 91
        3
280
     0
281
     0
  0
CLASS
  1
AEC_DISP_REP_MASS_GROUP_PLAN
  2
AecDbDispRepMassGroupPlan
  3
AecBaseEx70|Product Desc: Autodesk Architectural Desktop 2007 |Company: Autodesk,Inc. |WEB Address: www.autodesk.com
 90
      129
 91
        1
280
     0
281
     0
  0
CLASS
  1
AEC_DISP_REP_SET
  2
AecDbDispRepSet
  3
AecBase70|Product Desc: Autodesk Architectural Desktop 2007 |Company: Autodesk,Inc. |WEB Address: www.autodesk.com
 90
      129
 91
        8
280
     0
281
     0
  0
CLASS
  1
AEC_DISP_REP_CONFIG
  2
AecDbDispRepConfig
  3
AecBase70|Product Desc: Autodesk Architectural Desktop 2007 |Company: Autodesk,Inc. |WEB Address: www.autodesk.com
 90
      129
 91
        1
280
     0
281
     0
  0
CLASS
  1
AECS_DISP_REP_MEMBER_ELEVATION_DESIGN
  2
AecsDbDispRepMemberElevationDesign
  3
AecArchBase70|Product Desc: Autodesk Architectural Desktop 2007 |Company: Autodesk,Inc. |WEB Address: www.autodesk.com
 90
      129
 91
        1
280
     0
281
     0
  0
CLASS
  1
AECS_DISP_PROPS_MEMBER_PROJECTED
  2
AecsDbDispPropsMemberProjected
  3
AecArchBase70|Product Desc: Autodesk Architectural Desktop 2007 |Company: Autodesk,Inc. |WEB Address: www.autodesk.com
 90
      129
 91
        2
280
     0
281
     0
  0
CLASS
  1
AECS_DISP_REP_MEMBER_ELEVATION_DETAIL
  2
AecsDbDispRepMemberElevationDetail
  3
AecArchBase70|Product Desc: Autodesk Architectural Desktop 2007 |Company: Autodesk,Inc. |WEB Address: www.autodesk.com
 90
      129
 91
        1
280
     0
281
     0
  0
CLASS
  1
AECS_DISP_REP_MEMBER_LOGICAL
  2
AecsDbDispRepMemberLogical
  3
AecArchBase70|Product Desc: Autodesk Architectural Desktop 2007 |Company: Autodesk,Inc. |WEB Address: www.autodesk.com
 90
      129
 91
        1
280
     0
281
     0
  0
CLASS
  1
AECS_DISP_PROPS_MEMBER_LOGICAL
  2
AecsDbDispPropsMemberLogical
  3
AecArchBase70|Product Desc: Autodesk Architectural Desktop 2007 |Company: Autodesk,Inc. |WEB Address: www.autodesk.com
 90
      129
 91
        1
280
     0
281
     0
  0
CLASS
  1
AECS_DISP_REP_MEMBER_MODEL_DESIGN
  2
AecsDbDispRepMemberModelDesign
  3
AecArchBase70|Product Desc: Autodesk Architectural Desktop 2007 |Company: Autodesk,Inc. |WEB Address: www.autodesk.com
 90
      129
 91
        1
280
     0
281
     0
  0
CLASS
  1
AECS_DISP_PROPS_MEMBER
  2
AecsDbDispPropsMember
  3
AecArchBase70|Product Desc: Autodesk Architectural Desktop 2007 |Company: Autodesk,Inc. |WEB Address: www.autodesk.com
 90
      129
 91
        2
280
     0
281
     0
  0
CLASS
  1
AECS_DISP_REP_MEMBER_MODEL_DETAIL
  2
AecsDbDispRepMemberModelDetail
  3
AecArchBase70|Product Desc: Autodesk Architectural Desktop 2007 |Company: Autodesk,Inc. |WEB Address: www.autodesk.com
 90
      129
 91
        1
280
     0
281
     0
  0
CLASS
  1
AECS_DISP_REP_MEMBER_PLAN_DESIGN
  2
AecsDbDispRepMemberPlanDesign
  3
AecArchBase70|Product Desc: Autodesk Architectural Desktop 2007 |Company: Autodesk,Inc. |WEB Address: www.autodesk.com
 90
      129
 91
        1
280
     0
281
     0
  0
CLASS
  1
AECS_DISP_PROPS_MEMBER_PLAN
  2
AecsDbDispPropsMemberPlan
  3
AecArchBase70|Product Desc: Autodesk Architectural Desktop 2007 |Company: Autodesk,Inc. |WEB Address: www.autodesk.com
 90
      129
 91
        2
280
     0
281
     0
  0
CLASS
  1
AECS_DISP_REP_MEMBER_PLAN_DETAIL
  2
AecsDbDispRepMemberPlanDetail
  3
AecArchBase70|Product Desc: Autodesk Architectural Desktop 2007 |Company: Autodesk,Inc. |WEB Address: www.autodesk.com
 90
      129
 91
        1
280
     0
281
     0
  0
CLASS
  1
AECS_DISP_REP_MEMBER_PLAN_SKETCH
  2
AecsDbDispRepMemberPlanSketch
  3
AecArchBase70|Product Desc: Autodesk Architectural Desktop 2007 |Company: Autodesk,Inc. |WEB Address: www.autodesk.com
 90
      129
 91
        1
280
     0
281
     0
  0
CLASS
  1
AECS_DISP_PROPS_MEMBER_PLAN_SKETCH
  2
AecsDbDispPropsMemberPlanSketch
  3
AecArchBase70|Product Desc: Autodesk Architectural Desktop 2007 |Company: Autodesk,Inc. |WEB Address: www.autodesk.com
 90
      129
 91
        1
280
     0
281
     0
  0
CLASS
  1
AEC_AECDBDISPREPBDGSECTIONLINEPLAN100
  2
AecDbDispRepBdgSectionLinePlan100
  3
AecArchBase70|Product Desc: Autodesk Architectural Desktop 2007 |Company: Autodesk,Inc. |WEB Address: www.autodesk.com
 90
      129
 91
        1
280
     0
281
     0
  0
CLASS
  1
AEC_DISP_REP_CEILING_GRID
  2
AecDbDispRepCeilingGrid
  3
AecArchBase70|Product Desc: Autodesk Architectural Desktop 2007 |Company: Autodesk,Inc. |WEB Address: www.autodesk.com
 90
      893
 91
        1
280
     0
281
     0
  0
CLASS
  1
AEC_DISP_REP_SCHEDULE_TABLE
  2
AecDbDispRepScheduleTable
  3
AecSchedule70|Product Desc: Autodesk Architectural Desktop 2007 |Company: Autodesk,Inc. |WEB Address: www.autodesk.com
 90
      129
 91
        1
280
     0
281
     0
  0
CLASS
  1
AEC_DISP_PROPS_SCHEDULE_TABLE
  2
AecDbDispPropsScheduleTable
  3
AecSchedule70|Product Desc: Autodesk Architectural Desktop 2007 |Company: Autodesk,Inc. |WEB Address: www.autodesk.com
 90
      129
 91
        1
280
     0
281
     0
  0
CLASS
  1
AEC_DISP_REP_BDG_SECTIONLINE_PLAN
  2
AecDbDispRepBdgElevLinePlan
  3
AecArchBase70|Product Desc: Autodesk Architectural Desktop 2007 |Company: Autodesk,Inc. |WEB Address: www.autodesk.com
 90
      129
 91
        1
280
     0
281
     0
  0
CLASS
  1
AEC_AECDBDISPREPBDGELEVLINEPLAN100
  2
AecDbDispRepBdgElevLinePlan100
  3
AecArchBase70|Product Desc: Autodesk Architectural Desktop 2007 |Company: Autodesk,Inc. |WEB Address: www.autodesk.com
 90
      129
 91
        1
280
     0
281
     0
  0
CLASS
  1
AEC_DISP_REP_BDG_SECTIONLINE_PLAN
  2
AecDbDispRepBdgSectionLinePlan
  3
AecArchBase70|Product Desc: Autodesk Architectural Desktop 2007 |Company: Autodesk,Inc. |WEB Address: www.autodesk.com
 90
      129
 91
        1
280
     0
281
     0
  0
CLASS
  1
AEC_AECDBDISPREPCEILINGGRIDPLAN100
  2
AecDbDispRepCeilingGridPlan100
  3
AecArchBase70|Product Desc: Autodesk Architectural Desktop 2007 |Company: Autodesk,Inc. |WEB Address: www.autodesk.com
 90
      129
 91
        1
280
     0
281
     0
  0
CLASS
  1
AEC_DISP_REP_COLUMN_GRID
  2
AecDbDispRepColumnGrid
  3
AecArchBase70|Product Desc: Autodesk Architectural Desktop 2007 |Company: Autodesk,Inc. |WEB Address: www.autodesk.com
 90
      129
 91
        1
280
     0
281
     0
  0
CLASS
  1
AEC_AECDBDISPREPCOLUMNGRIDPLAN100
  2
AecDbDispRepColumnGridPlan100
  3
AecArchBase70|Product Desc: Autodesk Architectural Desktop 2007 |Company: Autodesk,Inc. |WEB Address: www.autodesk.com
 90
      129
 91
        1
280
     0
281
     0
  0
CLASS
  1
AEC_DISP_REP_CURTAIN_WALL_LAYOUT_PLAN
  2
AecDbDispRepCurtainWallLayoutPlan
  3
AecArchBase70|Product Desc: Autodesk Architectural Desktop 2007 |Company: Autodesk,Inc. |WEB Address: www.autodesk.com
 90
      129
 91
        1
280
     0
281
     0
  0
CLASS
  1
AEC_DISP_PROPS_GRID_ASSEMBLY_PLAN
  2
AecDbDispPropsGridAssemblyPlan
  3
AecArchBase70|Product Desc: Autodesk Architectural Desktop 2007 |Company: Autodesk,Inc. |WEB Address: www.autodesk.com
 90
      129
 91
        9
280
     0
281
     0
  0
CLASS
  1
AEC_AECDBDISPREPCURTAINWALLLAYOUTPLAN100
  2
AecDbDispRepCurtainWallLayoutPlan100
  3
AecArchBase70|Product Desc: Autodesk Architectural Desktop 2007 |Company: Autodesk,Inc. |WEB Address: www.autodesk.com
 90
      129
 91
        1
280
     0
281
     0
  0
CLASS
  1
AEC_DISP_REP_CURTAIN_WALL_UNIT_PLAN
  2
AecDbDispRepCurtainWallUnitPlan
  3
AecArchBase70|Product Desc: Autodesk Architectural Desktop 2007 |Company: Autodesk,Inc. |WEB Address: www.autodesk.com
 90
      129
 91
        1
280
     0
281
     0
  0
CLASS
  1
AEC_AECDBDISPREPCURTAINWALLUNITPLAN100
  2
AecDbDispRepCurtainWallUnitPlan100
  3
AecArchBase70|Product Desc: Autodesk Architectural Desktop 2007 |Company: Autodesk,Inc. |WEB Address: www.autodesk.com
 90
      129
 91
        1
280
     0
281
     0
  0
CLASS
  1
AEC_AECDBDISPREPMVBLOCKREFPLAN100
  2
AecDbDispRepMvBlockRefPlan100
  3
AecArchBase70|Product Desc: Autodesk Architectural Desktop 2007 |Company: Autodesk,Inc. |WEB Address: www.autodesk.com
 90
      129
 91
        1
280
     0
281
     0
  0
CLASS
  1
AEC_DISP_REP_ROOF_PLAN
  2
AecDbDispRepRoofPlan
  3
AecArchBase70|Product Desc: Autodesk Architectural Desktop 2007 |Company: Autodesk,Inc. |WEB Address: www.autodesk.com
 90
      129
 91
        1
280
     0
281
     0
  0
CLASS
  1
AEC_DISP_PROPS_ROOF
  2
AecDbDispPropsRoof
  3
AecArchBase70|Product Desc: Autodesk Architectural Desktop 2007 |Company: Autodesk,Inc. |WEB Address: www.autodesk.com
 90
      129
 91
        5
280
     0
281
     0
  0
CLASS
  1
AEC_AECDBDISPREPROOFPLAN100
  2
AecDbDispRepRoofPlan100
  3
AecArchBase70|Product Desc: Autodesk Architectural Desktop 2007 |Company: Autodesk,Inc. |WEB Address: www.autodesk.com
 90
      129
 91
        1
280
     0
281
     0
  0
CLASS
  1
AEC_DISP_REP_SLAB_PLAN
  2
AecDbDispRepSlabPlan
  3
AecArchBase70|Product Desc: Autodesk Architectural Desktop 2007 |Company: Autodesk,Inc. |WEB Address: www.autodesk.com
 90
      129
 91
        1
280
     0
281
     0
  0
CLASS
  1
AEC_DISP_PROPS_SLAB_PLAN
  2
AecDbDispPropsSlabPlan
  3
AecArchBase70|Product Desc: Autodesk Architectural Desktop 2007 |Company: Autodesk,Inc. |WEB Address: www.autodesk.com
 90
      129
 91
        3
280
     0
281
     0
  0
CLASS
  1
AEC_DISP_REP_ROOFSLAB_PLAN
  2
AecDbDispRepRoofSlabPlan
  3
AecArchBase70|Product Desc: Autodesk Architectural Desktop 2007 |Company: Autodesk,Inc. |WEB Address: www.autodesk.com
 90
      129
 91
        1
280
     0
281
     0
  0
CLASS
  1
AEC_DISP_PROPS_ROOFSLAB_PLAN
  2
AecDbDispPropsRoofSlabPlan
  3
AecArchBase70|Product Desc: Autodesk Architectural Desktop 2007 |Company: Autodesk,Inc. |WEB Address: www.autodesk.com
 90
      129
 91
        3
280
     0
281
     0
  0
CLASS
  1
AEC_AECDBDISPREPROOFSLABPLAN100
  2
AecDbDispRepRoofSlabPlan100
  3
AecArchBase70|Product Desc: Autodesk Architectural Desktop 2007 |Company: Autodesk,Inc. |WEB Address: www.autodesk.com
 90
      129
 91
        1
280
     0
281
     0
  0
CLASS
  1
AEC_AECDBDISPREPSLABPLAN100
  2
AecDbDispRepSlabPlan100
  3
AecArchBase70|Product Desc: Autodesk Architectural Desktop 2007 |Company: Autodesk,Inc. |WEB Address: www.autodesk.com
 90
      129
 91
        1
280
     0
281
     0
  0
CLASS
  1
AEC_DISP_REP_SPACE_PLAN
  2
AecDbDispRepSpacePlan
  3
AecArchBase70|Product Desc: Autodesk Architectural Desktop 2007 |Company: Autodesk,Inc. |WEB Address: www.autodesk.com
 90
      129
 91
        1
280
     0
281
     0
  0
CLASS
  1
AEC_DISP_PROPS_SPACE_PLAN
  2
AecDbDispPropsSpacePlan
  3
AecArchBase70|Product Desc: Autodesk Architectural Desktop 2007 |Company: Autodesk,Inc. |WEB Address: www.autodesk.com
 90
      129
 91
        4
280
     0
281
     0
  0
CLASS
  1
AEC_AECDBDISPREPSPACEPLAN100
  2
AecDbDispRepSpacePlan100
  3
AecArchBase70|Product Desc: Autodesk Architectural Desktop 2007 |Company: Autodesk,Inc. |WEB Address: www.autodesk.com
 90
      129
 91
        1
280
     0
281
     0
  0
CLASS
  1
AEC_DISP_REP_WALL_PLAN
  2
AecDbDispRepWallPlan
  3
AecArchBase70|Product Desc: Autodesk Architectural Desktop 2007 |Company: Autodesk,Inc. |WEB Address: www.autodesk.com
 90
      129
 91
        1
280
     0
281
     0
  0
CLASS
  1
AEC_DISP_PROPS_WALL_PLAN
  2
AecDbDispPropsWallPlan
  3
AecArchBase70|Product Desc: Autodesk Architectural Desktop 2007 |Company: Autodesk,Inc. |WEB Address: www.autodesk.com
 90
      129
 91
        4
280
     0
281
     0
  0
CLASS
  1
AEC_AECDBDISPREPWALLPLAN100
  2
AecDbDispRepWallPlan100
  3
AecArchBase70|Product Desc: Autodesk Architectural Desktop 2007 |Company: Autodesk,Inc. |WEB Address: www.autodesk.com
 90
      129
 91
        1
280
     0
281
     0
  0
CLASS
  1
AEC_DISP_REP_WINDOW_ASSEMBLY_PLAN
  2
AecDbDispRepWindowAssemblyPlan
  3
AecArchBase70|Product Desc: Autodesk Architectural Desktop 2007 |Company: Autodesk,Inc. |WEB Address: www.autodesk.com
 90
      129
 91
        1
280
     0
281
     0
  0
CLASS
  1
AEC_AECDBDISPREPWINDOWASSEMBLYPLAN100
  2
AecDbDispRepWindowAssemblyPlan100
  3
AecArchBase70|Product Desc: Autodesk Architectural Desktop 2007 |Company: Autodesk,Inc. |WEB Address: www.autodesk.com
 90
      129
 91
        1
280
     0
281
     0
  0
CLASS
  1
AEC_DISP_REP_ZONE
  2
AecDbDispRepZone
  3
AecArchBase70|Product Desc: Autodesk Architectural Desktop 2007 |Company: Autodesk,Inc. |WEB Address: www.autodesk.com
 90
      129
 91
        1
280
     0
281
     0
  0
CLASS
  1
AEC_DISP_PROPS_ZONE
  2
AecDbDispPropsZone
  3
AecArchBase70|Product Desc: Autodesk Architectural Desktop 2007 |Company: Autodesk,Inc. |WEB Address: www.autodesk.com
 90
      129
 91
        3
280
     0
281
     0
  0
CLASS
  1
AEC_AECDBDISPREPZONE100
  2
AecDbDispRepZonePlan100
  3
AecArchBase70|Product Desc: Autodesk Architectural Desktop 2007 |Company: Autodesk,Inc. |WEB Address: www.autodesk.com
 90
      129
 91
        1
280
     0
281
     0
  0
CLASS
  1
AEC_AECDBDISPREPBDGELEVLINEPLAN50
  2
AecDbDispRepBdgElevLinePlan50
  3
AecArchBase70|Product Desc: Autodesk Architectural Desktop 2007 |Company: Autodesk,Inc. |WEB Address: www.autodesk.com
 90
      129
 91
        1
280
     0
281
     0
  0
CLASS
  1
AEC_AECDBDISPREPBDGSECTIONLINEPLAN50
  2
AecDbDispRepBdgSectionLinePlan50
  3
AecArchBase70|Product Desc: Autodesk Architectural Desktop 2007 |Company: Autodesk,Inc. |WEB Address: www.autodesk.com
 90
      129
 91
        1
280
     0
281
     0
  0
CLASS
  1
AEC_AECDBDISPREPCEILINGGRIDPLAN50
  2
AecDbDispRepCeilingGridPlan50
  3
AecArchBase70|Product Desc: Autodesk Architectural Desktop 2007 |Company: Autodesk,Inc. |WEB Address: www.autodesk.com
 90
      129
 91
        1
280
     0
281
     0
  0
CLASS
  1
AEC_AECDBDISPREPCOLUMNGRIDPLAN50
  2
AecDbDispRepColumnGridPlan50
  3
AecArchBase70|Product Desc: Autodesk Architectural Desktop 2007 |Company: Autodesk,Inc. |WEB Address: www.autodesk.com
 90
      129
 91
        1
280
     0
281
     0
  0
CLASS
  1
AEC_AECDBDISPREPCURTAINWALLLAYOUTPLAN50
  2
AecDbDispRepCurtainWallLayoutPlan50
  3
AecArchBase70|Product Desc: Autodesk Architectural Desktop 2007 |Company: Autodesk,Inc. |WEB Address: www.autodesk.com
 90
      129
 91
        1
280
     0
281
     0
  0
CLASS
  1
AEC_AECDBDISPREPCURTAINWALLUNITPLAN50
  2
AecDbDispRepCurtainWallUnitPlan50
  3
AecArchBase70|Product Desc: Autodesk Architectural Desktop 2007 |Company: Autodesk,Inc. |WEB Address: www.autodesk.com
 90
      129
 91
        1
280
     0
281
     0
  0
CLASS
  1
AEC_AECDBDISPREPMVBLOCKREFPLAN50
  2
AecDbDispRepMvBlockRefPlan50
  3
AecArchBase70|Product Desc: Autodesk Architectural Desktop 2007 |Company: Autodesk,Inc. |WEB Address: www.autodesk.com
 90
      129
 91
        1
280
     0
281
     0
  0
CLASS
  1
AEC_AECDBDISPREPROOFPLAN50
  2
AecDbDispRepRoofPlan50
  3
AecArchBase70|Product Desc: Autodesk Architectural Desktop 2007 |Company: Autodesk,Inc. |WEB Address: www.autodesk.com
 90
      129
 91
        1
280
     0
281
     0
  0
CLASS
  1
AEC_AECDBDISPREPROOFSLABPLAN50
  2
AecDbDispRepRoofSlabPlan50
  3
AecArchBase70|Product Desc: Autodesk Architectural Desktop 2007 |Company: Autodesk,Inc. |WEB Address: www.autodesk.com
 90
      129
 91
        1
280
     0
281
     0
  0
CLASS
  1
AEC_AECDBDISPREPSLABPLAN50
  2
AecDbDispRepSlabPlan50
  3
AecArchBase70|Product Desc: Autodesk Architectural Desktop 2007 |Company: Autodesk,Inc. |WEB Address: www.autodesk.com
 90
      129
 91
        1
280
     0
281
     0
  0
CLASS
  1
AEC_AECDBDISPREPSPACEPLAN50
  2
AecDbDispRepSpacePlan50
  3
AecArchBase70|Product Desc: Autodesk Architectural Desktop 2007 |Company: Autodesk,Inc. |WEB Address: www.autodesk.com
 90
      129
 91
        1
280
     0
281
     0
  0
CLASS
  1
AEC_AECDBDISPREPWALLPLAN50
  2
AecDbDispRepWallPlan50
  3
AecArchBase70|Product Desc: Autodesk Architectural Desktop 2007 |Company: Autodesk,Inc. |WEB Address: www.autodesk.com
 90
      129
 91
        1
280
     0
281
     0
  0
CLASS
  1
AEC_AECDBDISPREPWINDOWASSEMBLYPLAN50
  2
AecDbDispRepWindowAssemblyPlan50
  3
AecArchBase70|Product Desc: Autodesk Architectural Desktop 2007 |Company: Autodesk,Inc. |WEB Address: www.autodesk.com
 90
      129
 91
        1
280
     0
281
     0
  0
CLASS
  1
AEC_AECDBDISPREPZONE50
  2
AecDbDispRepZonePlan50
  3
AecArchBase70|Product Desc: Autodesk Architectural Desktop 2007 |Company: Autodesk,Inc. |WEB Address: www.autodesk.com
 90
      129
 91
        1
280
     0
281
     0
  0
CLASS
  1
AEC_DISP_REP_ANCHOR_BUB_TO_GRID
  2
AecDbDispRepAnchorBubToGrid
  3
AecArchBase70|Product Desc: Autodesk Architectural Desktop 2007 |Company: Autodesk,Inc. |WEB Address: www.autodesk.com
 90
      129
 91
        1
280
     0
281
     0
  0
CLASS
  1
AEC_DISP_REP_ANCHOR_BUB_TO_GRID_MODEL
  2
AecDbDispRepAnchorBubToGridMdl
  3
AecArchBase70|Product Desc: Autodesk Architectural Desktop 2007 |Company: Autodesk,Inc. |WEB Address: www.autodesk.com
 90
      129
 91
        1
280
     0
281
     0
  0
CLASS
  1
AEC_DISP_REP_ANCHOR_BUB_TO_GRID_RCP
  2
AecDbDispRepAnchorBubToGridRcp
  3
AecArchBase70|Product Desc: Autodesk Architectural Desktop 2007 |Company: Autodesk,Inc. |WEB Address: www.autodesk.com
 90
      129
 91
        1
280
     0
281
     0
  0
CLASS
  1
AEC_DISP_REP_BDG_ELEVLINE_MODEL
  2
AecDbDispRepBdgElevLineModel
  3
AecArchBase70|Product Desc: Autodesk Architectural Desktop 2007 |Company: Autodesk,Inc. |WEB Address: www.autodesk.com
 90
      129
 91
        1
280
     0
281
     0
  0
CLASS
  1
AEC_DISP_REP_BDG_ELEVLINE_RCP
  2
AecDbDispRepBdgElevLineRcp
  3
AecArchBase70|Product Desc: Autodesk Architectural Desktop 2007 |Company: Autodesk,Inc. |WEB Address: www.autodesk.com
 90
      129
 91
        1
280
     0
281
     0
  0
CLASS
  1
AEC_DISP_REP_BDG_SECTIONLINE_MODEL
  2
AecDbDispRepBdgSectionLineModel
  3
AecArchBase70|Product Desc: Autodesk Architectural Desktop 2007 |Company: Autodesk,Inc. |WEB Address: www.autodesk.com
 90
      129
 91
        1
280
     0
281
     0
  0
CLASS
  1
AEC_DISP_REP_BDG_SECTIONLINE_RCP
  2
AecDbDispRepBdgSectionLineRcp
  3
AecArchBase70|Product Desc: Autodesk Architectural Desktop 2007 |Company: Autodesk,Inc. |WEB Address: www.autodesk.com
 90
      129
 91
        1
280
     0
281
     0
  0
CLASS
  1
AEC_DISP_REP_BDG_SECTION_MODEL
  2
AecDbDispRepBdgSectionModel
  3
AecArchBase70|Product Desc: Autodesk Architectural Desktop 2007 |Company: Autodesk,Inc. |WEB Address: www.autodesk.com
 90
      129
 91
        1
280
     0
281
     0
  0
CLASS
  1
AEC_DISP_REP_BDG_SECTION_SUBDIV
  2
AecDbDispRepBdgSectionSubDiv
  3
AecArchBase70|Product Desc: Autodesk Architectural Desktop 2007 |Company: Autodesk,Inc. |WEB Address: www.autodesk.com
 90
      129
 91
        1
280
     0
281
     0
  0
CLASS
  1
AEC_DISP_REP_CEILING_GRID_MODEL
  2
AecDbDispRepCeilingGridModel
  3
AecArchBase70|Product Desc: Autodesk Architectural Desktop 2007 |Company: Autodesk,Inc. |WEB Address: www.autodesk.com
 90
      129
 91
        1
280
     0
281
     0
  0
CLASS
  1
AEC_DISP_REP_CEILING_GRID_RCP
  2
AecDbDispRepCeilingGridRcp
  3
AecArchBase70|Product Desc: Autodesk Architectural Desktop 2007 |Company: Autodesk,Inc. |WEB Address: www.autodesk.com
 90
      129
 91
        1
280
     0
281
     0
  0
CLASS
  1
AEC_DISP_REP_COLUMN_GRID_MODEL
  2
AecDbDispRepColumnGridModel
  3
AecArchBase70|Product Desc: Autodesk Architectural Desktop 2007 |Company: Autodesk,Inc. |WEB Address: www.autodesk.com
 90
      129
 91
        1
280
     0
281
     0
  0
CLASS
  1
AEC_DISP_REP_COLUMN_GRID_RCP
  2
AecDbDispRepColumnGridRcp
  3
AecArchBase70|Product Desc: Autodesk Architectural Desktop 2007 |Company: Autodesk,Inc. |WEB Address: www.autodesk.com
 90
      129
 91
        1
280
     0
281
     0
  0
CLASS
  1
AEC_DISP_REP_CURTAIN_WALL_LAYOUT_MODEL
  2
AecDbDispRepCurtainWallLayoutModel
  3
AecArchBase70|Product Desc: Autodesk Architectural Desktop 2007 |Company: Autodesk,Inc. |WEB Address: www.autodesk.com
 90
      129
 91
        1
280
     0
281
     0
  0
CLASS
  1
AEC_DISP_PROPS_GRID_ASSEMBLY_MODEL
  2
AecDbDispPropsGridAssemblyModel
  3
AecArchBase70|Product Desc: Autodesk Architectural Desktop 2007 |Company: Autodesk,Inc. |WEB Address: www.autodesk.com
 90
      129
 91
        3
280
     0
281
     0
  0
CLASS
  1
AEC_DISP_REP_CURTAIN_WALL_UNIT_MODEL
  2
AecDbDispRepCurtainWallUnitModel
  3
AecArchBase70|Product Desc: Autodesk Architectural Desktop 2007 |Company: Autodesk,Inc. |WEB Address: www.autodesk.com
 90
      129
 91
        1
280
     0
281
     0
  0
CLASS
  1
AEC_DB_DISP_REP_DIM_GROUP_PLAN100
  2
AecDbDispRepDimGroupPlan100
  3
AecArchBase70|Product Desc: Autodesk Architectural Desktop 2007 |Company: Autodesk,Inc. |WEB Address: www.autodesk.com
 90
      129
 91
        1
280
     0
281
     0
  0
CLASS
  1
AEC_DISP_PROPS_DIM
  2
AecDbDispPropsDimGroup
  3
AecArchBase70|Product Desc: Autodesk Architectural Desktop 2007 |Company: Autodesk,Inc. |WEB Address: www.autodesk.com
 90
      129
 91
        3
280
     0
281
     0
  0
CLASS
  1
AEC_DB_DISP_REP_DIM_GROUP_PLAN50
  2
AecDbDispRepDimGroupPlan50
  3
AecArchBase70|Product Desc: Autodesk Architectural Desktop 2007 |Company: Autodesk,Inc. |WEB Address: www.autodesk.com
 90
      129
 91
        1
280
     0
281
     0
  0
CLASS
  1
AEC_DB_DISP_REP_DIM_GROUP_PLAN
  2
AecDbDispRepDimGroupPlan
  3
AecArchBase70|Product Desc: Autodesk Architectural Desktop 2007 |Company: Autodesk,Inc. |WEB Address: www.autodesk.com
 90
      129
 91
        1
280
     0
281
     0
  0
CLASS
  1
AEC_DISP_REP_DOOR_MODEL
  2
AecDbDispRepDoorModel
  3
AecArchBase70|Product Desc: Autodesk Architectural Desktop 2007 |Company: Autodesk,Inc. |WEB Address: www.autodesk.com
 90
      129
 91
        1
280
     0
281
     0
  0
CLASS
  1
AEC_DISP_PROPS_DOOR
  2
AecDbDispPropsDoor
  3
AecArchBase70|Product Desc: Autodesk Architectural Desktop 2007 |Company: Autodesk,Inc. |WEB Address: www.autodesk.com
 90
      129
 91
        4
280
     0
281
     0
  0
CLASS
  1
AEC_DISP_REP_DOOR_ELEV
  2
AecDbDispRepDoorElev
  3
AecArchBase70|Product Desc: Autodesk Architectural Desktop 2007 |Company: Autodesk,Inc. |WEB Address: www.autodesk.com
 90
      129
 91
        1
280
     0
281
     0
  0
CLASS
  1
AEC_DISP_REP_DOOR_PLAN
  2
AecDbDispRepDoorPlan
  3
AecArchBase70|Product Desc: Autodesk Architectural Desktop 2007 |Company: Autodesk,Inc. |WEB Address: www.autodesk.com
 90
      129
 91
        1
280
     0
281
     0
  0
CLASS
  1
AEC_DISP_REP_DOOR_NOMINAL
  2
AecDbDispRepDoorNominal
  3
AecArchBase70|Product Desc: Autodesk Architectural Desktop 2007 |Company: Autodesk,Inc. |WEB Address: www.autodesk.com
 90
      129
 91
        1
280
     0
281
     0
  0
CLASS
  1
AEC_DISP_PROPS_DOOR_NOMINAL
  2
AecDbDispPropsDoorNominal
  3
AecArchBase70|Product Desc: Autodesk Architectural Desktop 2007 |Company: Autodesk,Inc. |WEB Address: www.autodesk.com
 90
      129
 91
        1
280
     0
281
     0
  0
CLASS
  1
AEC_DISP_REP_DOOR_PLAN_50
  2
AecDbDispRepDoorPlan50
  3
AecArchBase70|Product Desc: Autodesk Architectural Desktop 2007 |Company: Autodesk,Inc. |WEB Address: www.autodesk.com
 90
      129
 91
        1
280
     0
281
     0
  0
CLASS
  1
AEC_DISP_PROPS_DOOR_PLAN_50
  2
AecDbDispPropsDoorPlan50
  3
AecArchBase70|Product Desc: Autodesk Architectural Desktop 2007 |Company: Autodesk,Inc. |WEB Address: www.autodesk.com
 90
      129
 91
        1
280
     0
281
     0
  0
CLASS
  1
AEC_DISP_REP_DOOR_PLAN_HEKTO
  2
AecDbDispRepDoorPlanHekto
  3
AecArchBase70|Product Desc: Autodesk Architectural Desktop 2007 |Company: Autodesk,Inc. |WEB Address: www.autodesk.com
 90
      129
 91
        1
280
     0
281
     0
  0
CLASS
  1
AEC_DISP_PROPS_DOOR_PLAN_100
  2
AecDbDispPropsDoorPlan100
  3
AecArchBase70|Product Desc: Autodesk Architectural Desktop 2007 |Company: Autodesk,Inc. |WEB Address: www.autodesk.com
 90
      129
 91
        1
280
     0
281
     0
  0
CLASS
  1
AEC_DISP_REP_DOOR_RCP
  2
AecDbDispRepDoorRcp
  3
AecArchBase70|Product Desc: Autodesk Architectural Desktop 2007 |Company: Autodesk,Inc. |WEB Address: www.autodesk.com
 90
      129
 91
        1
280
     0
281
     0
  0
CLASS
  1
AEC_DISP_REP_DOOR_THRESHOLD_PLAN
  2
AecDbDispRepDoorThresholdPlan
  3
AecArchBase70|Product Desc: Autodesk Architectural Desktop 2007 |Company: Autodesk,Inc. |WEB Address: www.autodesk.com
 90
      129
 91
        1
280
     0
281
     0
  0
CLASS
  1
AEC_DISP_PROPS_DOOR_THRESHOLD_PLAN
  2
AecDbDispPropsDoorThresholdPlan
  3
AecArchBase70|Product Desc: Autodesk Architectural Desktop 2007 |Company: Autodesk,Inc. |WEB Address: www.autodesk.com
 90
      129
 91
        1
280
     0
281
     0
  0
CLASS
  1
AEC_DISP_REP_DOOR_THRESHOLD_SYMBOL_PLAN
  2
AecDbDispRepDoorThresholdSymbolPlan
  3
AecArchBase70|Product Desc: Autodesk Architectural Desktop 2007 |Company: Autodesk,Inc. |WEB Address: www.autodesk.com
 90
      129
 91
        1
280
     0
281
     0
  0
CLASS
  1
AEC_DISP_PROPS_DOOR_THRESHOLD_SYMBOL_PLAN
  2
AecDbDispPropsDoorThresholdSymbolPlan
  3
AecArchBase70|Product Desc: Autodesk Architectural Desktop 2007 |Company: Autodesk,Inc. |WEB Address: www.autodesk.com
 90
      129
 91
        1
280
     0
281
     0
  0
CLASS
  1
AEC_DISP_REP_MASKBLOCK_REF_RCP
  2
AecDbDispRepMaskBlockRefRcp
  3
AecArchBase70|Product Desc: Autodesk Architectural Desktop 2007 |Company: Autodesk,Inc. |WEB Address: www.autodesk.com
 90
      129
 91
        1
280
     0
281
     0
  0
CLASS
  1
AEC_DISPREPAECDBDISPREPMASSELEMPLAN100
  2
AecDbDispRepMassElemPlan100
  3
AecArchBase70|Product Desc: Autodesk Architectural Desktop 2007 |Company: Autodesk,Inc. |WEB Address: www.autodesk.com
 90
      129
 91
        1
280
     0
281
     0
  0
CLASS
  1
AEC_DISPROPSMASSELEMPLANCOMMON
  2
AecDbDispPropsMassElemPlanCommon
  3
AecArchBase70|Product Desc: Autodesk Architectural Desktop 2007 |Company: Autodesk,Inc. |WEB Address: www.autodesk.com
 90
      129
 91
        2
280
     0
281
     0
  0
CLASS
  1
AEC_DISPREPAECDBDISPREPMASSELEMPLAN50
  2
AecDbDispRepMassElemPlan50
  3
AecArchBase70|Product Desc: Autodesk Architectural Desktop 2007 |Company: Autodesk,Inc. |WEB Address: www.autodesk.com
 90
      129
 91
        1
280
     0
281
     0
  0
CLASS
  1
AEC_DISP_REP_MASS_ELEM_RCP
  2
AecDbDispRepMassElemRcp
  3
AecArchBase70|Product Desc: Autodesk Architectural Desktop 2007 |Company: Autodesk,Inc. |WEB Address: www.autodesk.com
 90
      129
 91
        1
280
     0
281
     0
  0
CLASS
  1
AEC_DISPREPAECDBDISPREPMASSGROUPPLAN100
  2
AecDbDispRepMassGroupPlan100
  3
AecArchBase70|Product Desc: Autodesk Architectural Desktop 2007 |Company: Autodesk,Inc. |WEB Address: www.autodesk.com
 90
      129
 91
        1
280
     0
281
     0
  0
CLASS
  1
AEC_DISPROPSMASSGROUPPLANCOMMON
  2
AecDbDispPropsMassGroupPlanCommon
  3
AecArchBase70|Product Desc: Autodesk Architectural Desktop 2007 |Company: Autodesk,Inc. |WEB Address: www.autodesk.com
 90
      129
 91
        2
280
     0
281
     0
  0
CLASS
  1
AEC_DISPREPAECDBDISPREPMASSGROUPPLAN50
  2
AecDbDispRepMassGroupPlan50
  3
AecArchBase70|Product Desc: Autodesk Architectural Desktop 2007 |Company: Autodesk,Inc. |WEB Address: www.autodesk.com
 90
      129
 91
        1
280
     0
281
     0
  0
CLASS
  1
AEC_DISP_REP_MASS_GROUP_RCP
  2
AecDbDispRepMassGroupRcp
  3
AecArchBase70|Product Desc: Autodesk Architectural Desktop 2007 |Company: Autodesk,Inc. |WEB Address: www.autodesk.com
 90
      129
 91
        1
280
     0
281
     0
  0
CLASS
  1
AEC_DISP_REP_MVBLOCK_REF_RCP
  2
AecDbDispRepMvBlockRefRcp
  3
AecArchBase70|Product Desc: Autodesk Architectural Desktop 2007 |Company: Autodesk,Inc. |WEB Address: www.autodesk.com
 90
      129
 91
        1
280
     0
281
     0
  0
CLASS
  1
AEC_DISP_REP_OPENING
  2
AecDbDispRepOpening
  3
AecArchBase70|Product Desc: Autodesk Architectural Desktop 2007 |Company: Autodesk,Inc. |WEB Address: www.autodesk.com
 90
      129
 91
        1
280
     0
281
     0
  0
CLASS
  1
AEC_DISP_PROPS_OPENING
  2
AecDbDispPropsOpening
  3
AecArchBase70|Product Desc: Autodesk Architectural Desktop 2007 |Company: Autodesk,Inc. |WEB Address: www.autodesk.com
 90
      129
 91
        2
280
     0
281
     0
  0
CLASS
  1
AEC_DISP_REP_OPENING_MODEL
  2
AecDbDispRepOpeningModel
  3
AecArchBase70|Product Desc: Autodesk Architectural Desktop 2007 |Company: Autodesk,Inc. |WEB Address: www.autodesk.com
 90
      129
 91
        1
280
     0
281
     0
  0
CLASS
  1
AEC_DISPREPAECDBDISPREPOPENINGPLAN100
  2
AecDbDispRepOpeningPlan100
  3
AecArchBase70|Product Desc: Autodesk Architectural Desktop 2007 |Company: Autodesk,Inc. |WEB Address: www.autodesk.com
 90
      129
 91
        1
280
     0
281
     0
  0
CLASS
  1
AEC_DISPROPSOPENINGPLANCOMMONHATCHED
  2
AecDbDispPropsOpeningPlanCommonHatched
  3
AecArchBase70|Product Desc: Autodesk Architectural Desktop 2007 |Company: Autodesk,Inc. |WEB Address: www.autodesk.com
 90
      129
 91
        2
280
     0
281
     0
  0
CLASS
  1
AEC_DISPREPAECDBDISPREPOPENINGPLAN50
  2
AecDbDispRepOpeningPlan50
  3
AecArchBase70|Product Desc: Autodesk Architectural Desktop 2007 |Company: Autodesk,Inc. |WEB Address: www.autodesk.com
 90
      129
 91
        1
280
     0
281
     0
  0
CLASS
  1
AEC_DISPREPAECDBDISPREPOPENINGPLANREFLECTED
  2
AecDbDispRepOpeningPlanReflected
  3
AecArchBase70|Product Desc: Autodesk Architectural Desktop 2007 |Company: Autodesk,Inc. |WEB Address: www.autodesk.com
 90
      129
 91
        1
280
     0
281
     0
  0
CLASS
  1
AEC_DISPROPSOPENINGPLANCOMMON
  2
AecDbDispPropsOpeningPlanCommon
  3
AecArchBase70|Product Desc: Autodesk Architectural Desktop 2007 |Company: Autodesk,Inc. |WEB Address: www.autodesk.com
 90
      129
 91
        1
280
     0
281
     0
  0
CLASS
  1
AEC_DISPREPAECDBDISPREPOPENINGSILLPLAN
  2
AecDbDispRepOpeningSillPlan
  3
AecArchBase70|Product Desc: Autodesk Architectural Desktop 2007 |Company: Autodesk,Inc. |WEB Address: www.autodesk.com
 90
      129
 91
        1
280
     0
281
     0
  0
CLASS
  1
AEC_DISPROPSOPENINGSILLPLAN
  2
AecDbDispPropsOpeningSillPlan
  3
AecArchBase70|Product Desc: Autodesk Architectural Desktop 2007 |Company: Autodesk,Inc. |WEB Address: www.autodesk.com
 90
      129
 91
        1
280
     0
281
     0
  0
CLASS
  1
AEC_DISP_REP_RAILING_MODEL
  2
AecDbDispRepRailingModel
  3
AecArchBase70|Product Desc: Autodesk Architectural Desktop 2007 |Company: Autodesk,Inc. |WEB Address: www.autodesk.com
 90
      129
 91
        1
280
     0
281
     0
  0
CLASS
  1
AEC_DISP_PROPS_RAILING_MODEL
  2
AecDbDispPropsRailingModel
  3
AecArchBase70|Product Desc: Autodesk Architectural Desktop 2007 |Company: Autodesk,Inc. |WEB Address: www.autodesk.com
 90
      129
 91
        1
280
     0
281
     0
  0
CLASS
  1
AEC_DISP_REP_RAILING_PLAN
  2
AecDbDispRepRailingPlan
  3
AecArchBase70|Product Desc: Autodesk Architectural Desktop 2007 |Company: Autodesk,Inc. |WEB Address: www.autodesk.com
 90
      129
 91
        1
280
     0
281
     0
  0
CLASS
  1
AEC_DISP_PROPS_RAILING_PLAN
  2
AecDbDispPropsRailingPlan
  3
AecArchBase70|Product Desc: Autodesk Architectural Desktop 2007 |Company: Autodesk,Inc. |WEB Address: www.autodesk.com
 90
      129
 91
        1
280
     0
281
     0
  0
CLASS
  1
AEC_DISP_REP_RAILING_PLAN_100
  2
AecDbDispRepRailingPlan100
  3
AecArchBase70|Product Desc: Autodesk Architectural Desktop 2007 |Company: Autodesk,Inc. |WEB Address: www.autodesk.com
 90
      129
 91
        1
280
     0
281
     0
  0
CLASS
  1
AEC_DISP_ROPS_RAILING_PLAN_100
  2
AecDbDispPropsRailingPlan100
  3
AecArchBase70|Product Desc: Autodesk Architectural Desktop 2007 |Company: Autodesk,Inc. |WEB Address: www.autodesk.com
 90
      129
 91
        1
280
     0
281
     0
  0
CLASS
  1
AEC_DISP_REP_RAILING_PLAN_50
  2
AecDbDispRepRailingPlan50
  3
AecArchBase70|Product Desc: Autodesk Architectural Desktop 2007 |Company: Autodesk,Inc. |WEB Address: www.autodesk.com
 90
      129
 91
        1
280
     0
281
     0
  0
CLASS
  1
AEC_DISP_ROPS_RAILING_PLAN_50
  2
AecDbDispPropsRailingPlan50
  3
AecArchBase70|Product Desc: Autodesk Architectural Desktop 2007 |Company: Autodesk,Inc. |WEB Address: www.autodesk.com
 90
      129
 91
        1
280
     0
281
     0
  0
CLASS
  1
AEC_DISP_REP_ROOF_MODEL
  2
AecDbDispRepRoofModel
  3
AecArchBase70|Product Desc: Autodesk Architectural Desktop 2007 |Company: Autodesk,Inc. |WEB Address: www.autodesk.com
 90
      129
 91
        1
280
     0
281
     0
  0
CLASS
  1
AEC_DISP_REP_ROOF_RCP
  2
AecDbDispRepRoofRcp
  3
AecArchBase70|Product Desc: Autodesk Architectural Desktop 2007 |Company: Autodesk,Inc. |WEB Address: www.autodesk.com
 90
      129
 91
        1
280
     0
281
     0
  0
CLASS
  1
AEC_DISP_REP_SLAB_MODEL
  2
AecDbDispRepSlabModel
  3
AecArchBase70|Product Desc: Autodesk Architectural Desktop 2007 |Company: Autodesk,Inc. |WEB Address: www.autodesk.com
 90
      129
 91
        1
280
     0
281
     0
  0
CLASS
  1
AEC_DISP_PROPS_SLAB
  2
AecDbDispPropsSlab
  3
AecArchBase70|Product Desc: Autodesk Architectural Desktop 2007 |Company: Autodesk,Inc. |WEB Address: www.autodesk.com
 90
      129
 91
        1
280
     0
281
     0
  0
CLASS
  1
AEC_DISP_REP_ROOFSLAB_MODEL
  2
AecDbDispRepRoofSlabModel
  3
AecArchBase70|Product Desc: Autodesk Architectural Desktop 2007 |Company: Autodesk,Inc. |WEB Address: www.autodesk.com
 90
      129
 91
        1
280
     0
281
     0
  0
CLASS
  1
AEC_DISP_PROPS_ROOFSLAB
  2
AecDbDispPropsRoofSlab
  3
AecArchBase70|Product Desc: Autodesk Architectural Desktop 2007 |Company: Autodesk,Inc. |WEB Address: www.autodesk.com
 90
      129
 91
        1
280
     0
281
     0
  0
CLASS
  1
AEC_DISP_REP_SPACE_DECOMPOSED
  2
AecDbDispRepSpaceDecomposed
  3
AecArchBase70|Product Desc: Autodesk Architectural Desktop 2007 |Company: Autodesk,Inc. |WEB Address: www.autodesk.com
 90
      129
 91
        1
280
     0
281
     0
  0
CLASS
  1
AEC_DISP_PROPS_SPACE_DECOMPOSED
  2
AecDbDispPropsSpaceDecomposed
  3
AecArchBase70|Product Desc: Autodesk Architectural Desktop 2007 |Company: Autodesk,Inc. |WEB Address: www.autodesk.com
 90
      129
 91
        1
280
     0
281
     0
  0
CLASS
  1
AEC_DISP_REP_SPACE_MODEL
  2
AecDbDispRepSpaceModel
  3
AecArchBase70|Product Desc: Autodesk Architectural Desktop 2007 |Company: Autodesk,Inc. |WEB Address: www.autodesk.com
 90
      129
 91
        1
280
     0
281
     0
  0
CLASS
  1
AEC_DISP_PROPS_SPACE_MODEL
  2
AecDbDispPropsSpaceModel
  3
AecArchBase70|Product Desc: Autodesk Architectural Desktop 2007 |Company: Autodesk,Inc. |WEB Address: www.autodesk.com
 90
      129
 91
        1
280
     0
281
     0
  0
CLASS
  1
AEC_DISP_REP_SPACE_RCP
  2
AecDbDispRepSpaceRcp
  3
AecArchBase70|Product Desc: Autodesk Architectural Desktop 2007 |Company: Autodesk,Inc. |WEB Address: www.autodesk.com
 90
      129
 91
        1
280
     0
281
     0
  0
CLASS
  1
AEC_DISP_REP_SPACE_VOLUME
  2
AecDbDispRepSpaceVolume
  3
AecArchBase70|Product Desc: Autodesk Architectural Desktop 2007 |Company: Autodesk,Inc. |WEB Address: www.autodesk.com
 90
      129
 91
        1
280
     0
281
     0
  0
CLASS
  1
AEC_DISP_REP_STAIR_MODEL
  2
AecDbDispRepStairModel
  3
AecArchBase70|Product Desc: Autodesk Architectural Desktop 2007 |Company: Autodesk,Inc. |WEB Address: www.autodesk.com
 90
      129
 91
        1
280
     0
281
     0
  0
CLASS
  1
AEC_DISP_PROPS_STAIR_MODEL
  2
AecDbDispPropsStairModel
  3
AecArchBase70|Product Desc: Autodesk Architectural Desktop 2007 |Company: Autodesk,Inc. |WEB Address: www.autodesk.com
 90
      129
 91
        1
280
     0
281
     0
  0
CLASS
  1
AEC_DISP_REP_STAIR_PLAN
  2
AecDbDispRepStairPlan
  3
AecArchBase70|Product Desc: Autodesk Architectural Desktop 2007 |Company: Autodesk,Inc. |WEB Address: www.autodesk.com
 90
      129
 91
        1
280
     0
281
     0
  0
CLASS
  1
AEC_DISP_PROPS_STAIR_PLAN
  2
AecDbDispPropsStairPlan
  3
AecArchBase70|Product Desc: Autodesk Architectural Desktop 2007 |Company: Autodesk,Inc. |WEB Address: www.autodesk.com
 90
      129
 91
        2
280
     0
281
     0
  0
CLASS
  1
AEC_DISP_REP_STAIR_PLAN_100
  2
AecDbDispRepStairPlan100
  3
AecArchBase70|Product Desc: Autodesk Architectural Desktop 2007 |Company: Autodesk,Inc. |WEB Address: www.autodesk.com
 90
      129
 91
        1
280
     0
281
     0
  0
CLASS
  1
AEC_DISP_ROPS_STAIR_PLAN_100
  2
AecDbDispPropsStairPlan100
  3
AecArchBase70|Product Desc: Autodesk Architectural Desktop 2007 |Company: Autodesk,Inc. |WEB Address: www.autodesk.com
 90
      129
 91
        1
280
     0
281
     0
  0
CLASS
  1
AEC_DISP_REP_STAIR_PLAN_50
  2
AecDbDispRepStairPlan50
  3
AecArchBase70|Product Desc: Autodesk Architectural Desktop 2007 |Company: Autodesk,Inc. |WEB Address: www.autodesk.com
 90
      129
 91
        1
280
     0
281
     0
  0
CLASS
  1
AEC_DISP_ROPS_STAIR_PLAN_50
  2
AecDbDispPropsStairPlan50
  3
AecArchBase70|Product Desc: Autodesk Architectural Desktop 2007 |Company: Autodesk,Inc. |WEB Address: www.autodesk.com
 90
      129
 91
        1
280
     0
281
     0
  0
CLASS
  1
AEC_DISP_REP_STAIR_PLAN_OVERLAPPING
  2
AecDbDispRepStairPlanOverlapping
  3
AecArchBase70|Product Desc: Autodesk Architectural Desktop 2007 |Company: Autodesk,Inc. |WEB Address: www.autodesk.com
 90
      129
 91
        1
280
     0
281
     0
  0
CLASS
  1
AEC_DISP_PROPS_STAIR_PLAN_OVERLAPPING
  2
AecDbDispPropsStairPlanOverlapping
  3
AecArchBase70|Product Desc: Autodesk Architectural Desktop 2007 |Company: Autodesk,Inc. |WEB Address: www.autodesk.com
 90
      129
 91
        1
280
     0
281
     0
  0
CLASS
  1
AEC_DISP_REP_STAIR_RCP
  2
AecDbDispRepStairRcp
  3
AecArchBase70|Product Desc: Autodesk Architectural Desktop 2007 |Company: Autodesk,Inc. |WEB Address: www.autodesk.com
 90
      129
 91
        1
280
     0
281
     0
  0
CLASS
  1
AEC_DISP_REP_WALL_GRAPH
  2
AecDbDispRepWallGraph
  3
AecArchBase70|Product Desc: Autodesk Architectural Desktop 2007 |Company: Autodesk,Inc. |WEB Address: www.autodesk.com
 90
      129
 91
        1
280
     0
281
     0
  0
CLASS
  1
AEC_DISP_PROPS_WALL_GRAPH
  2
AecDbDispPropsWallGraph
  3
AecArchBase70|Product Desc: Autodesk Architectural Desktop 2007 |Company: Autodesk,Inc. |WEB Address: www.autodesk.com
 90
      129
 91
        1
280
     0
281
     0
  0
CLASS
  1
AEC_DISP_REP_WALL_MODEL
  2
AecDbDispRepWallModel
  3
AecArchBase70|Product Desc: Autodesk Architectural Desktop 2007 |Company: Autodesk,Inc. |WEB Address: www.autodesk.com
 90
      129
 91
        1
280
     0
281
     0
  0
CLASS
  1
AEC_DISP_PROPS_WALL_MODEL
  2
AecDbDispPropsWallModel
  3
AecArchBase70|Product Desc: Autodesk Architectural Desktop 2007 |Company: Autodesk,Inc. |WEB Address: www.autodesk.com
 90
      129
 91
        1
280
     0
281
     0
  0
CLASS
  1
AEC_DISP_REP_WALL_RCP
  2
AecDbDispRepWallRcp
  3
AecArchBase70|Product Desc: Autodesk Architectural Desktop 2007 |Company: Autodesk,Inc. |WEB Address: www.autodesk.com
 90
      129
 91
        1
280
     0
281
     0
  0
CLASS
  1
AEC_DISP_REP_WALL_SCHEM
  2
AecDbDispRepWallSchem
  3
AecArchBase70|Product Desc: Autodesk Architectural Desktop 2007 |Company: Autodesk,Inc. |WEB Address: www.autodesk.com
 90
      129
 91
        1
280
     0
281
     0
  0
CLASS
  1
AEC_DISP_PROPS_WALL_SCHEM
  2
AecDbDispPropsWallSchem
  3
AecArchBase70|Product Desc: Autodesk Architectural Desktop 2007 |Company: Autodesk,Inc. |WEB Address: www.autodesk.com
 90
      129
 91
        1
280
     0
281
     0
  0
CLASS
  1
AEC_DISP_REP_WINDOW_ASSEMBLY_MODEL
  2
AecDbDispRepWindowAssemblyModel
  3
AecArchBase70|Product Desc: Autodesk Architectural Desktop 2007 |Company: Autodesk,Inc. |WEB Address: www.autodesk.com
 90
      129
 91
        1
280
     0
281
     0
  0
CLASS
  1
AEC_DISP_REP_WINDOWASSEMBLY_SILL_PLAN
  2
AecDbDispRepWindowAssemblySillPlan
  3
AecArchBase70|Product Desc: Autodesk Architectural Desktop 2007 |Company: Autodesk,Inc. |WEB Address: www.autodesk.com
 90
      129
 91
        1
280
     0
281
     0
  0
CLASS
  1
AEC_DISP_PROPS_WINDOW_ASSEMBLY_SILL_PLAN
  2
AecDbDispPropsWindowAssemblySillPlan
  3
AecArchBase70|Product Desc: Autodesk Architectural Desktop 2007 |Company: Autodesk,Inc. |WEB Address: www.autodesk.com
 90
      129
 91
        1
280
     0
281
     0
  0
CLASS
  1
AEC_DISP_REP_WINDOW_MODEL
  2
AecDbDispRepWindowModel
  3
AecArchBase70|Product Desc: Autodesk Architectural Desktop 2007 |Company: Autodesk,Inc. |WEB Address: www.autodesk.com
 90
      129
 91
        1
280
     0
281
     0
  0
CLASS
  1
AEC_DISP_PROPS_WINDOW
  2
AecDbDispPropsWindow
  3
AecArchBase70|Product Desc: Autodesk Architectural Desktop 2007 |Company: Autodesk,Inc. |WEB Address: www.autodesk.com
 90
      129
 91
        4
280
     0
281
     0
  0
CLASS
  1
AEC_DISP_REP_WINDOW_ELEV
  2
AecDbDispRepWindowElev
  3
AecArchBase70|Product Desc: Autodesk Architectural Desktop 2007 |Company: Autodesk,Inc. |WEB Address: www.autodesk.com
 90
      129
 91
        1
280
     0
281
     0
  0
CLASS
  1
AEC_DISP_REP_WINDOW_PLAN
  2
AecDbDispRepWindowPlan
  3
AecArchBase70|Product Desc: Autodesk Architectural Desktop 2007 |Company: Autodesk,Inc. |WEB Address: www.autodesk.com
 90
      129
 91
        1
280
     0
281
     0
  0
CLASS
  1
AEC_DISP_REP_WINDOW_NOMINAL
  2
AecDbDispRepWindowNominal
  3
AecArchBase70|Product Desc: Autodesk Architectural Desktop 2007 |Company: Autodesk,Inc. |WEB Address: www.autodesk.com
 90
      129
 91
        1
280
     0
281
     0
  0
CLASS
  1
AEC_DISP_PROPS_WINDOW_NOMINAL
  2
AecDbDispPropsWindowNominal
  3
AecArchBase70|Product Desc: Autodesk Architectural Desktop 2007 |Company: Autodesk,Inc. |WEB Address: www.autodesk.com
 90
      129
 91
        1
280
     0
281
     0
  0
CLASS
  1
AEC_DISP_REP_WINDOW_PLAN_100
  2
AecDbDispRepWindowPlan100
  3
AecArchBase70|Product Desc: Autodesk Architectural Desktop 2007 |Company: Autodesk,Inc. |WEB Address: www.autodesk.com
 90
      129
 91
        1
280
     0
281
     0
  0
CLASS
  1
AEC_DISP_PROPS_WINDOW_PLAN_100
  2
AecDbDispPropsWindowPlan100
  3
AecArchBase70|Product Desc: Autodesk Architectural Desktop 2007 |Company: Autodesk,Inc. |WEB Address: www.autodesk.com
 90
      129
 91
        1
280
     0
281
     0
  0
CLASS
  1
AEC_DISP_REP_WINDOW_PLAN_50
  2
AecDbDispRepWindowPlan50
  3
AecArchBase70|Product Desc: Autodesk Architectural Desktop 2007 |Company: Autodesk,Inc. |WEB Address: www.autodesk.com
 90
      129
 91
        1
280
     0
281
     0
  0
CLASS
  1
AEC_DISP_PROPS_WINDOW_PLAN_50
  2
AecDbDispPropsWindowPlan50
  3
AecArchBase70|Product Desc: Autodesk Architectural Desktop 2007 |Company: Autodesk,Inc. |WEB Address: www.autodesk.com
 90
      129
 91
        1
280
     0
281
     0
  0
CLASS
  1
AEC_DISP_REP_WINDOW_RCP
  2
AecDbDispRepWindowRcp
  3
AecArchBase70|Product Desc: Autodesk Architectural Desktop 2007 |Company: Autodesk,Inc. |WEB Address: www.autodesk.com
 90
      129
 91
        1
280
     0
281
     0
  0
CLASS
  1
AEC_DISP_REP_WINDOW_SILL_PLAN
  2
AecDbDispRepWindowSillPlan
  3
AecArchBase70|Product Desc: Autodesk Architectural Desktop 2007 |Company: Autodesk,Inc. |WEB Address: www.autodesk.com
 90
      129
 91
        1
280
     0
281
     0
  0
CLASS
  1
AEC_DISP_PROPS_WINDOW_SILL_PLAN
  2
AecDbDispPropsWindowSillPlan
  3
AecArchBase70|Product Desc: Autodesk Architectural Desktop 2007 |Company: Autodesk,Inc. |WEB Address: www.autodesk.com
 90
      129
 91
        1
280
     0
281
     0
  0
ENDSEC
  0
SECTION
  2
TABLES
  0
TABLE
  2
VPORT
  5
8
330
0
100
AcDbSymbolTable
 70
     1
1001
ACAD
1000
DbSaveVer
1071
        5
  0
VPORT
  5
94
330
8
100
AcDbSymbolTableRecord
100
AcDbViewportTableRecord
  2
*Active
 70
     0
 10
0.0
 20
0.0
 11
1.0
 21
1.0
 12
570.5887578016634
 22
655.2326877968011
 13
0.0
 23
0.0
 14
0.5
 24
0.5
 15
0.5
 25
0.5
 16
0.0
 26
0.0
 36
570.6959088481483
 17
-674.871065751225
 27
-209.7326836476323
 37
0.0
 40
869.2266726857964
 41
2.050213675213675
 42
50.0
 43
0.0
 44
0.0
 50
0.0
 51
0.0
 71
     0
 72
  1000
 73
     1
 74
     3
 75
     0
 76
     0
 77
     0
 78
     0
281
     0
 65
     1
110
0.0
120
0.0
130
0.0
111
1.0
121
0.0
131
0.0
112
0.0
122
1.0
132
0.0
 79
     0
146
0.0
348
9F
 60
     3
 61
     5
292
     1
282
     1
141
0.0
142
0.0
 63
   250
421
  3355443
1001
ACAD_NAV_VCDISPLAY
1070
     3
  0
ENDTAB
  0
TABLE
  2
LTYPE
  5
5
330
0
100
AcDbSymbolTable
 70
    13
  0
LTYPE
  5
14
330
5
100
AcDbSymbolTableRecord
100
AcDbLinetypeTableRecord
  2
ByBlock
 70
     0
  3

 72
    65
 73
     0
 40
0.0
  0
LTYPE
  5
15
330
5
100
AcDbSymbolTableRecord
100
AcDbLinetypeTableRecord
  2
ByLayer
 70
     0
  3

 72
    65
 73
     0
 40
0.0
  0
LTYPE
  5
16
330
5
100
AcDbSymbolTableRecord
100
AcDbLinetypeTableRecord
  2
Continuous
 70
     0
  3
Solid line
 72
    65
 73
     0
 40
0.0
  0
LTYPE
  5
3AD4
330
5
100
AcDbSymbolTableRecord
100
AcDbLinetypeTableRecord
  2
PHANTOM2
 70
     0
  3
Phantom (.5x) ___ _ _ ___ _ _ ___ _ _ ___ _ _
 72
    65
 73
     6
 40
1.25
 49
0.625
 74
     0
 49
-0.125
 74
     0
 49
0.125
 74
     0
 49
-0.125
 74
     0
 49
0.125
 74
     0
 49
-0.125
 74
     0
  0
LTYPE
  5
84FE
330
5
100
AcDbSymbolTableRecord
100
AcDbLinetypeTableRecord
  2
HIDDEN
 70
     0
  3
Hidden __ __ __ __ __ __ __ __ __ __ __ __ __ _
 72
    65
 73
     2
 40
0.375
 49
0.25
 74
     0
 49
-0.125
 74
     0
  0
LTYPE
  5
84FF
330
5
100
AcDbSymbolTableRecord
100
AcDbLinetypeTableRecord
  2
CENTER
 70
     0
  3
Center ____ _ ____ _ ____ _ ____ _ ____ _ ____
 72
    65
 73
     4
 40
2.0
 49
1.25
 74
     0
 49
-0.25
 74
     0
 49
0.25
 74
     0
 49
-0.25
 74
     0
  0
LTYPE
  5
853B
330
5
100
AcDbSymbolTableRecord
100
AcDbLinetypeTableRecord
  2
Amconstr
 70
     0
  3
_______________________
 72
    65
 73
     2
 40
9999.0
 49
9999.0
 74
     0
 49
0.0
 74
     0
  0
LTYPE
  5
8541
330
5
100
AcDbSymbolTableRecord
100
AcDbLinetypeTableRecord
  2
CENTER2
 70
     0
  3
Center (.5x) ___ _ ___ _ ___ _ ___ _ ___ _ ___
 72
    65
 73
     4
 40
1.125
 49
0.75
 74
     0
 49
-0.125
 74
     0
 49
0.125
 74
     0
 49
-0.125
 74
     0
  0
LTYPE
  5
8542
330
5
100
AcDbSymbolTableRecord
100
AcDbLinetypeTableRecord
  2
HIDDEN2
 70
     0
  3
Hidden (.5x) _ _ _ _ _ _ _ _ _ _ _ _ _ _ _ _ _
 72
    65
 73
     2
 40
0.1875
 49
0.125
 74
     0
 49
-0.0625
 74
     0
  0
LTYPE
  5
8543
330
5
100
AcDbSymbolTableRecord
100
AcDbLinetypeTableRecord
  2
Amzigzag2
 70
     0
  3
/\/-/\/-/\/-/\/-/\/-/\/
 72
    65
 73
     2
 40
0.4401
 49
0.0001
 74
     4
 75
   136
340
853F
 46
0.0016
 50
0.0
 44
0.0
 45
0.0
 49
-0.4400000000000001
 74
     0
  0
LTYPE
  5
8553
330
5
100
AcDbSymbolTableRecord
100
AcDbLinetypeTableRecord
  2
ACANSTGB
 70
     0
  3
__ . . __ . .
 72
    65
 73
     6
 40
0.35433070866
 49
0.15748031496
 74
     0
 49
-0.03937007874
 74
     0
 49
0.03937007874
 74
     0
 49
-0.03937007874
 74
     0
 49
0.03937007874
 74
     0
 49
-0.03937007874
 74
     0
  0
LTYPE
  5
8554
330
5
100
AcDbSymbolTableRecord
100
AcDbLinetypeTableRecord
  2
ACANSTGL
 70
     0
  3
_ _ _ _ _
 72
    65
 73
     2
 40
0.11811023622
 49
0.07874015748
 74
     0
 49
-0.03937007874
 74
     0
  0
LTYPE
  5
101C8E7
330
5
100
AcDbSymbolTableRecord
100
AcDbLinetypeTableRecord
  2
GJERDE1
 70
     0
  3
Gjerde
 72
    65
 73
     2
 40
7.549999999999999
 49
3.049999999999999
 74
    10
 75
     0
340
11
 46
1.25
 50
0.0
 44
0.0
 45
-0.7
  9
//
 49
4.5
 74
     0
  0
LTYPE
  5
101C8E8
330
5
100
AcDbSymbolTableRecord
100
AcDbLinetypeTableRecord
  2
STIPPLET
 70
     0
  3
Hidden _ _ _ _ _ _ _ _ _ _ _ _ _ _ _ _ _
 72
    65
 73
     2
 40
3.75
 49
2.5
 74
     0
 49
-1.25
 74
     0
  0
LTYPE
  5
101C8E9
330
5
100
AcDbSymbolTableRecord
100
AcDbLinetypeTableRecord
  2
STIPPLET2
 70
     0
  3
Prikket--------------
 72
    65
 73
     2
 40
1.875
 49
0.625
 74
     0
 49
-1.25
 74
     0
  0
ENDTAB
  0
TABLE
  2
LAYER
  5
2
102
{ACAD_XDICTIONARY
360
18E
102
}
330
0
100
AcDbSymbolTable
 70
    24
  0
LAYER
  5
10
102
{ACAD_XDICTIONARY
360
E6
102
}
330
2
100
AcDbSymbolTableRecord
100
AcDbLayerTableRecord
  2
0
 70
     0
 62
     7
  6
Continuous
370
    -3
390
F
347
98
348
0
  0
LAYER
  5
F0C
102
{ACAD_XDICTIONARY
360
F0D
102
}
330
2
100
AcDbSymbolTableRecord
100
AcDbLayerTableRecord
  2
RAMME
 70
     0
 62
     5
  6
Continuous
370
    -3
390
F
347
98
348
0
  0
LAYER
  5
4FD2
330
2
100
AcDbSymbolTableRecord
100
AcDbLayerTableRecord
  2
1 MERKNADER
 70
     0
 62
    30
  6
Continuous
370
    -3
390
F
347
98
348
0
1001
AcAecLayerStandard
1000

1000

1001
ACCMTRANSPARENCY
1071
        0
  0
LAYER
  5
DB52
330
2
100
AcDbSymbolTableRecord
100
AcDbLayerTableRecord
  2
JBT_Objekter_0.10mm
 70
     0
 62
     8
  6
Continuous
370
    -3
390
F
347
98
348
0
1001
AcAecLayerStandard
1000

1000

1001
ACCMTRANSPARENCY
1071
        0
  0
LAYER
  5
DD8B
330
2
100
AcDbSymbolTableRecord
100
AcDbLayerTableRecord
  2
JBT_Stipplet
 70
     0
 62
     2
  6
STIPPLET
370
    -3
390
F
347
98
348
0
1001
AcAecLayerStandard
1000

1000

1001
ACCMTRANSPARENCY
1071
        0
  0
LAYER
  5
F6BD
102
{ACAD_XDICTIONARY
360
F6BE
102
}
330
2
100
AcDbSymbolTableRecord
100
AcDbLayerTableRecord
  2
JBTKO_SPOR
 70
     0
 62
     2
  6
Continuous
370
    -3
390
F
347
98
348
0
1001
AcAecLayerStandard
1000

1000

  0
LAYER
  5
F993
330
2
100
AcDbSymbolTableRecord
100
AcDbLayerTableRecord
  2
JBTKO_SPOR_Hovedpor
 70
     0
 62
     1
  6
Continuous
370
    -3
390
F
347
98
348
0
1001
AcAecLayerStandard
1000

1000

1001
ACCMTRANSPARENCY
1071
        0
  0
LAYER
  5
1074A
330
2
100
AcDbSymbolTableRecord
100
AcDbLayerTableRecord
  2
JBT_Objekter_0.18mm
 70
     0
 62
     4
  6
Continuous
370
    -3
390
F
347
98
348
0
1001
AcAecLayerStandard
1000

1000

1001
ACCMTRANSPARENCY
1071
        0
  0
LAYER
  5
156A0
330
2
100
AcDbSymbolTableRecord
100
AcDbLayerTableRecord
  2
RAMME SYMBOLER
 70
     0
 62
     4
  6
Continuous
370
    -3
390
F
347
98
348
0
1001
AcAecLayerStandard
1000

1000

1001
ACCMTRANSPARENCY
1071
        0
  0
LAYER
  5
17C4E
102
{ACAD_XDICTIONARY
360
17C4F
102
}
330
2
100
AcDbSymbolTableRecord
100
AcDbLayerTableRecord
  2
JBT_Gjerde
 70
     0
 62
     4
  6
GJERDE1
370
    -3
390
F
347
98
348
0
  0
LAYER
  5
1A333
330
2
100
AcDbSymbolTableRecord
100
AcDbLayerTableRecord
  2
JBT_Skravur grey solid
 70
     0
 62
     9
420
 13290186
  6
Continuous
370
    -3
390
F
347
98
348
0
1001
AcAecLayerStandard
1000

1000

1001
ACCMTRANSPARENCY
1071
        0
  0
LAYER
  5
1ADCB
330
2
100
AcDbSymbolTableRecord
100
AcDbLayerTableRecord
  2
JBT_Objekter_0.25mm
 70
     0
 62
     2
  6
Continuous
370
    -3
390
F
347
98
348
0
1001
AcAecLayerStandard
1000

1000

1001
ACCMTRANSPARENCY
1071
        0
  0
LAYER
  5
1ADCC
330
2
100
AcDbSymbolTableRecord
100
AcDbLayerTableRecord
  2
JBT_Objekter_0.35mm
 70
     0
 62
     7
  6
Continuous
370
    -3
390
F
347
98
348
0
1001
AcAecLayerStandard
1000

1000

1001
ACCMTRANSPARENCY
1071
        0
  0
LAYER
  5
1ADCD
330
2
100
AcDbSymbolTableRecord
100
AcDbLayerTableRecord
  2
JBT_Objekter_0.50mm
 70
     0
 62
     5
  6
Continuous
370
    -3
390
F
347
98
348
0
1001
AcAecLayerStandard
1000

1000

1001
ACCMTRANSPARENCY
1071
        0
  0
LAYER
  5
1BB59
102
{ACAD_XDICTIONARY
360
1BB5A
102
}
330
2
100
AcDbSymbolTableRecord
100
AcDbLayerTableRecord
  2
JBT_Tekst_25
 70
     0
 62
     2
  6
Continuous
370
    -3
390
F
347
98
348
0
  0
LAYER
  5
1BB5B
330
2
100
AcDbSymbolTableRecord
100
AcDbLayerTableRecord
  2
JBT_Tekst_35
 70
     0
 62
     7
  6
Continuous
370
    -3
390
F
347
98
348
0
1001
AcAecLayerStandard
1000

1000

1001
ACCMTRANSPARENCY
1071
        0
  0
LAYER
  5
1BE4D
330
2
100
AcDbSymbolTableRecord
100
AcDbLayerTableRecord
  2
RAMME TEKST
 70
     0
 62
     7
  6
Continuous
370
    -3
390
F
347
98
348
0
1001
AcAecLayerStandard
1000

1000

1001
ACCMTRANSPARENCY
1071
        0
  0
LAYER
  5
101C069
102
{ACAD_XDICTIONARY
360
101C06A
102
}
330
2
100
AcDbSymbolTableRecord
100
AcDbLayerTableRecord
  2
Kontur_Logo
 70
     0
 62
    -7
  6
Continuous
370
    -3
390
F
347
98
348
0
1001
AcAecLayerStandard
1000

1000

1001
ACCMTRANSPARENCY
1071
        0
  0
LAYER
  5
101C4DB
330
2
100
AcDbSymbolTableRecord
100
AcDbLayerTableRecord
  2
TITTELFELT
 70
     0
 62
     4
  6
Continuous
370
    -3
390
F
347
98
348
0
1001
AcAecLayerStandard
1000

1000

1001
ACCMTRANSPARENCY
1071
        0
  0
LAYER
  5
101C4DC
330
2
100
AcDbSymbolTableRecord
100
AcDbLayerTableRecord
  2
Forside
 70
     0
 62
     8
  6
Continuous
370
    -3
390
F
347
98
348
0
1001
AcAecLayerStandard
1000

1000

1001
ACCMTRANSPARENCY
1071
        0
  0
LAYER
  5
101C5D7
330
2
100
AcDbSymbolTableRecord
100
AcDbLayerTableRecord
  2
Vport
 70
     0
 62
     8
  6
Continuous
290
     0
370
    -3
390
F
347
98
348
0
1001
AcAecLayerStandard
1000

1000

1001
ACCMTRANSPARENCY
1071
        0
  0
LAYER
  5
101C8EA
330
2
100
AcDbSymbolTableRecord
100
AcDbLayerTableRecord
  2
JBT_Stipplet2
 70
     0
 62
     7
  6
STIPPLET2
370
    -3
390
F
347
98
348
0
1001
AcAecLayerStandard
1000

1000

1001
ACCMTRANSPARENCY
1071
        0
  0
LAYER
  5
101C9D2
330
2
100
AcDbSymbolTableRecord
100
AcDbLayerTableRecord
  2
-Wipeoutframe
 70
     0
 62
     7
420
 16711422
  6
Continuous
370
    -3
390
F
347
98
348
0
1001
ACCMTRANSPARENCY
1071
        0
1001
AcAecLayerStandard
1000

1000
Sys.var. 0-2 (ikke plott)
  0
LAYER
  5
101C9D3
102
{ACAD_XDICTIONARY
360
101C9D4
102
}
330
2
100
AcDbSymbolTableRecord
100
AcDbLayerTableRecord
  2
JBTSA_ATT_Tekst25
 70
     0
 62
     2
  6
Continuous
290
     0
370
    -3
390
F
347
98
348
0
1001
AcAecLayerStandard
1000

1000

1001
ACCMTRANSPARENCY
1071
        0
  0
ENDTAB
  0
TABLE
  2
STYLE
  5
3
330
0
100
AcDbSymbolTable
 70
    12
  0
STYLE
  5
11
330
3
100
AcDbSymbolTableRecord
100
AcDbTextStyleTableRecord
  2
Standard
 70
     0
 40
0.0
 41
1.0
 50
0.0
 71
     0
 42
0.2
  3
txt.shx
  4

  0
STYLE
  5
F32
330
3
100
AcDbSymbolTableRecord
100
AcDbTextStyleTableRecord
  2
ISO25
 70
     0
 40
2.5
 41
0.9
 50
0.0
 71
     0
 42
2.5
  3
isocp.shx
  4

  0
STYLE
  5
853F
330
3
100
AcDbSymbolTableRecord
100
AcDbTextStyleTableRecord
  2

 70
     1
 40
0.0
 41
1.0
 50
0.0
 71
     0
 42
0.2
  3
genltshp.shx
  4

  0
STYLE
  5
8552
330
3
100
AcDbSymbolTableRecord
100
AcDbTextStyleTableRecord
  2
ACANSGDT
 70
     0
 40
0.0
 41
1.0
 50
0.0
 71
     0
 42
0.2
  3
amgdt.shx
  4

  0
STYLE
  5
17FC8
330
3
100
AcDbSymbolTableRecord
100
AcDbTextStyleTableRecord
  2
Calibri
 70
     0
 40
0.0
 41
1.0
 50
0.0
 71
     0
 42
2.5
  3
calibri.ttf
  4

1001
ACAD
1000
Calibri
1071
       34
  0
STYLE
  5
1BADB
330
3
100
AcDbSymbolTableRecord
100
AcDbTextStyleTableRecord
  2
Isocp
 70
     0
 40
0.0
 41
0.9
 50
0.0
 71
     0
 42
2.5
  3
isocp.shx
  4

  0
STYLE
  5
1BB5C
330
3
100
AcDbSymbolTableRecord
100
AcDbTextStyleTableRecord
  2
ISO35
 70
     0
 40
3.5
 41
1.0
 50
0.0
 71
     0
 42
0.2
  3
isocp.shx
  4

  0
STYLE
  5
101C4DD
330
3
100
AcDbSymbolTableRecord
100
AcDbTextStyleTableRecord
  2
Arial
 70
     0
 40
0.0
 41
1.0
 50
0.0
 71
     0
 42
2.5
  3

  4

1001
ACAD
1000
Arial
1071
 33554466
  0
STYLE
  5
101CFDF
330
3
100
AcDbSymbolTableRecord
100
AcDbTextStyleTableRecord
  2
ISO18
 70
     0
 40
1.8
 41
0.9
 50
0.0
 71
     0
 42
1.8
  3
isocp.shx
  4

  0
ENDTAB
  0
TABLE
  2
VIEW
  5
6
330
0
100
AcDbSymbolTable
 70
     7
  0
VIEW
  5
11167
102
{ACAD_XDICTIONARY
360
11168
102
}
330
6
100
AcDbSymbolTableRecord
100
AcDbViewTableRecord
  2
aLT1
 70
     0
 40
200.0
 10
195.0
 20
177.0
 41
287.0
 11
0.0
 21
0.0
 31
1.0
 12
0.0
 22
0.0
 32
0.0
 42
50.0
 43
0.0
 44
0.0
 50
0.0
 71
     0
281
     0
 72
     1
110
0.0
120
0.0
130
0.0
111
1.0
121
0.0
131
0.0
112
0.0
122
1.0
132
0.0
 79
     0
146
0.0
 73
     0
348
9F
  0
ENDTAB
  0
TABLE
  2
UCS
  5
7
330
0
100
AcDbSymbolTable
 70
     0
  0
ENDTAB
  0
TABLE
  2
APPID
  5
9
330
0
100
AcDbSymbolTable
 70
    46
  0
APPID
  5
12
330
9
100
AcDbSymbolTableRecord
100
AcDbRegAppTableRecord
  2
ACAD
 70
     0
  0
APPID
  5
DD
330
9
100
AcDbSymbolTableRecord
100
AcDbRegAppTableRecord
  2
AcadAnnoPO
 70
     0
  0
APPID
  5
DE
330
9
100
AcDbSymbolTableRecord
100
AcDbRegAppTableRecord
  2
AcadAnnotative
 70
     0
  0
APPID
  5
DF
330
9
100
AcDbSymbolTableRecord
100
AcDbRegAppTableRecord
  2
ACAD_DSTYLE_DIMJAG
 70
     0
  0
APPID
  5
E0
330
9
100
AcDbSymbolTableRecord
100
AcDbRegAppTableRecord
  2
ACAD_DSTYLE_DIMTALN
 70
     0
  0
APPID
  5
107
330
9
100
AcDbSymbolTableRecord
100
AcDbRegAppTableRecord
  2
ACAD_MLEADERVER
 70
     0
  0
APPID
  5
F38
330
9
100
AcDbSymbolTableRecord
100
AcDbRegAppTableRecord
  2
ADE
 70
     0
  0
APPID
  5
F39
330
9
100
AcDbSymbolTableRecord
100
AcDbRegAppTableRecord
  2
GENIUS_GENODEF_13
 70
     0
  0
APPID
  5
F3A
330
9
100
AcDbSymbolTableRecord
100
AcDbRegAppTableRecord
  2
GENIUS_GENREC_14
 70
     0
  0
APPID
  5
F3B
330
9
100
AcDbSymbolTableRecord
100
AcDbRegAppTableRecord
  2
GENIUS_GENOBJ-N-REC_13
 70
     0
  0
APPID
  5
F3C
330
9
100
AcDbSymbolTableRecord
100
AcDbRegAppTableRecord
  2
ACAD_PSEXT
 70
     0
  0
APPID
  5
F3D
330
9
100
AcDbSymbolTableRecord
100
AcDbRegAppTableRecord
  2
AcDbBlockRepETag
 70
     0
  0
APPID
  5
F3E
330
9
100
AcDbSymbolTableRecord
100
AcDbRegAppTableRecord
  2
AcDbDynamicBlockTrueName
 70
     0
  0
APPID
  5
F3F
330
9
100
AcDbSymbolTableRecord
100
AcDbRegAppTableRecord
  2
AcDbDynamicBlockGUID
 70
     0
  0
APPID
  5
F40
330
9
100
AcDbSymbolTableRecord
100
AcDbRegAppTableRecord
  2
AcDbBlockRepBTag
 70
     0
  0
APPID
  5
F41
330
9
100
AcDbSymbolTableRecord
100
AcDbRegAppTableRecord
  2
AcAecLayerStandard
 70
     0
  0
APPID
  5
F42
330
9
100
AcDbSymbolTableRecord
100
AcDbRegAppTableRecord
  2
ACAUTHENVIRON
 70
     0
  0
APPID
  5
F43
330
9
100
AcDbSymbolTableRecord
100
AcDbRegAppTableRecord
  2
GRADIENTCOLOR1ACI
 70
     0
  0
APPID
  5
F44
330
9
100
AcDbSymbolTableRecord
100
AcDbRegAppTableRecord
  2
GRADIENTCOLOR2ACI
 70
     0
  0
APPID
  5
F45
330
9
100
AcDbSymbolTableRecord
100
AcDbRegAppTableRecord
  2
ACCMTRANSPARENCY
 70
     0
  0
APPID
  5
F46
330
9
100
AcDbSymbolTableRecord
100
AcDbRegAppTableRecord
  2
ACAD_NAV_VCDISPLAY
 70
     0
  0
APPID
  5
F47
330
9
100
AcDbSymbolTableRecord
100
AcDbRegAppTableRecord
  2
DCO15
 70
     0
  0
APPID
  5
1835
330
9
100
AcDbSymbolTableRecord
100
AcDbRegAppTableRecord
  2
ACAD_EXEMPT_FROM_CAD_STANDARDS
 70
     0
  0
APPID
  5
28F8
330
9
100
AcDbSymbolTableRecord
100
AcDbRegAppTableRecord
  2
GENIUS_VERSION2
 70
     0
  0
APPID
  5
3AEF
330
9
100
AcDbSymbolTableRecord
100
AcDbRegAppTableRecord
  2
ACMAPDMDISPLAYSTYLEREGAPP
 70
     0
  0
APPID
  5
3C1B
330
9
100
AcDbSymbolTableRecord
100
AcDbRegAppTableRecord
  2
ADE_PROJECTION
 70
     0
  0
APPID
  5
3C1C
330
9
100
AcDbSymbolTableRecord
100
AcDbRegAppTableRecord
  2
MAPGWS
 70
     0
  0
APPID
  5
4B6A
330
9
100
AcDbSymbolTableRecord
100
AcDbRegAppTableRecord
  2
ACAD_DSTYLE_DIMJOGGED_JOGANGLE_SYMBOL
 70
     0
  0
APPID
  5
5104
330
9
100
AcDbSymbolTableRecord
100
AcDbRegAppTableRecord
  2
ACAD_DSTYLE_DIMRADIAL_EXTENSION
 70
     0
  0
APPID
  5
84F7
330
9
100
AcDbSymbolTableRecord
100
AcDbRegAppTableRecord
  2
MCAD_NO_VIS
 70
     0
  0
APPID
  5
84F8
330
9
100
AcDbSymbolTableRecord
100
AcDbRegAppTableRecord
  2
ACAD_TEMP_GRAPHIC
 70
     0
  0
APPID
  5
8504
330
9
100
AcDbSymbolTableRecord
100
AcDbRegAppTableRecord
  2
ACATTRIBSERVICES
 70
     0
  0
APPID
  5
851C
330
9
100
AcDbSymbolTableRecord
100
AcDbRegAppTableRecord
  2
DESIGNERASSEMBLIES
 70
     0
  0
APPID
  5
8536
330
9
100
AcDbSymbolTableRecord
100
AcDbRegAppTableRecord
  2
ACAD_DSTYLE_DIMBREAK
 70
     0
  0
APPID
  5
856A
330
9
100
AcDbSymbolTableRecord
100
AcDbRegAppTableRecord
  2
GENIUS_GENSCREG_15
 70
     0
  0
APPID
  5
856B
330
9
100
AcDbSymbolTableRecord
100
AcDbRegAppTableRecord
  2
GENIUS_GENOBJ-N-SDF_13
 70
     0
  0
APPID
  5
10196
330
9
100
AcDbSymbolTableRecord
100
AcDbRegAppTableRecord
  2
ADESKUNDERLAYLAYEROVERRIDEDATA
 70
     0
  0
APPID
  5
12342
330
9
100
AcDbSymbolTableRecord
100
AcDbRegAppTableRecord
  2
ACADANNOAV
 70
     0
  0
APPID
  5
167D9
330
9
100
AcDbSymbolTableRecord
100
AcDbRegAppTableRecord
  2
472VIANOVA_SL_DOBJ
 70
     0
  0
APPID
  5
167DA
330
9
100
AcDbSymbolTableRecord
100
AcDbRegAppTableRecord
  2
472VIANOVA_SL_LEADER
 70
     0
  0
APPID
  5
167DB
330
9
100
AcDbSymbolTableRecord
100
AcDbRegAppTableRecord
  2
472VIANOVA_SL_DOBJ_STD
 70
     0
  0
APPID
  5
167DC
330
9
100
AcDbSymbolTableRecord
100
AcDbRegAppTableRecord
  2
472VIANOVA_SL_DOBJ_STD_ATTR
 70
     0
  0
APPID
  5
167DD
330
9
100
AcDbSymbolTableRecord
100
AcDbRegAppTableRecord
  2
472VIANOVA_SL_DOBJ_STD_GRIDORDER
 70
     0
  0
APPID
  5
17741
330
9
100
AcDbSymbolTableRecord
100
AcDbRegAppTableRecord
  2
JASPER
 70
     0
  0
APPID
  5
19148
330
9
100
AcDbSymbolTableRecord
100
AcDbRegAppTableRecord
  2
AcDbDynamicBlockTrueName2
 70
     0
  0
APPID
  5
1B9B1
330
9
100
AcDbSymbolTableRecord
100
AcDbRegAppTableRecord
  2
AECGUIBASE
 70
     0
  0
ENDTAB
  0
TABLE
  2
DIMSTYLE
  5
A
330
0
100
AcDbSymbolTable
 70
    11
100
AcDbDimStyleTable
 71
     2
340
27
340
8535
  0
DIMSTYLE
105
27
330
A
100
AcDbSymbolTableRecord
100
AcDbDimStyleTableRecord
  2
Standard
 70
     0
340
11
  0
DIMSTYLE
105
8535
102
{ACAD_REACTORS
330
8525
102
}
330
A
100
AcDbSymbolTableRecord
100
AcDbDimStyleTableRecord
  2
AM_ANSI
 70
     0
  4
mm
 41
0.12
 42
0.05
 43
0.5
 44
0.1
 47
0.1
 48
0.1
 78
     7
 79
     2
 90
     1
140
0.12
141
0.0
146
0.71
147
0.06
176
   256
177
   256
178
     2
274
     4
284
     7
340
11
345
14
346
14
347
14
371
    -1
372
    -1
1001
ACAD_DSTYLE_DIMJAG
1070
   388
1040
1.5
1001
ACAD_DSTYLE_DIMBREAK
1070
   391
1040
0.125
  0
DIMSTYLE
105
8544
330
A
100
AcDbSymbolTableRecord
100
AcDbDimStyleTableRecord
  2
AM_ANSI$3
 70
     0
  4
mm
 41
0.12
 42
0.05
 43
0.5
 44
0.1
 47
0.1
 48
0.1
 78
     7
 79
     2
 90
     1
140
0.12
141
0.0
146
0.71
147
0.06
176
   256
177
   256
178
     2
274
     4
284
     7
288
     1
289
     0
340
11
345
14
346
14
347
14
371
    -1
372
    -1
1001
ACAD_DSTYLE_DIMBREAK
1070
   391
1040
0.125
1001
ACAD_DSTYLE_DIMJAG
1070
   388
1040
1.5
  0
DIMSTYLE
105
8545
330
A
100
AcDbSymbolTableRecord
100
AcDbDimStyleTableRecord
  2
AM_ANSI$4
 70
     0
  4
mm
 41
0.12
 42
0.05
 43
0.5
 44
0.1
 47
0.1
 48
0.1
 78
     7
 79
     2
 90
     1
140
0.12
141
0.0
146
0.71
147
0.06
176
   256
177
   256
178
     2
274
     4
284
     7
288
     1
289
     0
340
11
345
14
346
14
347
14
371
    -1
372
    -1
1001
ACAD_DSTYLE_DIMBREAK
1070
   391
1040
0.125
1001
ACAD_DSTYLE_DIMJAG
1070
   388
1040
1.5
  0
DIMSTYLE
105
8546
330
A
100
AcDbSymbolTableRecord
100
AcDbDimStyleTableRecord
  2
AM_ANSI$7
 70
     0
  4
mm
 41
0.12
 42
0.05
 43
0.5
 44
0.1
 47
0.1
 48
0.1
 78
     7
 79
     2
 90
     1
140
0.12
141
0.0
146
0.71
147
0.06
176
   256
177
   256
178
     2
274
     4
284
     7
340
11
345
14
346
14
347
14
371
    -1
372
    -1
1001
ACAD_DSTYLE_DIMBREAK
1070
   391
1040
0.125
1001
ACAD_DSTYLE_DIMJAG
1070
   388
1040
1.5
  0
DIMSTYLE
105
8547
330
A
100
AcDbSymbolTableRecord
100
AcDbDimStyleTableRecord
  2
AM_ANSI$SF
 70
     0
  4
mm
 41
0.12
 42
0.05
 43
0.5
 44
0.1
 47
0.1
 48
0.1
 75
     1
 76
     1
 78
     7
 79
     2
 90
     1
140
0.12
141
0.0
146
0.71
147
0.06
176
   256
177
   256
178
     2
274
     4
284
     7
340
11
345
14
346
14
347
14
371
    -1
372
    -1
1001
ACAD_DSTYLE_DIMBREAK
1070
   391
1040
0.125
1001
ACAD_DSTYLE_DIMJAG
1070
   388
1040
1.5
  0
DIMSTYLE
105
854C
330
A
100
AcDbSymbolTableRecord
100
AcDbDimStyleTableRecord
  2
AM_ANSI$SH
 70
     0
  4
mm
 41
0.12
 42
0.05
 43
0.5
 44
0.1
 47
0.1
 48
0.1
 75
     1
 76
     1
 78
     7
 79
     2
 90
     1
140
0.12
141
0.0
146
0.71
147
0.06
173
     1
176
   256
177
   256
178
     2
274
     4
284
     7
340
11
343
8548
345
14
346
14
347
14
371
    -1
372
    -1
1001
ACAD_DSTYLE_DIMBREAK
1070
   391
1040
0.125
1001
ACAD_DSTYLE_DIMJAG
1070
   388
1040
1.5
  0
DIMSTYLE
105
101CE34
330
A
100
AcDbSymbolTableRecord
100
AcDbDimStyleTableRecord
  2
ISO-25
 70
     0
 41
2.5
 42
0.625
 43
3.75
 44
1.25
 73
     0
 74
     0
 77
     1
 78
     8
140
2.5
141
2.5
143
0.03937007874016
147
0.625
171
     3
172
     1
271
     2
272
     2
274
     3
278
    44
283
     0
284
     8
340
11
  0
ENDTAB
  0
TABLE
  2
BLOCK_RECORD
  5
1
330
0
100
AcDbSymbolTable
 70
    68
  0
BLOCK_RECORD
  5
1F
102
{ACAD_XDICTIONARY
360
15D
102
}
330
1
100
AcDbSymbolTableRecord
100
AcDbBlockTableRecord
  2
*Model_Space
340
22
 70
     0
280
     1
281
     0
  0
BLOCK_RECORD
  5
101C172
330
1
100
AcDbSymbolTableRecord
100
AcDbBlockTableRecord
  2
*Paper_Space
340
101C17B
 70
     0
280
     1
281
     0
  0
BLOCK_RECORD
  5
8548
102
{ACAD_XDICTIONARY
360
1501E
102
}
330
1
100
AcDbSymbolTableRecord
100
AcDbBlockTableRecord
  2
GENAXEH
340
0
310
2800000020000000200000000100080000000000000400000000000000000000000000000000000000000000000080000080000000808000800000008000800080800000C0C0C000C0DCC000F0CAA6000020400000206000002080000020A0000020C0000020E00000400000004020000040400000406000004080000040A0
310
000040C0000040E00000600000006020000060400000606000006080000060A0000060C0000060E00000800000008020000080400000806000008080000080A0000080C0000080E00000A0000000A0200000A0400000A0600000A0800000A0A00000A0C00000A0E00000C0000000C0200000C0400000C0600000C0800000C0
310
A00000C0C00000C0E00000E0000000E0200000E0400000E0600000E0800000E0A00000E0C00000E0E00040000000400020004000400040006000400080004000A0004000C0004000E00040200000402020004020400040206000402080004020A0004020C0004020E000404000004040200040404000404060004040800040
310
40A0004040C0004040E00040600000406020004060400040606000406080004060A0004060C0004060E00040800000408020004080400040806000408080004080A0004080C0004080E00040A0000040A0200040A0400040A0600040A0800040A0A00040A0C00040A0E00040C0000040C0200040C0400040C0600040C08000
310
40C0A00040C0C00040C0E00040E0000040E0200040E0400040E0600040E0800040E0A00040E0C00040E0E00080000000800020008000400080006000800080008000A0008000C0008000E00080200000802020008020400080206000802080008020A0008020C0008020E00080400000804020008040400080406000804080
310
008040A0008040C0008040E00080600000806020008060400080606000806080008060A0008060C0008060E00080800000808020008080400080806000808080008080A0008080C0008080E00080A0000080A0200080A0400080A0600080A0800080A0A00080A0C00080A0E00080C0000080C0200080C0400080C0600080C0
310
800080C0A00080C0C00080C0E00080E0000080E0200080E0400080E0600080E0800080E0A00080E0C00080E0E000C0000000C0002000C0004000C0006000C0008000C000A000C000C000C000E000C0200000C0202000C0204000C0206000C0208000C020A000C020C000C020E000C0400000C0402000C0404000C0406000C0
310
408000C040A000C040C000C040E000C0600000C0602000C0604000C0606000C0608000C060A000C060C000C060E000C0800000C0802000C0804000C0806000C0808000C080A000C080C000C080E000C0A00000C0A02000C0A04000C0A06000C0A08000C0A0A000C0A0C000C0A0E000C0C00000C0C02000C0C04000C0C06000
310
C0C08000C0C0A000F0FBFF00A4A0A000808080000000FF0000FF000000FFFF00FF000000FF00FF00FFFF0000FFFFFF0052525252525252525252525252525252525252525252525252525252525252525252525252525252525252525252525252525252525252525252525252525252525252525252525252525252525252
310
52525252525252525252525252525252525252525252525252525252525252525252525252525252525252525252525252525252525252525252525252525252525252525252525252525252525252525252525252525252525252525252525252525252525252525252525252525252525252525252525252525252525252
310
52525252525252525252525252525252525252525252525252525252525252525252525252525252525252525252525252525252525252525252525252525252525252525252525252525252525252525252525252525252525252525252525252525252525252525252525252525252525252525252525252525252525252
310
52525252525252525252525252525252525252525252525252525252525252525252525252525252525252525252525252525252525252525252525252525252525252525252525252525252525252525252525252525252525252525252525252525252525252525252525252525252525252525252525252525252525252
310
5252525252525252525252525252525252525252525252525252525252525252525252525252525252525252525252525252525252FFFFFFFFFFFFFFFFFFFFFFFFFFFFFFFFFFFFFFFFFFFFFFFFFFFFFFFFFFFF5252525252525252525252525252525252525252525252525252525252525252525252525252525252525252
310
52525252525252525252525252525252525252525252525252525252525252525252525252525252525252525252525252525252525252525252525252525252525252525252525252525252525252525252525252525252525252525252525252525252525252525252525252525252525252525252525252525252525252
310
52525252525252525252525252525252525252525252525252525252525252525252525252525252525252525252525252525252525252525252525252525252525252525252525252525252525252525252525252525252525252525252525252525252525252525252525252525252525252525252525252525252525252
310
52525252525252525252525252525252525252525252525252525252525252525252525252525252525252525252525252525252525252525252525252525252525252525252525252525252525252525252525252525252525252525252525252525252525252525252525252525252525252525252525252525252525252
310
5252525252525252525252525252525252525252525252525252525252525252525252525252525252525252525252525252525252525252
 70
     0
280
     1
281
     0
1001
AcDbDynamicBlockGUID
1000
{9A6F2D7A-0113-4553-8D45-C967C744133A}
  0
BLOCK_RECORD
  5
8556
102
{ACAD_XDICTIONARY
360
BC15
102
}
330
1
100
AcDbSymbolTableRecord
100
AcDbBlockTableRecord
  2
_ACMFILLEDHALF
340
0
310
2800000020000000200000000100080000000000000400000000000000000000000000000000000000000000000080000080000000808000800000008000800080800000C0C0C000C0DCC000F0CAA6000020400000206000002080000020A0000020C0000020E00000400000004020000040400000406000004080000040A0
310
000040C0000040E00000600000006020000060400000606000006080000060A0000060C0000060E00000800000008020000080400000806000008080000080A0000080C0000080E00000A0000000A0200000A0400000A0600000A0800000A0A00000A0C00000A0E00000C0000000C0200000C0400000C0600000C0800000C0
310
A00000C0C00000C0E00000E0000000E0200000E0400000E0600000E0800000E0A00000E0C00000E0E00040000000400020004000400040006000400080004000A0004000C0004000E00040200000402020004020400040206000402080004020A0004020C0004020E000404000004040200040404000404060004040800040
310
40A0004040C0004040E00040600000406020004060400040606000406080004060A0004060C0004060E00040800000408020004080400040806000408080004080A0004080C0004080E00040A0000040A0200040A0400040A0600040A0800040A0A00040A0C00040A0E00040C0000040C0200040C0400040C0600040C08000
310
40C0A00040C0C00040C0E00040E0000040E0200040E0400040E0600040E0800040E0A00040E0C00040E0E00080000000800020008000400080006000800080008000A0008000C0008000E00080200000802020008020400080206000802080008020A0008020C0008020E00080400000804020008040400080406000804080
310
008040A0008040C0008040E00080600000806020008060400080606000806080008060A0008060C0008060E00080800000808020008080400080806000808080008080A0008080C0008080E00080A0000080A0200080A0400080A0600080A0800080A0A00080A0C00080A0E00080C0000080C0200080C0400080C0600080C0
310
800080C0A00080C0C00080C0E00080E0000080E0200080E0400080E0600080E0800080E0A00080E0C00080E0E000C0000000C0002000C0004000C0006000C0008000C000A000C000C000C000E000C0200000C0202000C0204000C0206000C0208000C020A000C020C000C020E000C0400000C0402000C0404000C0406000C0
310
408000C040A000C040C000C040E000C0600000C0602000C0604000C0606000C0608000C060A000C060C000C060E000C0800000C0802000C0804000C0806000C0808000C080A000C080C000C080E000C0A00000C0A02000C0A04000C0A06000C0A08000C0A0A000C0A0C000C0A0E000C0C00000C0C02000C0C04000C0C06000
310
C0C08000C0C0A000F0FBFF00A4A0A000808080000000FF0000FF000000FFFF00FF000000FF00FF00FFFF0000FFFFFF0052525252525252525252525252525252525252525252525252525252525252525252525252525252525252525252525252525252525252525252525252525252525252525252525252525252525252
310
52525252525252525252525252525252525252525252525252525252525252525252525252525252525252525252525252525252525252525252525252525252525252525252525252525252525252525252525252525252525252525252525252525252525252525252525252525252525252525252525252525252525252
310
52525252525252525252525252525252525252525252525252525252525252525252525252525252525252525252525252525252525252525252525252525252525252525252525252525252525252525252525252525252525252525252525252525252525252525252525252525252525252525252525252525252525252
310
525252525252525252525252525252525252525252525252525252525252525252525252525252525252525252525252525252525252525252525252525252525252525252525252525252525252525252525252FFFFFFFFFFFFFFFFFFFFFFFFFFFFFFFFFFFFFFFFFFFFFFFFFFFFFFFFFFFF52525252525252FFFFFFFFFFFF
310
FFFFFFFFFFFFFFFFFFFFFFFFFFFFFFFF525252525252525252FFFFFFFFFFFFFFFFFFFFFFFFFFFFFFFFFF52525252525252525252525252FFFFFFFFFFFFFFFFFFFFFFFFFF525252525252525252525252525252525252FFFFFFFFFFFFFFFF5252525252525252525252525252525252525252525252FFFFFF52525252525252
310
52525252525252525252525252525252525252525252525252525252525252525252525252525252525252525252525252525252525252525252525252525252525252525252525252525252525252525252525252525252525252525252525252525252525252525252525252525252525252525252525252525252525252
310
52525252525252525252525252525252525252525252525252525252525252525252525252525252525252525252525252525252525252525252525252525252525252525252525252525252525252525252525252525252525252525252525252525252525252525252525252525252525252525252525252525252525252
310
52525252525252525252525252525252525252525252525252525252525252525252525252525252525252525252525252525252525252525252525252525252525252525252525252525252525252525252525252525252525252525252525252525252525252525252525252525252525252525252525252525252525252
310
5252525252525252525252525252525252525252525252525252525252525252525252525252525252525252525252525252525252525252
 70
     0
280
     1
281
     0
1001
AcDbDynamicBlockGUID
1000
{79B280EB-EC18-40FA-BCE2-A63D19384B67}
  0
BLOCK_RECORD
  5
106F6
102
{ACAD_XDICTIONARY
360
1B3B6
102
}
330
1
100
AcDbSymbolTableRecord
100
AcDbBlockTableRecord
  2
Undergang gang tnl.
340
0
310
2800000020000000200000000100080000000000000400000000000000000000000000000000000000000000000080000080000000808000800000008000800080800000C0C0C000C0DCC000F0CAA6000020400000206000002080000020A0000020C0000020E00000400000004020000040400000406000004080000040A0
310
000040C0000040E00000600000006020000060400000606000006080000060A0000060C0000060E00000800000008020000080400000806000008080000080A0000080C0000080E00000A0000000A0200000A0400000A0600000A0800000A0A00000A0C00000A0E00000C0000000C0200000C0400000C0600000C0800000C0
310
A00000C0C00000C0E00000E0000000E0200000E0400000E0600000E0800000E0A00000E0C00000E0E00040000000400020004000400040006000400080004000A0004000C0004000E00040200000402020004020400040206000402080004020A0004020C0004020E000404000004040200040404000404060004040800040
310
40A0004040C0004040E00040600000406020004060400040606000406080004060A0004060C0004060E00040800000408020004080400040806000408080004080A0004080C0004080E00040A0000040A0200040A0400040A0600040A0800040A0A00040A0C00040A0E00040C0000040C0200040C0400040C0600040C08000
310
40C0A00040C0C00040C0E00040E0000040E0200040E0400040E0600040E0800040E0A00040E0C00040E0E00080000000800020008000400080006000800080008000A0008000C0008000E00080200000802020008020400080206000802080008020A0008020C0008020E00080400000804020008040400080406000804080
310
008040A0008040C0008040E00080600000806020008060400080606000806080008060A0008060C0008060E00080800000808020008080400080806000808080008080A0008080C0008080E00080A0000080A0200080A0400080A0600080A0800080A0A00080A0C00080A0E00080C0000080C0200080C0400080C0600080C0
310
800080C0A00080C0C00080C0E00080E0000080E0200080E0400080E0600080E0800080E0A00080E0C00080E0E000C0000000C0002000C0004000C0006000C0008000C000A000C000C000C000E000C0200000C0202000C0204000C0206000C0208000C020A000C020C000C020E000C0400000C0402000C0404000C0406000C0
310
408000C040A000C040C000C040E000C0600000C0602000C0604000C0606000C0608000C060A000C060C000C060E000C0800000C0802000C0804000C0806000C0808000C080A000C080C000C080E000C0A00000C0A02000C0A04000C0A06000C0A08000C0A0A000C0A0C000C0A0E000C0C00000C0C02000C0C04000C0C06000
310
C0C08000C0C0A000F0FBFF00A4A0A000808080000000FF0000FF000000FFFF00FF000000FF00FF00FFFF0000FFFFFF0052525252525252525252525252525252525252525252525252525252525252525252525252525252525252525252525252525252525252525252525252525252525252525252525252525252525252
310
52525252525252525252525252525252525252525252525252525252525252525252525252525252525252525252525252525252525252525252525252525252525252525252525252525252525252525252FE52525252525252525252525252525252525252525252525252525252FE5252FE525252525252525252525252
310
52525252525252525252525252525252FE5252FE52525252525252525252525252525252525252525252525252525252FE5252FE52525252525252525252525252525252525252525252525252525252FE5252FE52525252525252525252525252525252525252525252525252525252FE5252FE5252525252525252525252
310
5252525252525252525252525252525252FE5252FE52525252525252525252525252525252525252525252525252525252FE5252FE52525252525252525252525252525252525252525252525252525252FE5252FE52525252525252525252525252525252525252525252525252525252FE5252FE52525252525252525252
310
525252525252525252525252525252525252FE5252FE52525252525252525252525252525252525252525252525252525252FE5252FE52525252525252525252525252525252525252525252525252525252FE5252FE52525252525252525252525252525252525252525252525252525252FE5252FE525252525252525252
310
52525252525252525252525252525252525252FE5252FE52525252525252525252525252525252525252525252525252525252FE5252FE52525252525252525252525252525252525252525252525252525252FE5252FE52525252525252525252525252525252525252525252525252525252FE5252FE5252525252525252
310
5252525252525252525252525252525252525252FE5252FE52525252525252525252525252525252525252525252525252525252FE5252FE52525252525252525252525252525252525252525252525252525252FE5252FE52525252525252525252525252525252525252525252525252525252FE5252FEFEFEFEFEFEFEFE
310
FEFEFEFEFEFEFEFEFEFEFEFEFEFEFEFEFEFEFEFEFEFE525252525252525252525252525252525252525252525252525252525252525252525252525252525252525252525252525252525252525252525252525252525252525252525252525252525252525252525252525252525252525252525252525252525252525252
310
5252525252525252525252525252525252525252525252525252525252525252525252525252525252525252525252525252525252525252
102
{BLKREFS
331
1A9D7
331
1A9D8
331
1A9EA
102
}
 70
     4
280
     0
281
     0
1001
AcDbDynamicBlockGUID
1000
{D2640FEB-C2FE-4652-B773-47A9FC7E618E}
  0
BLOCK_RECORD
  5
12BD8
102
{ACAD_XDICTIONARY
360
14746
102
}
330
1
100
AcDbSymbolTableRecord
100
AcDbBlockTableRecord
  2
Gangbru
340
0
310
2800000020000000200000000100080000000000000400000000000000000000000000000000000000000000000080000080000000808000800000008000800080800000C0C0C000C0DCC000F0CAA6000020400000206000002080000020A0000020C0000020E00000400000004020000040400000406000004080000040A0
310
000040C0000040E00000600000006020000060400000606000006080000060A0000060C0000060E00000800000008020000080400000806000008080000080A0000080C0000080E00000A0000000A0200000A0400000A0600000A0800000A0A00000A0C00000A0E00000C0000000C0200000C0400000C0600000C0800000C0
310
A00000C0C00000C0E00000E0000000E0200000E0400000E0600000E0800000E0A00000E0C00000E0E00040000000400020004000400040006000400080004000A0004000C0004000E00040200000402020004020400040206000402080004020A0004020C0004020E000404000004040200040404000404060004040800040
310
40A0004040C0004040E00040600000406020004060400040606000406080004060A0004060C0004060E00040800000408020004080400040806000408080004080A0004080C0004080E00040A0000040A0200040A0400040A0600040A0800040A0A00040A0C00040A0E00040C0000040C0200040C0400040C0600040C08000
310
40C0A00040C0C00040C0E00040E0000040E0200040E0400040E0600040E0800040E0A00040E0C00040E0E00080000000800020008000400080006000800080008000A0008000C0008000E00080200000802020008020400080206000802080008020A0008020C0008020E00080400000804020008040400080406000804080
310
008040A0008040C0008040E00080600000806020008060400080606000806080008060A0008060C0008060E00080800000808020008080400080806000808080008080A0008080C0008080E00080A0000080A0200080A0400080A0600080A0800080A0A00080A0C00080A0E00080C0000080C0200080C0400080C0600080C0
310
800080C0A00080C0C00080C0E00080E0000080E0200080E0400080E0600080E0800080E0A00080E0C00080E0E000C0000000C0002000C0004000C0006000C0008000C000A000C000C000C000E000C0200000C0202000C0204000C0206000C0208000C020A000C020C000C020E000C0400000C0402000C0404000C0406000C0
310
408000C040A000C040C000C040E000C0600000C0602000C0604000C0606000C0608000C060A000C060C000C060E000C0800000C0802000C0804000C0806000C0808000C080A000C080C000C080E000C0A00000C0A02000C0A04000C0A06000C0A08000C0A0A000C0A0C000C0A0E000C0C00000C0C02000C0C04000C0C06000
310
C0C08000C0C0A000F0FBFF00A4A0A000808080000000FF0000FF000000FFFF00FF000000FF00FF00FFFF0000FFFFFF00525252525252525252525252525252525252525252525252525252525252525252525252525252525252FE52525252525252525252FE525252525252525252525252525252525252525252FE525252
310
5252525252FE5252525252525252525252525252525252525252525252FEFFFFFFFFFFFFFE525252525252525252525252525252525252525252525252FE5252FFFF5252FE525252525252525252525252525252525252525252525252FE5252FFFF5252FE525252525252525252525252525252525252525252525252FE52
310
52FFFF5252FE525252525252525252525252525252525252525252525252FE5252FFFF5252FE525252525252525252525252525252525252525252525252FE5252FFFF5252FE525252525252525252525252525252525252525252525252FE5252FFFF5252FE525252525252525252525252525252525252525252525252FE
310
5252FFFF5252FE525252525252525252525252525252525252525252525252FE5252FFFF5252FE525252525252525252525252525252525252525252525252FE5252FFFF5252FE525252525252525252525252525252525252525252525252FE5252FFFF5252FE525252525252525252525252525252525252525252525252
310
FE5252FFFF5252FE525252525252525252525252525252525252525252525252FE5252FFFF5252FE525252525252525252525252525252525252525252525252FE5252FFFF5252FE525252525252525252525252525252525252525252525252FE5252FFFF5252FE5252525252525252525252525252525252525252525252
310
52FE5252FFFF5252FE525252525252525252525252525252525252525252525252FE5252FFFF5252FE525252525252525252525252525252525252525252525252FE5252FFFF5252FE525252525252525252525252525252525252525252525252FE5252FFFF5252FE52525252525252525252525252525252525252525252
310
5252FE5252FFFF5252FE525252525252525252525252525252525252525252525252FE5252FFFF5252FE525252525252525252525252525252525252525252525252FE5252FFFF5252FE525252525252525252525252525252525252525252525252FE5252FFFF5252FE525252525252525252525252525252525252525252
310
525252FE5252FFFF5252FE525252525252525252525252525252525252525252525252FE5252FFFF5252FE525252525252525252525252525252525252525252525252FEFFFFFFFFFFFFFE5252525252525252525252525252525252525252525252FE5252525252525252FE52525252525252525252525252525252525252
310
5252FE52525252525252525252FE525252525252525252525252525252525252525252525252525252525252525252525252525252525252
 70
     4
280
     0
281
     0
1001
AcDbBlockRepETag
1070
     1
1071
        4
1001
AcDbDynamicBlockTrueName
1000
Gangbru
1001
AcDbDynamicBlockGUID
1000
{B35B0394-FBC7-D848-9223-5808BECD01B7}
  0
BLOCK_RECORD
  5
14200
102
{ACAD_XDICTIONARY
360
150D2
102
}
330
1
100
AcDbSymbolTableRecord
100
AcDbBlockTableRecord
  2
Planovergang
340
0
310
280000002000000020000000010020000000000000100000010000000100000000000000000000003C493CFF3C493CFF3C493CFF3C493CFF3C493CFF3C493CFF3C493CFF3C493CFF3C493CFF3C493CFF3C493CFF3C493CFF3C493CFF3C493CFF3C493CFF3C493CFF3C493CFF3C493CFF3C493CFF3C493CFF3C493CFF3C493C
310
FF3C493CFF3C493CFF3C493CFF3C493CFF3C493CFF3C493CFF3C493CFF3C493CFF3C493CFF3C493CFF3C493CFF3C493CFF3C493CFF3C493CFF3C493CFF3C493CFF3C493CFF3C493CFFFFFF00FF3C493CFF3C493CFF3C493CFF3C493CFF3C493CFF3C493CFF3C493CFF3C493CFF3C493CFF3C493CFF3C493CFF3C493CFF3C49
310
3CFF3C493CFFFFFF00FF3C493CFF3C493CFF3C493CFF3C493CFF3C493CFF3C493CFF3C493CFF3C493CFF3C493CFF3C493CFF3C493CFF3C493CFF3C493CFF3C493CFF3C493CFF3C493CFFFFFF00FF3C493CFF3C493CFF3C493CFF3C493CFF3C493CFF3C493CFF3C493CFF3C493CFF3C493CFF3C493CFF3C493CFF3C493CFF3C
310
493CFF3C493CFFFFFF00FF3C493CFF3C493CFF3C493CFF3C493CFF3C493CFF3C493CFF3C493CFF3C493CFF3C493CFF3C493CFF3C493CFF3C493CFF3C493CFF3C493CFF3C493CFF3C493CFFFFFF00FF3C493CFF3C493CFF3C493CFF3C493CFF3C493CFF3C493CFF3C493CFF3C493CFF3C493CFF3C493CFF3C493CFF3C493CFF
310
3C493CFF3C493CFFFFFF00FF3C493CFF3C493CFF3C493CFF3C493CFF3C493CFF3C493CFF3C493CFF3C493CFF3C493CFF3C493CFF3C493CFF3C493CFF3C493CFF3C493CFF3C493CFF3C493CFFFFFF00FF3C493CFF3C493CFF3C493CFF3C493CFF3C493CFF3C493CFF3C493CFF3C493CFF3C493CFF3C493CFF3C493CFF3C493C
310
FF3C493CFF3C493CFFFFFF00FF3C493CFF3C493CFF3C493CFF3C493CFF3C493CFF3C493CFF3C493CFF3C493CFF3C493CFF3C493CFF3C493CFF3C493CFF3C493CFF3C493CFF3C493CFF3C493CFFFFFF00FF3C493CFF3C493CFF3C493CFF3C493CFF3C493CFF3C493CFF3C493CFF3C493CFF3C493CFF3C493CFF3C493CFF3C49
310
3CFF3C493CFF3C493CFFFFFF00FF3C493CFF3C493CFF3C493CFF3C493CFF3C493CFF3C493CFF3C493CFF3C493CFF3C493CFF3C493CFF3C493CFF3C493CFF3C493CFF3C493CFF3C493CFF3C493CFFFFFF00FF3C493CFF3C493CFF3C493CFF3C493CFF3C493CFF3C493CFF3C493CFF3C493CFF3C493CFF3C493CFF3C493CFF3C
310
493CFF3C493CFF3C493CFFFFFF00FF3C493CFF3C493CFF3C493CFF3C493CFF3C493CFF3C493CFF3C493CFF3C493CFF3C493CFF3C493CFF3C493CFF3C493CFF3C493CFF3C493CFF3C493CFF3C493CFFFFFF00FF3C493CFF3C493CFF3C493CFF3C493CFF3C493CFF3C493CFF3C493CFF3C493CFF3C493CFF3C493CFF3C493CFF
310
3C493CFF3C493CFF3C493CFFFFFF00FF3C493CFF3C493CFF3C493CFF3C493CFF3C493CFF3C493CFF3C493CFF3C493CFF3C493CFF3C493CFF3C493CFF3C493CFF3C493CFF3C493CFF3C493CFF3C493CFFFFFF00FF3C493CFF3C493CFF3C493CFF3C493CFF3C493CFF3C493CFF3C493CFF3C493CFF3C493CFF3C493CFF3C493C
310
FF3C493CFF3C493CFF3C493CFFFFFF00FF3C493CFF3C493CFF3C493CFF3C493CFF3C493CFF3C493CFF3C493CFF3C493CFF3C493CFF3C493CFF3C493CFF3C493CFF3C493CFF3C493CFF3C493CFF3C493CFFFFFF00FF3C493CFF3C493CFF3C493CFF3C493CFF3C493CFF3C493CFF3C493CFF3C493CFF3C493CFF3C493CFF3C49
310
3CFF3C493CFF3C493CFF3C493CFFFFFF00FF3C493CFF3C493CFF3C493CFF3C493CFF3C493CFF3C493CFF3C493CFF3C493CFF3C493CFF3C493CFF3C493CFF3C493CFF3C493CFF3C493CFF3C493CFF3C493CFFFFFF00FF3C493CFF3C493CFF3C493CFF3C493CFF3C493CFF3C493CFF3C493CFF3C493CFF3C493CFF3C493CFF3C
310
493CFF3C493CFF3C493CFF3C493CFFFFFF00FF3C493CFF3C493CFF3C493CFF3C493CFF3C493CFF3C493CFF3C493CFF3C493CFF3C493CFF3C493CFF3C493CFF3C493CFF3C493CFF3C493CFF3C493CFF3C493CFFFFFF00FF3C493CFF3C493CFF3C493CFF3C493CFF3C493CFF3C493CFF3C493CFF3C493CFF3C493CFF3C493CFF
310
3C493CFF3C493CFF3C493CFF3C493CFFFFFF00FF3C493CFF3C493CFF3C493CFF3C493CFF3C493CFF3C493CFF3C493CFF3C493CFF3C493CFF3C493CFF3C493CFF3C493CFF3C493CFF3C493CFF3C493CFF3C493CFFFFFF00FF3C493CFF3C493CFF3C493CFF3C493CFF3C493CFF3C493CFF3C493CFF3C493CFF3C493CFF3C493C
310
FF3C493CFF3C493CFF3C493CFF3C493CFFFFFF00FF3C493CFF3C493CFF3C493CFF3C493CFF3C493CFF3C493CFF3C493CFF3C493CFF3C493CFF3C493CFF3C493CFF3C493CFF3C493CFF3C493CFF3C493CFF3C493CFFFFFF00FF3C493CFF3C493CFF3C493CFF3C493CFF3C493CFF3C493CFF3C493CFF3C493CFF3C493CFF3C49
310
3CFF3C493CFF3C493CFF3C493CFF3C493CFFFFFF00FF3C493CFF3C493CFF3C493CFF3C493CFF3C493CFF3C493CFF3C493CFF3C493CFF3C493CFF3C493CFF3C493CFF3C493CFF3C493CFF3C493CFF3C493CFF3C493CFFFFFF00FF3C493CFF3C493CFF3C493CFF3C493CFF3C493CFF3C493CFF3C493CFF3C493CFF3C493CFF3C
310
493CFF3C493CFF3C493CFF3C493CFF3C493CFFFFFF00FF3C493CFF3C493CFF3C493CFF3C493CFF3C493CFF3C493CFF3C493CFF3C493CFF3C493CFF3C493CFF3C493CFF3C493CFF3C493CFF3C493CFF3C493CFF3C493CFFFFFF00FF3C493CFF3C493CFF3C493CFF3C493CFF3C493CFF3C493CFF3C493CFF3C493CFF3C493CFF
310
3C493CFF3C493CFF3C493CFF3C493CFF3C493CFFFFFF00FF3C493CFF3C493CFF3C493CFF3C493CFF3C493CFF3C493CFF3C493CFF3C493CFF3C493CFF3C493CFF3C493CFF3C493CFF3C493CFF3C493CFF3C493CFF3C493CFFFFFF00FF3C493CFF3C493CFF3C493CFF3C493CFF3C493CFF3C493CFF3C493CFF3C493CFF3C493C
310
FF3C493CFF3C493CFF3C493CFF3C493CFF3C493CFFFFFF00FF3C493CFF3C493CFF3C493CFF3C493CFF3C493CFF3C493CFF3C493CFF3C493CFF3C493CFF3C493CFF3C493CFF3C493CFF3C493CFF3C493CFF3C493CFF3C493CFFFFFF00FF3C493CFF3C493CFF3C493CFF3C493CFF3C493CFF3C493CFF3C493CFF3C493CFF3C49
310
3CFF3C493CFF3C493CFF3C493CFF3C493CFF3C493CFFFFFF00FF3C493CFF3C493CFF3C493CFF3C493CFF3C493CFF3C493CFF3C493CFF3C493CFF3C493CFF3C493CFF3C493CFF3C493CFF3C493CFF3C493CFF3C493CFF3C493CFFFFFF00FF3C493CFF3C493CFF3C493CFF3C493CFF3C493CFF3C493CFF3C493CFF3C493CFF3C
310
493CFF3C493CFF3C493CFF3C493CFF3C493CFF3C493CFFFFFF00FF3C493CFF3C493CFF3C493CFF3C493CFF3C493CFF3C493CFF3C493CFF3C493CFF3C493CFF3C493CFF3C493CFF3C493CFF3C493CFF3C493CFF3C493CFF3C493CFFFFFF00FF3C493CFF3C493CFF3C493CFF3C493CFF3C493CFF3C493CFF3C493CFF3C493CFF
310
3C493CFF3C493CFF3C493CFF3C493CFF3C493CFF3C493CFFFFFF00FF3C493CFF3C493CFF3C493CFF3C493CFF3C493CFF3C493CFF3C493CFF3C493CFF3C493CFF3C493CFF3C493CFF3C493CFF3C493CFF3C493CFF3C493CFF3C493CFFFFFF00FF3C493CFF3C493CFF3C493CFF3C493CFF3C493CFF3C493CFF3C493CFF3C493C
310
FF3C493CFF3C493CFF3C493CFF3C493CFF3C493CFF3C493CFFFFFF00FF3C493CFF3C493CFF3C493CFF3C493CFF3C493CFF3C493CFF3C493CFF3C493CFF3C493CFF3C493CFF3C493CFF3C493CFF3C493CFF3C493CFF3C493CFF3C493CFFFFFF00FF3C493CFF3C493CFF3C493CFF3C493CFF3C493CFF3C493CFF3C493CFF3C49
310
3CFF3C493CFF3C493CFF3C493CFF3C493CFF3C493CFF3C493CFFFFFF00FF3C493CFF3C493CFF3C493CFF3C493CFF3C493CFF3C493CFF3C493CFF3C493CFF3C493CFF3C493CFF3C493CFF3C493CFF3C493CFF3C493CFF3C493CFF3C493CFFFFFF00FF3C493CFF3C493CFF3C493CFF3C493CFF3C493CFF3C493CFF3C493CFF3C
310
493CFF3C493CFF3C493CFF3C493CFF3C493CFF3C493CFF3C493CFFFFFF00FF3C493CFF3C493CFF3C493CFF3C493CFF3C493CFF3C493CFF3C493CFF3C493CFF3C493CFF3C493CFF3C493CFF3C493CFF3C493CFF3C493CFF3C493CFF3C493CFFFFFF00FF3C493CFF3C493CFF3C493CFF3C493CFF3C493CFF3C493CFF3C493CFF
310
3C493CFF3C493CFF3C493CFF3C493CFF3C493CFF3C493CFF3C493CFFFFFF00FF3C493CFF3C493CFF3C493CFF3C493CFF3C493CFF3C493CFF3C493CFF3C493CFF3C493CFF3C493CFF3C493CFF3C493CFF3C493CFF3C493CFF3C493CFF3C493CFFFFFF00FF3C493CFF3C493CFF3C493CFF3C493CFF3C493CFF3C493CFF3C493C
310
FF3C493CFF3C493CFF3C493CFF3C493CFF3C493CFF3C493CFF3C493CFFFFFF00FF3C493CFF3C493CFF3C493CFF3C493CFF3C493CFF3C493CFF3C493CFF3C493CFF3C493CFF3C493CFF3C493CFF3C493CFF3C493CFF3C493CFF3C493CFF3C493CFFFFFF00FF3C493CFF3C493CFF3C493CFF3C493CFF3C493CFF3C493CFF3C49
310
3CFF3C493CFF3C493CFF3C493CFF3C493CFF3C493CFF3C493CFF3C493CFFFFFF00FF3C493CFF3C493CFF3C493CFF3C493CFF3C493CFF3C493CFF3C493CFF3C493CFF3C493CFF3C493CFF3C493CFF3C493CFF3C493CFF3C493CFF3C493CFF3C493CFFFFFF00FF3C493CFF3C493CFF3C493CFF3C493CFF3C493CFF3C493CFF3C
310
493CFF3C493CFF3C493CFF3C493CFF3C493CFF3C493CFF3C493CFF3C493CFFFFFF00FF3C493CFF3C493CFF3C493CFF3C493CFF3C493CFF3C493CFF3C493CFF3C493CFF3C493CFF3C493CFF3C493CFF3C493CFF3C493CFF3C493CFF3C493CFF3C493CFFFFFF00FF3C493CFF3C493CFF3C493CFF3C493CFF3C493CFF3C493CFF
310
3C493CFF3C493CFF3C493CFF3C493CFF3C493CFF3C493CFF3C493CFF3C493CFFFFFF00FF3C493CFF3C493CFF3C493CFF3C493CFF3C493CFF3C493CFF3C493CFF3C493CFF3C493CFF3C493CFF3C493CFF3C493CFF3C493CFF3C493CFF3C493CFF3C493CFFFFFF00FF3C493CFF3C493CFF3C493CFF3C493CFF3C493CFF3C493C
310
FF3C493CFF3C493CFF3C493CFF3C493CFF3C493CFF3C493CFF3C493CFF3C493CFFFFFF00FF3C493CFF3C493CFF3C493CFF3C493CFF3C493CFF3C493CFF3C493CFF3C493CFF3C493CFF3C493CFF3C493CFF3C493CFF3C493CFF3C493CFF3C493CFF3C493CFFFFFF00FF3C493CFF3C493CFF3C493CFF3C493CFF3C493CFF3C49
310
3CFF3C493CFF3C493CFF3C493CFF3C493CFF3C493CFF3C493CFF3C493CFF3C493CFFFFFF00FF3C493CFF3C493CFF3C493CFF3C493CFF3C493CFF3C493CFF3C493CFF3C493CFF3C493CFF3C493CFF3C493CFF3C493CFF3C493CFF3C493CFF3C493CFF3C493CFFFFFF00FF3C493CFF3C493CFF3C493CFF3C493CFF3C493CFF3C
310
493CFF3C493CFF3C493CFF3C493CFF3C493CFF3C493CFF3C493CFF3C493CFF3C493CFFFFFF00FF3C493CFF3C493CFF3C493CFF3C493CFF3C493CFF3C493CFF3C493CFF3C493CFF3C493CFF3C493CFF3C493CFF3C493CFF3C493CFF3C493CFF3C493CFF3C493CFF3C493CFF3C493CFF3C493CFF3C493CFF3C493CFF3C493CFF
310
3C493CFF3C493CFF3C493CFF3C493CFF3C493CFF3C493CFF3C493CFF3C493CFF3C493CFF3C493CFF3C493CFF3C493CFF3C493CFF3C493CFF3C493CFF3C493CFF3C493CFF3C493CFF
 70
     4
280
     1
281
     0
1001
AcDbBlockRepETag
1070
     1
1071
        2
1001
AcDbDynamicBlockTrueName
1000
Planovergang
1001
AcDbDynamicBlockGUID
1000
{30669D69-BCBD-B140-BF0E-C35A2E3BBDDE}
  0
BLOCK_RECORD
  5
14756
102
{ACAD_XDICTIONARY
360
1475B
102
}
330
1
100
AcDbSymbolTableRecord
100
AcDbBlockTableRecord
  2
*U6
340
0
102
{BLKREFS
331
1A9DA
331
1A9EB
102
}
 70
     0
280
     0
281
     0
1001
AcDbBlockRepBTag
1070
     1
1005
12BD8
  0
BLOCK_RECORD
  5
150E6
102
{ACAD_XDICTIONARY
360
150EB
102
}
330
1
100
AcDbSymbolTableRecord
100
AcDbBlockTableRecord
  2
*U7
340
0
102
{BLKREFS
331
1A99F
102
}
 70
     0
280
     1
281
     0
1001
AcDbBlockRepBTag
1070
     1
1005
14200
  0
BLOCK_RECORD
  5
162F8
330
1
100
AcDbSymbolTableRecord
100
AcDbBlockTableRecord
  2
_None
340
0
 70
     0
280
     1
281
     0
  0
BLOCK_RECORD
  5
19A33
102
{ACAD_XDICTIONARY
360
19AC7
102
}
330
1
100
AcDbSymbolTableRecord
100
AcDbBlockTableRecord
  2
Plattform
340
0
310
280000002000000020000000010020000000000000100000010000000100000000000000000000006D736DFF6D736DFF6D736DFF6D736DFF6D736DFF6D736DFF6D736DFF6D736DFF6D736DFF6D736DFF6D736DFF6D736DFF6D736DFF6D736DFF6D736DFF6D736DFF6D736DFF6D736DFF6D736DFF6D736DFF6D736DFF6D736D
310
FF6D736DFF6D736DFF6D736DFF6D736DFF6D736DFF6D736DFF6D736DFF6D736DFF6D736DFF6D736DFF6D736DFF6D736DFF6D736DFF6D736DFF6D736DFF6D736DFF6D736DFF6D736DFF6D736DFF6D736DFF6D736DFF6D736DFF6D736DFF6D736DFF6D736DFF6D736DFF6D736DFF6D736DFF6D736DFF6D736DFF6D736DFF6D73
310
6DFF6D736DFF6D736DFF6D736DFF6D736DFF6D736DFF6D736DFF6D736DFF6D736DFF6D736DFF6D736DFF6D736DFF6D736DFF6D736DFF6D736DFF6D736DFF6D736DFF6D736DFF6D736DFF6D736DFF6D736DFF6D736DFF6D736DFF6D736DFF6D736DFF6D736DFF6D736DFF6D736DFF6D736DFF6D736DFF6D736DFF6D736DFF6D
310
736DFF6D736DFF6D736DFF6D736DFF6D736DFF6D736DFF6D736DFF6D736DFF6D736DFF6D736DFF6D736DFF6D736DFF6D736DFF6D736DFF6D736DFF6D736DFF6D736DFF6D736DFF6D736DFF6D736DFF6D736DFF6D736DFF6D736DFF6D736DFF6D736DFF6D736DFF6D736DFF6D736DFF6D736DFF6D736DFF6D736DFF6D736DFF
310
6D736DFF6D736DFF6D736DFF6D736DFF6D736DFF6D736DFF6D736DFF6D736DFF6D736DFF6D736DFF6D736DFF6D736DFF6D736DFF6D736DFF6D736DFF6D736DFF6D736DFF6D736DFF6D736DFF6D736DFF6D736DFF6D736DFF6D736DFF6D736DFF6D736DFF6D736DFF6D736DFF6D736DFF6D736DFF6D736DFF6D736DFF6D736D
310
FF6D736DFF6D736DFF6D736DFF6D736DFF6D736DFF6D736DFF6D736DFF6D736DFF6D736DFF6D736DFF6D736DFF6D736DFF6D736DFF6D736DFF6D736DFF6D736DFF6D736DFF6D736DFF6D736DFF6D736DFF6D736DFF6D736DFF6D736DFF6D736DFF6D736DFF6D736DFF6D736DFF6D736DFF6D736DFF6D736DFF6D736DFF6D73
310
6DFF6D736DFF6D736DFF6D736DFF6D736DFF6D736DFF6D736DFF6D736DFF6D736DFF6D736DFF6D736DFF6D736DFF6D736DFF6D736DFF6D736DFF6D736DFF6D736DFF6D736DFF6D736DFF6D736DFF6D736DFF6D736DFF6D736DFF6D736DFF6D736DFF6D736DFF6D736DFF6D736DFF6D736DFF6D736DFF6D736DFF6D736DFF6D
310
736DFF6D736DFF6D736DFF6D736DFF6D736DFF6D736DFF6D736DFF6D736DFF6D736DFF6D736DFF6D736DFF6D736DFF6D736DFF6D736DFF6D736DFF6D736DFF6D736DFF6D736DFF6D736DFF6D736DFF6D736DFF6D736DFF6D736DFF6D736DFF6D736DFF6D736DFF6D736DFF6D736DFF6D736DFF6D736DFF6D736DFF6D736DFF
310
6D736DFF6D736DFF6D736DFF6D736DFF6D736DFF6D736DFF6D736DFF6D736DFF6D736DFF6D736DFF6D736DFF6D736DFF6D736DFF6D736DFF6D736DFF6D736DFF6D736DFF6D736DFF6D736DFF6D736DFF6D736DFF6D736DFF6D736DFF6D736DFF6D736DFF6D736DFF6D736DFF6D736DFF6D736DFF6D736DFF6D736DFF6D736D
310
FF6D736DFF6D736DFF6D736DFF6D736DFF6D736DFF6D736DFF6D736DFF6D736DFF6D736DFF6D736DFF6D736DFF6D736DFF6D736DFF6D736DFF6D736DFF6D736DFF6D736DFF6D736DFF6D736DFF6D736DFF6D736DFF6D736DFF6D736DFF6D736DFF6D736DFF6D736DFF6D736DFF6D736DFF6D736DFF6D736DFF6D736DFF6D73
310
6DFF6D736DFF6D736DFF6D736DFF6D736DFF6D736DFF6D736DFF6D736DFF6D736DFF6D736DFF6D736DFF6D736DFF6D736DFF6D736DFF6D736DFF6D736DFF6D736DFF6D736DFF6D736DFF6D736DFF6D736DFF6D736DFF6D736DFF6D736DFF6D736DFF6D736DFF6D736DFF6D736DFF6D736DFF6D736DFF6D736DFF6D736DFF6D
310
736DFF6D736DFF6D736DFF6D736DFF6D736DFF6D736DFF6D736DFF6D736DFF6D736DFF6D736DFF6D736DFF6D736DFF6D736DFF6D736DFF6D736DFF6D736DFF6D736DFF6D736DFF6D736DFF6D736DFF6D736DFF6D736DFF6D736DFF6D736DFF6D736DFF6D736DFF6D736DFF6D736DFF6D736DFF6D736DFF6D736DFF6D736DFF
310
6D736DFF6D736DFF6D736DFF6D736DFF6D736DFF6D736DFF6D736DFF6D736DFF6D736DFF6D736DFF6D736DFF6D736DFF6D736DFF6D736DFF6D736DFF6D736DFF6D736DFF6D736DFF6D736DFF6D736DFF6D736DFF6D736DFF6D736DFF6D736DFF6D736DFF6D736DFF6D736DFF6D736DFF6D736DFF6D736DFF6D736DFF6D736D
310
FF6D736DFF6D736DFF6D736DFF6D736DFF6D736DFF6D736DFF6D736DFF6D736DFF6D736DFF6D736DFF6D736DFF6D736DFF6D736DFF6D736DFFFFFF00FFFFFF00FFFFFF00FFFFFF00FFFFFF00FFFFFF00FFFFFF00FFFFFF00FFFFFF00FFFFFF00FFFFFF00FFFFFF00FFFFFF00FFFFFF00FFFFFF00FFFFFF00FFFFFF00FFFFFF
310
00FFFFFF00FFFFFF00FFFFFF00FFFFFF00FFFFFF00FFFFFF00FFFFFF00FFFFFF00FFFFFF00FFFFFF00FFFFFF00FFFFFF00FF6D736DFF6D736DFFFFFF00FF6D736DFFFFFF00FF6D736DFFFFFF00FFFFFF00FF6D736DFFFFFF00FF6D736DFFFFFF00FF6D736DFFFFFF00FFFFFF00FF6D736DFFFFFF00FF6D736DFFFFFF00FFFF
310
FF00FF6D736DFFFFFF00FF6D736DFFFFFF00FF6D736DFFFFFF00FFFFFF00FF6D736DFFFFFF00FF6D736DFF6D736DFFFFFF00FF6D736DFF6D736DFFFFFF00FFFFFF00FF6D736DFFFFFF00FF6D736DFFFFFF00FFFFFF00FF6D736DFFFFFF00FF6D736DFFFFFF00FF6D736DFFFFFF00FFFFFF00FF6D736DFFFFFF00FF6D736DFF
310
FFFF00FFFFFF00FF6D736DFFFFFF00FF6D736DFFFFFF00FF6D736DFFFFFF00FFFFFF00FF6D736DFFFFFF00FFFFFF00FFFFFF00FF6D736DFF6D736DFFFFFF00FFFFFF00FFFFFF00FFFFFF00FFFFFF00FFFFFF00FFFFFF00FFFFFF00FFFFFF00FFFFFF00FFFFFF00FFFFFF00FFFFFF00FFFFFF00FFFFFF00FFFFFF00FFFFFF00
310
FFFFFF00FFFFFF00FFFFFF00FFFFFF00FFFFFF00FFFFFF00FFFFFF00FFFFFF00FFFFFF00FFFFFF00FFFFFF00FF6D736DFFFFFF00FF6D736DFF6D736DFFFFFF00FFFFFF00FFFFFF00FF6D736DFFFFFF00FF6D736DFFFFFF00FFFFFF00FF6D736DFFFFFF00FF6D736DFFFFFF00FF6D736DFFFFFF00FFFFFF00FF6D736DFFFFFF
310
00FF6D736DFFFFFF00FF6D736DFFFFFF00FFFFFF00FF6D736DFFFFFF00FF6D736DFFFFFF00FFFFFF00FF6D736DFFFFFF00FFFFFF00FF6D736DFF6D736DFFFFFF00FFFFFF00FFFFFF00FFFFFF00FFFFFF00FFFFFF00FFFFFF00FFFFFF00FFFFFF00FFFFFF00FFFFFF00FFFFFF00FFFFFF00FFFFFF00FFFFFF00FFFFFF00FFFF
310
FF00FFFFFF00FFFFFF00FFFFFF00FFFFFF00FFFFFF00FFFFFF00FFFFFF00FFFFFF00FFFFFF00FFFFFF00FFFFFF00FFFFFF00FFFFFF00FF6D736DFF6D736DFF6D736DFF6D736DFF6D736DFF6D736DFF6D736DFF6D736DFF6D736DFF6D736DFF6D736DFF6D736DFF6D736DFF6D736DFF6D736DFF6D736DFF6D736DFF6D736DFF
310
6D736DFF6D736DFF6D736DFF6D736DFF6D736DFF6D736DFF6D736DFF6D736DFF6D736DFF6D736DFF6D736DFF6D736DFF6D736DFF6D736DFF6D736DFF6D736DFF6D736DFF6D736DFF6D736DFF6D736DFF6D736DFF6D736DFF6D736DFF6D736DFF6D736DFF6D736DFF6D736DFF6D736DFF6D736DFF6D736DFF6D736DFF6D736D
310
FF6D736DFF6D736DFF6D736DFF6D736DFF6D736DFF6D736DFF6D736DFF6D736DFF6D736DFF6D736DFF6D736DFF6D736DFF6D736DFF6D736DFF6D736DFF6D736DFF6D736DFF6D736DFF6D736DFF6D736DFF6D736DFF6D736DFF6D736DFF6D736DFF6D736DFF6D736DFF6D736DFF6D736DFF6D736DFF6D736DFF6D736DFF6D73
310
6DFF6D736DFF6D736DFF6D736DFF6D736DFF6D736DFF6D736DFF6D736DFF6D736DFF6D736DFF6D736DFF6D736DFF6D736DFF6D736DFF6D736DFF6D736DFF6D736DFF6D736DFF6D736DFF6D736DFF6D736DFF6D736DFF6D736DFF6D736DFF6D736DFF6D736DFF6D736DFF6D736DFF6D736DFF6D736DFF6D736DFF6D736DFF6D
310
736DFF6D736DFF6D736DFF6D736DFF6D736DFF6D736DFF6D736DFF6D736DFF6D736DFF6D736DFF6D736DFF6D736DFF6D736DFF6D736DFF6D736DFF6D736DFF6D736DFF6D736DFF6D736DFF6D736DFF6D736DFF6D736DFF6D736DFF6D736DFF6D736DFF6D736DFF6D736DFF6D736DFF6D736DFF6D736DFF6D736DFF6D736DFF
310
6D736DFF6D736DFF6D736DFF6D736DFF6D736DFF6D736DFF6D736DFF6D736DFF6D736DFF6D736DFF6D736DFF6D736DFF6D736DFF6D736DFF6D736DFF6D736DFF6D736DFF6D736DFF6D736DFF6D736DFF6D736DFF6D736DFF6D736DFF6D736DFF6D736DFF6D736DFF6D736DFF6D736DFF6D736DFF6D736DFF6D736DFF6D736D
310
FF6D736DFF6D736DFF6D736DFF6D736DFF6D736DFF6D736DFF6D736DFF6D736DFF6D736DFF6D736DFF6D736DFF6D736DFF6D736DFF6D736DFF6D736DFF6D736DFF6D736DFF6D736DFF6D736DFF6D736DFF6D736DFF6D736DFF6D736DFF6D736DFF6D736DFF6D736DFF6D736DFF6D736DFF6D736DFF6D736DFF6D736DFF6D73
310
6DFF6D736DFF6D736DFF6D736DFF6D736DFF6D736DFF6D736DFF6D736DFF6D736DFF6D736DFF6D736DFF6D736DFF6D736DFF6D736DFF6D736DFF6D736DFF6D736DFF6D736DFF6D736DFF6D736DFF6D736DFF6D736DFF6D736DFF6D736DFF6D736DFF6D736DFF6D736DFF6D736DFF6D736DFF6D736DFF6D736DFF6D736DFF6D
310
736DFF6D736DFF6D736DFF6D736DFF6D736DFF6D736DFF6D736DFF6D736DFF6D736DFF6D736DFF6D736DFF6D736DFF6D736DFF6D736DFF6D736DFF6D736DFF6D736DFF6D736DFF6D736DFF6D736DFF6D736DFF6D736DFF6D736DFF6D736DFF6D736DFF6D736DFF6D736DFF6D736DFF6D736DFF6D736DFF6D736DFF6D736DFF
310
6D736DFF6D736DFF6D736DFF6D736DFF6D736DFF6D736DFF6D736DFF6D736DFF6D736DFF6D736DFF6D736DFF6D736DFF6D736DFF6D736DFF6D736DFF6D736DFF6D736DFF6D736DFF6D736DFF6D736DFF6D736DFF6D736DFF6D736DFF6D736DFF6D736DFF6D736DFF6D736DFF6D736DFF6D736DFF6D736DFF6D736DFF6D736D
310
FF6D736DFF6D736DFF6D736DFF6D736DFF6D736DFF6D736DFF6D736DFF6D736DFF6D736DFF6D736DFF6D736DFF6D736DFF6D736DFF6D736DFF6D736DFF6D736DFF6D736DFF6D736DFF6D736DFF6D736DFF6D736DFF6D736DFF6D736DFF6D736DFF6D736DFF6D736DFF6D736DFF6D736DFF6D736DFF6D736DFF6D736DFF6D73
310
6DFF6D736DFF6D736DFF6D736DFF6D736DFF6D736DFF6D736DFF6D736DFF6D736DFF6D736DFF6D736DFF6D736DFF6D736DFF6D736DFF6D736DFF6D736DFF6D736DFF6D736DFF6D736DFF6D736DFF6D736DFF6D736DFF6D736DFF6D736DFF6D736DFF6D736DFF6D736DFF6D736DFF6D736DFF6D736DFF6D736DFF6D736DFF6D
310
736DFF6D736DFF6D736DFF6D736DFF6D736DFF6D736DFF6D736DFF6D736DFF6D736DFF6D736DFF6D736DFF6D736DFF6D736DFF6D736DFF6D736DFF6D736DFF6D736DFF6D736DFF6D736DFF6D736DFF6D736DFF6D736DFF6D736DFF6D736DFF6D736DFF6D736DFF6D736DFF6D736DFF6D736DFF6D736DFF6D736DFF6D736DFF
310
6D736DFF6D736DFF6D736DFF6D736DFF6D736DFF6D736DFF6D736DFF6D736DFF6D736DFF6D736DFF6D736DFF6D736DFF6D736DFF6D736DFF6D736DFF6D736DFF6D736DFF6D736DFF
102
{BLKREFS
331
1B8F7
102
}
 70
     4
280
     1
281
     0
1001
AcDbBlockRepETag
1070
     1
1071
        2
1001
AcDbDynamicBlockTrueName
1000
Plattform
1001
AcDbDynamicBlockGUID
1000
{42F196EC-A6AB-114B-90F0-6908801372E4}
  0
BLOCK_RECORD
  5
19A50
102
{ACAD_XDICTIONARY
360
1B429
102
}
330
1
100
AcDbSymbolTableRecord
100
AcDbBlockTableRecord
  2
Plattform2
340
0
310
280000002000000020000000010020000000000000100000010000000100000000000000000000006D736DFF6D736DFF6D736DFF6D736DFF6D736DFF6D736DFF6D736DFF6D736DFF6D736DFF6D736DFF6D736DFF6D736DFF6D736DFF6D736DFF6D736DFF6D736DFF6D736DFF6D736DFF6D736DFF6D736DFF6D736DFF6D736D
310
FF6D736DFF6D736DFF6D736DFF6D736DFF6D736DFF6D736DFF6D736DFF6D736DFF6D736DFF6D736DFF6D736DFF6D736DFF6D736DFF6D736DFF6D736DFF6D736DFF6D736DFF6D736DFF6D736DFF6D736DFF6D736DFF6D736DFF6D736DFF6D736DFF6D736DFF6D736DFF6D736DFF6D736DFF6D736DFF6D736DFF6D736DFF6D73
310
6DFF6D736DFF6D736DFF6D736DFF6D736DFF6D736DFF6D736DFF6D736DFF6D736DFF6D736DFF6D736DFF6D736DFF6D736DFF6D736DFF6D736DFF6D736DFF6D736DFF6D736DFF6D736DFF6D736DFF6D736DFF6D736DFF6D736DFF6D736DFF6D736DFF6D736DFF6D736DFF6D736DFF6D736DFF6D736DFF6D736DFF6D736DFF6D
310
736DFF6D736DFF6D736DFF6D736DFF6D736DFF6D736DFF6D736DFF6D736DFF6D736DFF6D736DFF6D736DFF6D736DFF6D736DFF6D736DFF6D736DFF6D736DFF6D736DFF6D736DFF6D736DFF6D736DFF6D736DFF6D736DFF6D736DFF6D736DFF6D736DFF6D736DFF6D736DFF6D736DFF6D736DFF6D736DFF6D736DFF6D736DFF
310
6D736DFF6D736DFF6D736DFF6D736DFF6D736DFF6D736DFF6D736DFF6D736DFF6D736DFF6D736DFF6D736DFF6D736DFF6D736DFF6D736DFF6D736DFF6D736DFF6D736DFF6D736DFF6D736DFF6D736DFF6D736DFF6D736DFF6D736DFF6D736DFF6D736DFF6D736DFF6D736DFF6D736DFF6D736DFF6D736DFF6D736DFF6D736D
310
FF6D736DFF6D736DFF6D736DFF6D736DFF6D736DFF6D736DFF6D736DFF6D736DFF6D736DFF6D736DFF6D736DFF6D736DFF6D736DFF6D736DFF6D736DFF6D736DFF6D736DFF6D736DFF6D736DFF6D736DFF6D736DFF6D736DFF6D736DFF6D736DFF6D736DFF6D736DFF6D736DFF6D736DFF6D736DFF6D736DFF6D736DFF6D73
310
6DFF6D736DFF6D736DFF6D736DFF6D736DFF6D736DFF6D736DFF6D736DFF6D736DFF6D736DFF6D736DFF6D736DFF6D736DFF6D736DFF6D736DFF6D736DFF6D736DFF6D736DFF6D736DFF6D736DFF6D736DFF6D736DFF6D736DFF6D736DFF6D736DFF6D736DFF6D736DFF6D736DFF6D736DFF6D736DFF6D736DFF6D736DFF6D
310
736DFF6D736DFF6D736DFF6D736DFF6D736DFF6D736DFF6D736DFF6D736DFF6D736DFF6D736DFF6D736DFF6D736DFF6D736DFF6D736DFF6D736DFF6D736DFF6D736DFF6D736DFF6D736DFF6D736DFF6D736DFF6D736DFF6D736DFF6D736DFF6D736DFF6D736DFF6D736DFF6D736DFF6D736DFF6D736DFF6D736DFF6D736DFF
310
6D736DFF6D736DFF6D736DFF6D736DFF6D736DFF6D736DFF6D736DFF6D736DFF6D736DFF6D736DFF6D736DFF6D736DFF6D736DFF6D736DFF6D736DFF6D736DFF6D736DFF6D736DFF6D736DFF6D736DFF6D736DFF6D736DFF6D736DFF6D736DFF6D736DFF6D736DFF6D736DFF6D736DFF6D736DFF6D736DFF6D736DFF6D736D
310
FF6D736DFF6D736DFF6D736DFF6D736DFF6D736DFF6D736DFF6D736DFF6D736DFF6D736DFF6D736DFF6D736DFF6D736DFF6D736DFF6D736DFF6D736DFF6D736DFF6D736DFF6D736DFF6D736DFF6D736DFF6D736DFF6D736DFF6D736DFF6D736DFF6D736DFF6D736DFF6D736DFF6D736DFF6D736DFF6D736DFF6D736DFF6D73
310
6DFF6D736DFF6D736DFF6D736DFF6D736DFF6D736DFF6D736DFF6D736DFF6D736DFF6D736DFF6D736DFF6D736DFF6D736DFF6D736DFF6D736DFF6D736DFF6D736DFF6D736DFF6D736DFF6D736DFF6D736DFF6D736DFF6D736DFF6D736DFF6D736DFF6D736DFF6D736DFF6D736DFF6D736DFF6D736DFF6D736DFF6D736DFF6D
310
736DFF6D736DFF6D736DFF6D736DFF6D736DFF6D736DFF6D736DFF6D736DFF6D736DFF6D736DFF6D736DFF6D736DFF6D736DFF6D736DFF6D736DFF6D736DFF6D736DFF6D736DFF6D736DFF6D736DFF6D736DFF6D736DFF6D736DFF6D736DFF6D736DFF6D736DFF6D736DFF6D736DFF6D736DFF6D736DFF6D736DFF6D736DFF
310
6D736DFF6D736DFF6D736DFF6D736DFF6D736DFF6D736DFF6D736DFF6D736DFF6D736DFF6D736DFF6D736DFF6D736DFF6D736DFF6D736DFF6D736DFF6D736DFF6D736DFF6D736DFF6D736DFF6D736DFF6D736DFF6D736DFF6D736DFF6D736DFF6D736DFF6D736DFF6D736DFF6D736DFF6D736DFF6D736DFF6D736DFF6D736D
310
FF6D736DFF6D736DFF6D736DFF6D736DFF6D736DFF6D736DFF6D736DFF6D736DFF6D736DFF6D736DFF6D736DFF6D736DFF6D736DFF6D736DFFFFFF00FFFFFF00FFFFFF00FFFFFF00FFFFFF00FFFFFF00FFFFFF00FFFFFF00FFFFFF00FFFFFF00FFFFFF00FFFFFF00FFFFFF00FFFFFF00FFFFFF00FFFFFF00FFFFFF00FFFFFF
310
00FFFFFF00FFFFFF00FFFFFF00FFFFFF00FFFFFF00FFFFFF00FFFFFF00FFFFFF00FFFFFF00FFFFFF00FFFFFF00FFFFFF00FF6D736DFF6D736DFFFFFF00FFFFFF00FFFFFF00FFFFFF00FFFFFF00FFFFFF00FFFFFF00FFFFFF00FFFFFF00FFFFFF00FFFFFF00FFFFFF00FFFFFF00FFFFFF00FFFFFF00FFFFFF00FFFFFF00FFFF
310
FF00FFFFFF00FFFFFF00FFFFFF00FFFFFF00FFFFFF00FFFFFF00FFFFFF00FFFFFF00FFFFFF00FFFFFF00FFFFFF00FFFFFF00FF6D736DFF6D736DFFFFFF00FFFFFF00FFFFFF00FFFFFF00FFFFFF00FFFFFF00FFFFFF00FFFFFF00FFFFFF00FFFFFF00FFFFFF00FFFFFF00FFFFFF00FFFFFF00FFFFFF00FFFFFF00FFFFFF00FF
310
FFFF00FFFFFF00FFFFFF00FFFFFF00FFFFFF00FFFFFF00FFFFFF00FFFFFF00FFFFFF00FFFFFF00FFFFFF00FFFFFF00FFFFFF00FF6D736DFF6D736DFFFFFF00FFFFFF00FFFFFF00FFFFFF00FFFFFF00FFFFFF00FFFFFF00FFFFFF00FFFFFF00FFFFFF00FFFFFF00FFFFFF00FFFFFF00FFFFFF00FFFFFF00FFFFFF00FFFFFF00
310
FFFFFF00FFFFFF00FFFFFF00FFFFFF00FFFFFF00FFFFFF00FFFFFF00FFFFFF00FFFFFF00FFFFFF00FFFFFF00FFFFFF00FFFFFF00FF6D736DFF6D736DFFFFFF00FFFFFF00FFFFFF00FFFFFF00FFFFFF00FFFFFF00FFFFFF00FFFFFF00FFFFFF00FFFFFF00FFFFFF00FFFFFF00FFFFFF00FFFFFF00FFFFFF00FFFFFF00FFFFFF
310
00FFFFFF00FFFFFF00FFFFFF00FFFFFF00FFFFFF00FFFFFF00FFFFFF00FFFFFF00FFFFFF00FFFFFF00FFFFFF00FFFFFF00FFFFFF00FF6D736DFF6D736DFFFFFF00FFFFFF00FFFFFF00FFFFFF00FFFFFF00FFFFFF00FFFFFF00FFFFFF00FFFFFF00FFFFFF00FFFFFF00FFFFFF00FFFFFF00FFFFFF00FFFFFF00FFFFFF00FFFF
310
FF00FFFFFF00FFFFFF00FFFFFF00FFFFFF00FFFFFF00FFFFFF00FFFFFF00FFFFFF00FFFFFF00FFFFFF00FFFFFF00FFFFFF00FFFFFF00FF6D736DFF6D736DFF6D736DFF6D736DFF6D736DFF6D736DFF6D736DFF6D736DFF6D736DFF6D736DFF6D736DFF6D736DFF6D736DFF6D736DFF6D736DFF6D736DFF6D736DFF6D736DFF
310
6D736DFF6D736DFF6D736DFF6D736DFF6D736DFF6D736DFF6D736DFF6D736DFF6D736DFF6D736DFF6D736DFF6D736DFF6D736DFF6D736DFF6D736DFF6D736DFF6D736DFF6D736DFF6D736DFF6D736DFF6D736DFF6D736DFF6D736DFF6D736DFF6D736DFF6D736DFF6D736DFF6D736DFF6D736DFF6D736DFF6D736DFF6D736D
310
FF6D736DFF6D736DFF6D736DFF6D736DFF6D736DFF6D736DFF6D736DFF6D736DFF6D736DFF6D736DFF6D736DFF6D736DFF6D736DFF6D736DFF6D736DFF6D736DFF6D736DFF6D736DFF6D736DFF6D736DFF6D736DFF6D736DFF6D736DFF6D736DFF6D736DFF6D736DFF6D736DFF6D736DFF6D736DFF6D736DFF6D736DFF6D73
310
6DFF6D736DFF6D736DFF6D736DFF6D736DFF6D736DFF6D736DFF6D736DFF6D736DFF6D736DFF6D736DFF6D736DFF6D736DFF6D736DFF6D736DFF6D736DFF6D736DFF6D736DFF6D736DFF6D736DFF6D736DFF6D736DFF6D736DFF6D736DFF6D736DFF6D736DFF6D736DFF6D736DFF6D736DFF6D736DFF6D736DFF6D736DFF6D
310
736DFF6D736DFF6D736DFF6D736DFF6D736DFF6D736DFF6D736DFF6D736DFF6D736DFF6D736DFF6D736DFF6D736DFF6D736DFF6D736DFF6D736DFF6D736DFF6D736DFF6D736DFF6D736DFF6D736DFF6D736DFF6D736DFF6D736DFF6D736DFF6D736DFF6D736DFF6D736DFF6D736DFF6D736DFF6D736DFF6D736DFF6D736DFF
310
6D736DFF6D736DFF6D736DFF6D736DFF6D736DFF6D736DFF6D736DFF6D736DFF6D736DFF6D736DFF6D736DFF6D736DFF6D736DFF6D736DFF6D736DFF6D736DFF6D736DFF6D736DFF6D736DFF6D736DFF6D736DFF6D736DFF6D736DFF6D736DFF6D736DFF6D736DFF6D736DFF6D736DFF6D736DFF6D736DFF6D736DFF6D736D
310
FF6D736DFF6D736DFF6D736DFF6D736DFF6D736DFF6D736DFF6D736DFF6D736DFF6D736DFF6D736DFF6D736DFF6D736DFF6D736DFF6D736DFF6D736DFF6D736DFF6D736DFF6D736DFF6D736DFF6D736DFF6D736DFF6D736DFF6D736DFF6D736DFF6D736DFF6D736DFF6D736DFF6D736DFF6D736DFF6D736DFF6D736DFF6D73
310
6DFF6D736DFF6D736DFF6D736DFF6D736DFF6D736DFF6D736DFF6D736DFF6D736DFF6D736DFF6D736DFF6D736DFF6D736DFF6D736DFF6D736DFF6D736DFF6D736DFF6D736DFF6D736DFF6D736DFF6D736DFF6D736DFF6D736DFF6D736DFF6D736DFF6D736DFF6D736DFF6D736DFF6D736DFF6D736DFF6D736DFF6D736DFF6D
310
736DFF6D736DFF6D736DFF6D736DFF6D736DFF6D736DFF6D736DFF6D736DFF6D736DFF6D736DFF6D736DFF6D736DFF6D736DFF6D736DFF6D736DFF6D736DFF6D736DFF6D736DFF6D736DFF6D736DFF6D736DFF6D736DFF6D736DFF6D736DFF6D736DFF6D736DFF6D736DFF6D736DFF6D736DFF6D736DFF6D736DFF6D736DFF
310
6D736DFF6D736DFF6D736DFF6D736DFF6D736DFF6D736DFF6D736DFF6D736DFF6D736DFF6D736DFF6D736DFF6D736DFF6D736DFF6D736DFF6D736DFF6D736DFF6D736DFF6D736DFF6D736DFF6D736DFF6D736DFF6D736DFF6D736DFF6D736DFF6D736DFF6D736DFF6D736DFF6D736DFF6D736DFF6D736DFF6D736DFF6D736D
310
FF6D736DFF6D736DFF6D736DFF6D736DFF6D736DFF6D736DFF6D736DFF6D736DFF6D736DFF6D736DFF6D736DFF6D736DFF6D736DFF6D736DFF6D736DFF6D736DFF6D736DFF6D736DFF6D736DFF6D736DFF6D736DFF6D736DFF6D736DFF6D736DFF6D736DFF6D736DFF6D736DFF6D736DFF6D736DFF6D736DFF6D736DFF6D73
310
6DFF6D736DFF6D736DFF6D736DFF6D736DFF6D736DFF6D736DFF6D736DFF6D736DFF6D736DFF6D736DFF6D736DFF6D736DFF6D736DFF6D736DFF6D736DFF6D736DFF6D736DFF6D736DFF6D736DFF6D736DFF6D736DFF6D736DFF6D736DFF6D736DFF6D736DFF6D736DFF6D736DFF6D736DFF6D736DFF6D736DFF6D736DFF6D
310
736DFF6D736DFF6D736DFF6D736DFF6D736DFF6D736DFF6D736DFF6D736DFF6D736DFF6D736DFF6D736DFF6D736DFF6D736DFF6D736DFF6D736DFF6D736DFF6D736DFF6D736DFF6D736DFF6D736DFF6D736DFF6D736DFF6D736DFF6D736DFF6D736DFF6D736DFF6D736DFF6D736DFF6D736DFF6D736DFF6D736DFF6D736DFF
310
6D736DFF6D736DFF6D736DFF6D736DFF6D736DFF6D736DFF6D736DFF6D736DFF6D736DFF6D736DFF6D736DFF6D736DFF6D736DFF6D736DFF6D736DFF6D736DFF6D736DFF6D736DFF
 70
     4
280
     1
281
     0
1001
AcDbBlockRepETag
1070
     1
1071
        2
1001
AcDbDynamicBlockTrueName
1000
Plattform2
1001
AcDbDynamicBlockGUID
1000
{36871527-33E6-0040-B60D-5E892A512E8B}
  0
BLOCK_RECORD
  5
19BD5
102
{ACAD_XDICTIONARY
360
19BE4
102
}
330
1
100
AcDbSymbolTableRecord
100
AcDbBlockTableRecord
  2
Elv pil
340
0
310
280000002000000020000000010020000000000000100000010000000100000000000000000000006D736DFF6D736DFF6D736DFF6D736DFF6D736DFF6D736DFF6D736DFF6D736DFF6D736DFF6D736DFF6D736DFF6D736DFF6D736DFF6D736DFF6D736DFF6D736DFF6D736DFF6D736DFF6D736DFF6D736DFF6D736DFF6D736D
310
FF6D736DFF6D736DFF6D736DFF6D736DFF6D736DFF6D736DFF6D736DFF6D736DFF6D736DFF6D736DFF6D736DFF6D736DFF6D736DFF6D736DFF6D736DFF6D736DFF6D736DFF6D736DFF6D736DFF6D736DFF6D736DFF6D736DFF6D736DFF6D736DFF6D736DFF6D736DFFFFFF00FF6D736DFF6D736DFF6D736DFF6D736DFF6D73
310
6DFF6D736DFF6D736DFF6D736DFF6D736DFF6D736DFF6D736DFF6D736DFF6D736DFF6D736DFF6D736DFF6D736DFF6D736DFF6D736DFF6D736DFF6D736DFF6D736DFF6D736DFF6D736DFF6D736DFF6D736DFF6D736DFF6D736DFF6D736DFF6D736DFF6D736DFFFFFF00FF6D736DFFFFFF00FF6D736DFF6D736DFF6D736DFF6D
310
736DFF6D736DFF6D736DFF6D736DFF6D736DFF6D736DFF6D736DFF6D736DFF6D736DFF6D736DFF6D736DFF6D736DFF6D736DFF6D736DFF6D736DFF6D736DFF6D736DFF6D736DFF6D736DFF6D736DFF6D736DFF6D736DFF6D736DFF6D736DFF6D736DFFFFFF00FF6D736DFF6D736DFF6D736DFFFFFF00FF6D736DFF6D736DFF
310
6D736DFF6D736DFF6D736DFF6D736DFF6D736DFF6D736DFF6D736DFF6D736DFF6D736DFF6D736DFF6D736DFF6D736DFF6D736DFF6D736DFF6D736DFF6D736DFF6D736DFF6D736DFF6D736DFF6D736DFF6D736DFF6D736DFF6D736DFF6D736DFFFFFF00FF6D736DFF6D736DFF6D736DFF6D736DFF6D736DFFFFFF00FF6D736D
310
FF6D736DFF6D736DFF6D736DFF6D736DFF6D736DFF6D736DFF6D736DFF6D736DFF6D736DFF6D736DFF6D736DFF6D736DFF6D736DFF6D736DFF6D736DFF6D736DFF6D736DFF6D736DFF6D736DFF6D736DFF6D736DFF6D736DFF6D736DFFFFFF00FF6D736DFF6D736DFF6D736DFF6D736DFF6D736DFF6D736DFFFFFF00FF6D73
310
6DFF6D736DFF6D736DFF6D736DFF6D736DFF6D736DFF6D736DFF6D736DFF6D736DFF6D736DFF6D736DFF6D736DFF6D736DFF6D736DFF6D736DFF6D736DFF6D736DFF6D736DFF6D736DFF6D736DFF6D736DFF6D736DFF6D736DFFFFFF00FF6D736DFF6D736DFF6D736DFF6D736DFF6D736DFF6D736DFF6D736DFF6D736DFFFF
310
FF00FF6D736DFF6D736DFF6D736DFF6D736DFF6D736DFF6D736DFF6D736DFF6D736DFF6D736DFF6D736DFF6D736DFF6D736DFF6D736DFF6D736DFF6D736DFF6D736DFF6D736DFF6D736DFF6D736DFF6D736DFF6D736DFFFFFF00FF6D736DFF6D736DFF6D736DFF6D736DFF6D736DFF6D736DFF6D736DFF6D736DFF6D736DFF
310
6D736DFFFFFF00FF6D736DFF6D736DFF6D736DFF6D736DFF6D736DFF6D736DFF6D736DFF6D736DFF6D736DFF6D736DFF6D736DFF6D736DFF6D736DFF6D736DFF6D736DFF6D736DFF6D736DFF6D736DFF6D736DFFFFFF00FFFFFF00FFFFFF00FFFFFF00FFFFFF00FFFFFF00FFFFFF00FFFFFF00FFFFFF00FFFFFF00FFFFFF00
310
FFFFFF00FFFFFF00FFFFFF00FF6D736DFF6D736DFF6D736DFF6D736DFF6D736DFF6D736DFF6D736DFF6D736DFF6D736DFF6D736DFF6D736DFF6D736DFF6D736DFF6D736DFF6D736DFF6D736DFF6D736DFF6D736DFF6D736DFF6D736DFF6D736DFF6D736DFF6D736DFF6D736DFFFFFF00FF6D736DFF6D736DFF6D736DFF6D73
310
6DFF6D736DFF6D736DFF6D736DFF6D736DFF6D736DFF6D736DFF6D736DFF6D736DFF6D736DFF6D736DFF6D736DFF6D736DFF6D736DFF6D736DFF6D736DFF6D736DFF6D736DFF6D736DFF6D736DFF6D736DFF6D736DFF6D736DFF6D736DFF6D736DFF6D736DFF6D736DFF6D736DFFFFFF00FF6D736DFF6D736DFF6D736DFF6D
310
736DFF6D736DFF6D736DFF6D736DFF6D736DFF6D736DFF6D736DFF6D736DFF6D736DFF6D736DFF6D736DFF6D736DFF6D736DFF6D736DFF6D736DFF6D736DFF6D736DFF6D736DFF6D736DFF6D736DFF6D736DFF6D736DFF6D736DFF6D736DFF6D736DFF6D736DFF6D736DFF6D736DFFFFFF00FFFFFF00FF6D736DFF6D736DFF
310
6D736DFF6D736DFF6D736DFF6D736DFF6D736DFF6D736DFF6D736DFF6D736DFF6D736DFF6D736DFF6D736DFF6D736DFF6D736DFF6D736DFF6D736DFF6D736DFF6D736DFF6D736DFF6D736DFF6D736DFF6D736DFF6D736DFF6D736DFF6D736DFF6D736DFF6D736DFF6D736DFF6D736DFF6D736DFFFFFF00FF6D736DFF6D736D
310
FF6D736DFF6D736DFF6D736DFF6D736DFF6D736DFF6D736DFF6D736DFF6D736DFF6D736DFF6D736DFF6D736DFF6D736DFF6D736DFF6D736DFF6D736DFF6D736DFF6D736DFF6D736DFF6D736DFF6D736DFF6D736DFF6D736DFF6D736DFF6D736DFF6D736DFF6D736DFF6D736DFF6D736DFF6D736DFFFFFF00FFFFFF00FF6D73
310
6DFF6D736DFF6D736DFF6D736DFF6D736DFF6D736DFF6D736DFF6D736DFF6D736DFF6D736DFF6D736DFF6D736DFF6D736DFF6D736DFF6D736DFF6D736DFF6D736DFF6D736DFF6D736DFF6D736DFF6D736DFF6D736DFF6D736DFF6D736DFF6D736DFF6D736DFF6D736DFF6D736DFF6D736DFF6D736DFF6D736DFFFFFF00FFFF
310
FF00FF6D736DFF6D736DFF6D736DFF6D736DFF6D736DFF6D736DFF6D736DFF6D736DFF6D736DFF6D736DFF6D736DFF6D736DFF6D736DFF6D736DFF6D736DFF6D736DFF6D736DFF6D736DFF6D736DFF6D736DFF6D736DFF6D736DFF6D736DFF6D736DFF6D736DFF6D736DFF6D736DFF6D736DFF6D736DFF6D736DFF6D736DFF
310
FFFF00FF6D736DFF6D736DFF6D736DFF6D736DFF6D736DFF6D736DFF6D736DFF6D736DFF6D736DFF6D736DFF6D736DFF6D736DFF6D736DFF6D736DFF6D736DFF6D736DFF6D736DFF6D736DFF6D736DFF6D736DFF6D736DFF6D736DFF6D736DFF6D736DFF6D736DFF6D736DFF6D736DFF6D736DFF6D736DFF6D736DFF6D736D
310
FFFFFF00FF6D736DFF6D736DFF6D736DFF6D736DFF6D736DFF6D736DFF6D736DFF6D736DFF6D736DFF6D736DFF6D736DFF6D736DFF6D736DFF6D736DFF6D736DFF6D736DFF6D736DFF6D736DFF6D736DFF6D736DFF6D736DFF6D736DFF6D736DFF6D736DFF6D736DFF6D736DFF6D736DFF6D736DFF6D736DFF6D736DFF6D73
310
6DFFFFFF00FF6D736DFF6D736DFF6D736DFF6D736DFF6D736DFF6D736DFF6D736DFF6D736DFF6D736DFF6D736DFF6D736DFF6D736DFF6D736DFF6D736DFF6D736DFF6D736DFF6D736DFF6D736DFF6D736DFF6D736DFF6D736DFF6D736DFF6D736DFF6D736DFF6D736DFF6D736DFF6D736DFF6D736DFF6D736DFF6D736DFFFF
310
FF00FFFFFF00FF6D736DFF6D736DFF6D736DFF6D736DFF6D736DFF6D736DFF6D736DFF6D736DFF6D736DFF6D736DFF6D736DFF6D736DFF6D736DFF6D736DFF6D736DFF6D736DFF6D736DFF6D736DFF6D736DFF6D736DFF6D736DFF6D736DFF6D736DFF6D736DFF6D736DFF6D736DFF6D736DFF6D736DFF6D736DFF6D736DFF
310
FFFF00FF6D736DFF6D736DFF6D736DFF6D736DFF6D736DFF6D736DFF6D736DFF6D736DFF6D736DFF6D736DFF6D736DFF6D736DFF6D736DFF6D736DFF6D736DFF6D736DFF6D736DFF6D736DFF6D736DFF6D736DFF6D736DFF6D736DFF6D736DFF6D736DFF6D736DFF6D736DFF6D736DFF6D736DFF6D736DFF6D736DFFFFFF00
310
FFFFFF00FF6D736DFF6D736DFF6D736DFF6D736DFF6D736DFF6D736DFF6D736DFF6D736DFF6D736DFF6D736DFF6D736DFF6D736DFF6D736DFF6D736DFF6D736DFF6D736DFF6D736DFF6D736DFF6D736DFF6D736DFF6D736DFF6D736DFF6D736DFF6D736DFF6D736DFF6D736DFF6D736DFF6D736DFF6D736DFFFFFF00FFFFFF
310
00FF6D736DFF6D736DFF6D736DFF6D736DFF6D736DFF6D736DFF6D736DFF6D736DFF6D736DFF6D736DFF6D736DFF6D736DFF6D736DFF6D736DFF6D736DFF6D736DFF6D736DFF6D736DFF6D736DFF6D736DFF6D736DFF6D736DFF6D736DFF6D736DFF6D736DFF6D736DFF6D736DFF6D736DFF6D736DFFFFFF00FFFFFF00FF6D
310
736DFF6D736DFF6D736DFF6D736DFF6D736DFF6D736DFF6D736DFF6D736DFF6D736DFF6D736DFF6D736DFF6D736DFF6D736DFF6D736DFF6D736DFF6D736DFF6D736DFF6D736DFF6D736DFF6D736DFF6D736DFF6D736DFF6D736DFF6D736DFF6D736DFF6D736DFF6D736DFF6D736DFF6D736DFFFFFF00FFFFFF00FF6D736DFF
310
6D736DFF6D736DFF6D736DFF6D736DFF6D736DFF6D736DFF6D736DFF6D736DFF6D736DFF6D736DFF6D736DFF6D736DFF6D736DFF6D736DFF6D736DFF6D736DFF6D736DFF6D736DFF6D736DFF6D736DFF6D736DFF6D736DFF6D736DFF6D736DFF6D736DFF6D736DFF6D736DFF6D736DFF6D736DFFFFFF00FF6D736DFF6D736D
310
FF6D736DFF6D736DFF6D736DFF6D736DFF6D736DFF6D736DFF6D736DFF6D736DFF6D736DFF6D736DFF6D736DFF6D736DFF6D736DFF6D736DFF6D736DFF6D736DFF6D736DFF6D736DFF6D736DFF6D736DFF6D736DFF6D736DFF6D736DFF6D736DFF6D736DFF6D736DFF6D736DFF6D736DFF6D736DFFFFFF00FF6D736DFF6D73
310
6DFF6D736DFF6D736DFF6D736DFF6D736DFF6D736DFF6D736DFF6D736DFF6D736DFF6D736DFF6D736DFF6D736DFF6D736DFF6D736DFF6D736DFF6D736DFF6D736DFF6D736DFF6D736DFF6D736DFF6D736DFF6D736DFF6D736DFF6D736DFF6D736DFF6D736DFF6D736DFF6D736DFF6D736DFF6D736DFFFFFF00FF6D736DFF6D
310
736DFF6D736DFF6D736DFF6D736DFF6D736DFF6D736DFF6D736DFF6D736DFF6D736DFF6D736DFF6D736DFF6D736DFF6D736DFF6D736DFF6D736DFF6D736DFF6D736DFF6D736DFF6D736DFF6D736DFF6D736DFF6D736DFF6D736DFF6D736DFF6D736DFF6D736DFF6D736DFF6D736DFF6D736DFF6D736DFFFFFF00FFFFFF00FF
310
6D736DFF6D736DFF6D736DFF6D736DFF6D736DFF6D736DFF6D736DFF6D736DFF6D736DFF6D736DFF6D736DFF6D736DFF6D736DFF6D736DFF6D736DFF6D736DFF6D736DFF6D736DFF6D736DFF6D736DFF6D736DFF6D736DFF6D736DFF6D736DFF6D736DFF6D736DFF6D736DFF6D736DFF6D736DFF6D736DFF6D736DFFFFFF00
310
FFFFFF00FF6D736DFF6D736DFF6D736DFF6D736DFF6D736DFF6D736DFF6D736DFF6D736DFF6D736DFF6D736DFF6D736DFF6D736DFF6D736DFF6D736DFF6D736DFF6D736DFF6D736DFF6D736DFF6D736DFF6D736DFF6D736DFF6D736DFF6D736DFF6D736DFF6D736DFF6D736DFF6D736DFF6D736DFF6D736DFF6D736DFF6D73
310
6DFFFFFF00FF6D736DFF6D736DFF6D736DFF6D736DFF6D736DFF6D736DFF6D736DFF6D736DFF6D736DFF6D736DFF6D736DFF6D736DFF6D736DFF6D736DFF6D736DFF6D736DFF6D736DFF6D736DFF6D736DFF6D736DFF6D736DFF6D736DFF6D736DFF6D736DFF6D736DFF6D736DFF6D736DFF6D736DFF6D736DFF6D736DFF6D
310
736DFF6D736DFFFFFF00FF6D736DFF6D736DFF6D736DFF6D736DFF6D736DFF6D736DFF6D736DFF6D736DFF6D736DFF6D736DFF6D736DFF6D736DFF6D736DFF6D736DFF6D736DFF6D736DFF6D736DFF6D736DFF6D736DFF6D736DFF6D736DFF6D736DFF6D736DFF6D736DFF6D736DFF6D736DFF6D736DFF6D736DFF6D736DFF
310
6D736DFF6D736DFF6D736DFF6D736DFF6D736DFF6D736DFF6D736DFF6D736DFF6D736DFF6D736DFF6D736DFF6D736DFF6D736DFF6D736DFF6D736DFF6D736DFF6D736DFF6D736DFF
102
{BLKREFS
331
1AC10
331
1AC75
331
1AC0F
102
}
 70
     4
280
     1
281
     0
1001
AcDbDynamicBlockGUID
1000
{4BE67D59-2E48-491C-8E46-1ADD4593C028}
  0
BLOCK_RECORD
  5
19D4F
102
{ACAD_XDICTIONARY
360
1B370
102
}
330
1
100
AcDbSymbolTableRecord
100
AcDbBlockTableRecord
  2
K_Bru jernbane 3
340
0
 70
     4
280
     0
281
     0
1001
AcDbBlockRepETag
1070
     1
1071
       27
1001
AcDbDynamicBlockTrueName
1000
K_Bru jernbane 3
1001
AcDbDynamicBlockGUID
1000
{B6A0B1E6-3E11-C349-88FE-B79A59D40636}
  0
BLOCK_RECORD
  5
5D
330
1
100
AcDbSymbolTableRecord
100
AcDbBlockTableRecord
  2
*Paper_Space13
340
5E
 70
     0
280
     1
281
     0
  0
BLOCK_RECORD
  5
1ACB0
102
{ACAD_XDICTIONARY
360
1ACB1
102
}
330
1
100
AcDbSymbolTableRecord
100
AcDbBlockTableRecord
  2
FAST KRAN
340
0
310
2800000020000000200000000100080000000000000400000000000000000000000000000000000000000000000080000080000000808000800000008000800080800000C0C0C000C0DCC000F0CAA6000020400000206000002080000020A0000020C0000020E00000400000004020000040400000406000004080000040A0
310
000040C0000040E00000600000006020000060400000606000006080000060A0000060C0000060E00000800000008020000080400000806000008080000080A0000080C0000080E00000A0000000A0200000A0400000A0600000A0800000A0A00000A0C00000A0E00000C0000000C0200000C0400000C0600000C0800000C0
310
A00000C0C00000C0E00000E0000000E0200000E0400000E0600000E0800000E0A00000E0C00000E0E00040000000400020004000400040006000400080004000A0004000C0004000E00040200000402020004020400040206000402080004020A0004020C0004020E000404000004040200040404000404060004040800040
310
40A0004040C0004040E00040600000406020004060400040606000406080004060A0004060C0004060E00040800000408020004080400040806000408080004080A0004080C0004080E00040A0000040A0200040A0400040A0600040A0800040A0A00040A0C00040A0E00040C0000040C0200040C0400040C0600040C08000
310
40C0A00040C0C00040C0E00040E0000040E0200040E0400040E0600040E0800040E0A00040E0C00040E0E00080000000800020008000400080006000800080008000A0008000C0008000E00080200000802020008020400080206000802080008020A0008020C0008020E00080400000804020008040400080406000804080
310
008040A0008040C0008040E00080600000806020008060400080606000806080008060A0008060C0008060E00080800000808020008080400080806000808080008080A0008080C0008080E00080A0000080A0200080A0400080A0600080A0800080A0A00080A0C00080A0E00080C0000080C0200080C0400080C0600080C0
310
800080C0A00080C0C00080C0E00080E0000080E0200080E0400080E0600080E0800080E0A00080E0C00080E0E000C0000000C0002000C0004000C0006000C0008000C000A000C000C000C000E000C0200000C0202000C0204000C0206000C0208000C020A000C020C000C020E000C0400000C0402000C0404000C0406000C0
310
408000C040A000C040C000C040E000C0600000C0602000C0604000C0606000C0608000C060A000C060C000C060E000C0800000C0802000C0804000C0806000C0808000C080A000C080C000C080E000C0A00000C0A02000C0A04000C0A06000C0A08000C0A0A000C0A0C000C0A0E000C0C00000C0C02000C0C04000C0C06000
310
C0C08000C0C0A000F0FBFF00A4A0A000808080000000FF0000FF000000FFFF00FF000000FF00FF00FFFF0000FFFFFF00525252525252525252525252525252525252525252525252525252525252525252525252525252525252525252FFFFFFFFFFFF5252525252525252525252525252525252525252525252525252FF52
310
525252FF5252525252525252525252525252525252525252525252525252FF52525252FF5252525252525252525252525252525252FFFFFFFFFFFFFFFFFFFF52525252FFFFFFFFFFFFFFFFFFFF5252525252525252525252525252525252FF52525252FF5252525252525252525252525252525252525252525252525252FF
310
52525252FF5252525252525252525252525252525252525252525252525252FF52525252FF5252525252525252525252525252525252525252525252525252FF52525252FF5252525252525252525252525252525252525252525252525252FF52525252FF5252525252525252525252525252525252525252525252525252
310
FF52525252FF5252525252525252525252525252525252525252525252525252FF52525252FF5252525252525252525252525252525252525252525252525252FF52525252FF5252525252525252525252525252525252525252525252525252FF52525252FF52525252525252525252525252525252525252525252525252
310
52FF52525252FF5252525252525252525252525252525252525252525252525252FF52525252FF5252525252525252525252525252525252525252525252525252FF52525252FF5252525252525252525252525252525252525252525252525252FF52525252FF525252525252525252525252525252525252525252525252
310
5252FF52525252FF5252525252525252525252525252525252525252525252525252FF52525252FF5252525252525252525252525252525252525252525252525252FF52525252FF5252525252525252525252525252525252525252525252525252FF52525252FF5252525252525252525252525252525252525252525252
310
525252FF52525252FF5252525252525252525252525252525252525252525252525252FF52525252FF5252525252525252525252525252525252525252525252525252FF52525252FF5252525252525252525252525252525252525252525252525252FF52525252FF52525252525252525252525252525252525252525252
310
52525252FF52525252FF5252525252525252525252525252525252FFFFFFFFFFFFFFFFFFFF52525252FFFFFFFFFFFFFFFFFFFF5252525252525252525252525252525252FF52525252FF5252525252525252525252525252525252525252525252525252FF52525252FF525252525252525252525252525252525252525252
310
5252525252FFFFFFFFFFFF525252525252525252525252525252525252525252525252525252525252525252525252525252525252525252
 70
     4
280
     0
281
     0
1001
AcDbBlockRepETag
1070
     1
1071
       22
1001
AcDbDynamicBlockTrueName
1000
FAST KRAN
1001
AcDbDynamicBlockGUID
1000
{4E977AFA-AC54-C047-8F0B-4E1CA562C6E3}
  0
BLOCK_RECORD
  5
1ACD5
102
{ACAD_XDICTIONARY
360
1ACD6
102
}
330
1
100
AcDbSymbolTableRecord
100
AcDbBlockTableRecord
  2
Vognvaskemaskin
340
0
310
2800000020000000200000000100080000000000000400000000000000000000000000000000000000000000000080000080000000808000800000008000800080800000C0C0C000C0DCC000F0CAA6000020400000206000002080000020A0000020C0000020E00000400000004020000040400000406000004080000040A0
310
000040C0000040E00000600000006020000060400000606000006080000060A0000060C0000060E00000800000008020000080400000806000008080000080A0000080C0000080E00000A0000000A0200000A0400000A0600000A0800000A0A00000A0C00000A0E00000C0000000C0200000C0400000C0600000C0800000C0
310
A00000C0C00000C0E00000E0000000E0200000E0400000E0600000E0800000E0A00000E0C00000E0E00040000000400020004000400040006000400080004000A0004000C0004000E00040200000402020004020400040206000402080004020A0004020C0004020E000404000004040200040404000404060004040800040
310
40A0004040C0004040E00040600000406020004060400040606000406080004060A0004060C0004060E00040800000408020004080400040806000408080004080A0004080C0004080E00040A0000040A0200040A0400040A0600040A0800040A0A00040A0C00040A0E00040C0000040C0200040C0400040C0600040C08000
310
40C0A00040C0C00040C0E00040E0000040E0200040E0400040E0600040E0800040E0A00040E0C00040E0E00080000000800020008000400080006000800080008000A0008000C0008000E00080200000802020008020400080206000802080008020A0008020C0008020E00080400000804020008040400080406000804080
310
008040A0008040C0008040E00080600000806020008060400080606000806080008060A0008060C0008060E00080800000808020008080400080806000808080008080A0008080C0008080E00080A0000080A0200080A0400080A0600080A0800080A0A00080A0C00080A0E00080C0000080C0200080C0400080C0600080C0
310
800080C0A00080C0C00080C0E00080E0000080E0200080E0400080E0600080E0800080E0A00080E0C00080E0E000C0000000C0002000C0004000C0006000C0008000C000A000C000C000C000E000C0200000C0202000C0204000C0206000C0208000C020A000C020C000C020E000C0400000C0402000C0404000C0406000C0
310
408000C040A000C040C000C040E000C0600000C0602000C0604000C0606000C0608000C060A000C060C000C060E000C0800000C0802000C0804000C0806000C0808000C080A000C080C000C080E000C0A00000C0A02000C0A04000C0A06000C0A08000C0A0A000C0A0C000C0A0E000C0C00000C0C02000C0C04000C0C06000
310
C0C08000C0C0A000F0FBFF00A4A0A000808080000000FF0000FF000000FFFF00FF000000FF00FF00FFFF0000FFFFFF0052525252525252525252525252525252525252525252525252525252525252525252525252525252525252525252525252525252525252525252525252525252525252525252525252525252525252
310
5252525252525252525252525252525252525252525252525252525252525252525252525252525252525252525252525252FBFBFBFBFBFBFBFBFBFBFBFBFBFBFBFBFBFBFBFBFBFBFBFBFBFBFBFBFBFB5252FB52525252525252525252525252525252525252525252525252525252FB5252FB52525252FBFB525252525252
310
52525252525252525252FBFB52525252FB5252FB5252FBFB52FBFBFB52525252525252525252525252FBFBFBFBFB5252FB5252FB5252FB52525252FB525252525252525252525252FB52525252FB5252FB5252FB52FBFB52525252FB525252FB5252525252525252FB5252525252FB52FB52525252FBFB52525252FB525252
310
52FB52525252525252FB5252525252FB52525252525252FB52525252FB5252525252FB525252525252FB52525252FB5252525252525252FBFBFBFBFBFB525252525252FB525252525252FBFBFBFBFB525252525252525252525252525252525252525252FB5252525252525252525252525252525252525252525252525252
310
525252525252FB5252525252525252525252525252525252525252525252525252525252525252FB5252525252525252525252525252525252525252525252525252525252525252FB525252525252525252525252525252525252525252525252525252525252FB5252525252525252525252525252525252525252525252
310
52525252525252FB5252525252525252525252525252525252FBFBFBFBFBFB525252525252FBFB5252525252FBFBFBFBFB5252525252525252FB52525252FB5252525252FB525252525252FB52525252FB52525252525252FBFB52525252FB52525252FB52525252525252FB5252525252FB52525252FB52FBFB52525252FB
310
525252FB5252525252525252FB5252525252FB52FB5252FB5252FB52525252FB525252525252525252525252FB52525252FB5252FB5252FB5252FBFB52FBFBFB52525252525252525252525252FBFBFBFBFB5252FB5252FB52525252FBFB52525252525252525252525252525252FBFB52525252FB5252FB52525252525252
310
525252525252525252525252525252525252525252FB5252FBFBFBFBFBFBFBFBFBFBFBFBFBFBFBFBFBFBFBFBFBFBFBFBFBFBFBFBFBFB52525252525252525252525252525252525252525252525252525252525252525252525252525252525252525252525252525252525252525252525252525252525252525252525252
310
5252525252525252525252525252525252525252525252525252525252525252525252525252525252525252525252525252525252525252
102
{BLKREFS
331
1B0B1
331
1AFD8
102
}
 70
     4
280
     0
281
     0
1001
AcDbDynamicBlockGUID
1000
{E3215B5A-1A54-4D83-91B3-642B1B3168F4}
  0
BLOCK_RECORD
  5
1ACE1
330
1
100
AcDbSymbolTableRecord
100
AcDbBlockTableRecord
  2
Vognvekt
340
0
310
2800000020000000200000000100080000000000000400000000000000000000000000000000000000000000000080000080000000808000800000008000800080800000C0C0C000C0DCC000F0CAA6000020400000206000002080000020A0000020C0000020E00000400000004020000040400000406000004080000040A0
310
000040C0000040E00000600000006020000060400000606000006080000060A0000060C0000060E00000800000008020000080400000806000008080000080A0000080C0000080E00000A0000000A0200000A0400000A0600000A0800000A0A00000A0C00000A0E00000C0000000C0200000C0400000C0600000C0800000C0
310
A00000C0C00000C0E00000E0000000E0200000E0400000E0600000E0800000E0A00000E0C00000E0E00040000000400020004000400040006000400080004000A0004000C0004000E00040200000402020004020400040206000402080004020A0004020C0004020E000404000004040200040404000404060004040800040
310
40A0004040C0004040E00040600000406020004060400040606000406080004060A0004060C0004060E00040800000408020004080400040806000408080004080A0004080C0004080E00040A0000040A0200040A0400040A0600040A0800040A0A00040A0C00040A0E00040C0000040C0200040C0400040C0600040C08000
310
40C0A00040C0C00040C0E00040E0000040E0200040E0400040E0600040E0800040E0A00040E0C00040E0E00080000000800020008000400080006000800080008000A0008000C0008000E00080200000802020008020400080206000802080008020A0008020C0008020E00080400000804020008040400080406000804080
310
008040A0008040C0008040E00080600000806020008060400080606000806080008060A0008060C0008060E00080800000808020008080400080806000808080008080A0008080C0008080E00080A0000080A0200080A0400080A0600080A0800080A0A00080A0C00080A0E00080C0000080C0200080C0400080C0600080C0
310
800080C0A00080C0C00080C0E00080E0000080E0200080E0400080E0600080E0800080E0A00080E0C00080E0E000C0000000C0002000C0004000C0006000C0008000C000A000C000C000C000E000C0200000C0202000C0204000C0206000C0208000C020A000C020C000C020E000C0400000C0402000C0404000C0406000C0
310
408000C040A000C040C000C040E000C0600000C0602000C0604000C0606000C0608000C060A000C060C000C060E000C0800000C0802000C0804000C0806000C0808000C080A000C080C000C080E000C0A00000C0A02000C0A04000C0A06000C0A08000C0A0A000C0A0C000C0A0E000C0C00000C0C02000C0C04000C0C06000
310
C0C08000C0C0A000F0FBFF00A4A0A000808080000000FF0000FF000000FFFF00FF000000FF00FF00FFFF0000FFFFFF0052525252525252525252525252525252525252525252525252525252525252525252525252525252525252525252525252525252525252525252525252525252525252525252525252525252525252
310
52525252525252525252525252525252525252525252525252525252525252525252525252525252525252525252525252525252525252525252525252525252525252525252525252525252525252525252525252525252525252525252525252525252525252525252525252525252525252525252525252525252525252
310
525252525252525252525252525252525252525252525252525252525252525252525252525252525252525252525252525252FFFFFFFFFFFFFFFFFFFFFFFFFFFFFFFFFFFFFFFFFFFFFFFFFFFFFFFFFFFF5252FFFFFFFFFFFFFFFFFFFFFFFFFFFFFFFFFFFFFFFFFFFFFFFFFFFFFFFFFFFF5252FFFFFFFFFFFFFFFFFFFFFFFF
310
FFFFFFFFFFFFFFFFFFFFFFFFFFFFFFFFFFFF5252FFFFFFFFFFFFFFFFFFFFFFFFFFFFFFFFFFFFFFFFFFFFFFFFFFFFFFFFFFFF5252FF52525252525252525252525252525252525252525252525252525252FF5252FF52525252525252525252525252525252525252525252525252525252FF5252FF52525252525252525252
310
525252525252525252525252525252525252FF5252FF52525252525252525252525252525252525252525252525252525252FF5252FF52525252525252525252525252525252525252525252525252525252FF5252FF52525252525252525252525252525252525252525252525252525252FF5252FF525252525252525252
310
52525252525252525252525252525252525252FF5252FF52525252525252525252525252525252525252525252525252525252FF5252FFFFFFFFFFFFFFFFFFFFFFFFFFFFFFFFFFFFFFFFFFFFFFFFFFFFFFFFFFFF5252FFFFFFFFFFFFFFFFFFFFFFFFFFFFFFFFFFFFFFFFFFFFFFFFFFFFFFFFFFFF5252FFFFFFFFFFFFFFFFFF
310
FFFFFFFFFFFFFFFFFFFFFFFFFFFFFFFFFFFFFFFFFF5252FFFFFFFFFFFFFFFFFFFFFFFFFFFFFFFFFFFFFFFFFFFFFFFFFFFFFFFFFFFF5252525252525252525252525252525252525252525252525252525252525252525252525252525252525252525252525252525252525252525252525252525252525252525252525252
310
52525252525252525252525252525252525252525252525252525252525252525252525252525252525252525252525252525252525252525252525252525252525252525252525252525252525252525252525252525252525252525252525252525252525252525252525252525252525252525252525252525252525252
310
5252525252525252525252525252525252525252525252525252525252525252525252525252525252525252525252525252525252525252
102
{BLKREFS
331
1B0B2
331
1AFD9
102
}
 70
     4
280
     0
281
     0
  0
BLOCK_RECORD
  5
1ACEE
102
{ACAD_XDICTIONARY
360
1ACEF
102
}
330
1
100
AcDbSymbolTableRecord
100
AcDbBlockTableRecord
  2
STAPP001
340
0
310
2800000020000000200000000100080000000000000400000000000000000000000000000000000000000000000080000080000000808000800000008000800080800000C0C0C000C0DCC000F0CAA6000020400000206000002080000020A0000020C0000020E00000400000004020000040400000406000004080000040A0
310
000040C0000040E00000600000006020000060400000606000006080000060A0000060C0000060E00000800000008020000080400000806000008080000080A0000080C0000080E00000A0000000A0200000A0400000A0600000A0800000A0A00000A0C00000A0E00000C0000000C0200000C0400000C0600000C0800000C0
310
A00000C0C00000C0E00000E0000000E0200000E0400000E0600000E0800000E0A00000E0C00000E0E00040000000400020004000400040006000400080004000A0004000C0004000E00040200000402020004020400040206000402080004020A0004020C0004020E000404000004040200040404000404060004040800040
310
40A0004040C0004040E00040600000406020004060400040606000406080004060A0004060C0004060E00040800000408020004080400040806000408080004080A0004080C0004080E00040A0000040A0200040A0400040A0600040A0800040A0A00040A0C00040A0E00040C0000040C0200040C0400040C0600040C08000
310
40C0A00040C0C00040C0E00040E0000040E0200040E0400040E0600040E0800040E0A00040E0C00040E0E00080000000800020008000400080006000800080008000A0008000C0008000E00080200000802020008020400080206000802080008020A0008020C0008020E00080400000804020008040400080406000804080
310
008040A0008040C0008040E00080600000806020008060400080606000806080008060A0008060C0008060E00080800000808020008080400080806000808080008080A0008080C0008080E00080A0000080A0200080A0400080A0600080A0800080A0A00080A0C00080A0E00080C0000080C0200080C0400080C0600080C0
310
800080C0A00080C0C00080C0E00080E0000080E0200080E0400080E0600080E0800080E0A00080E0C00080E0E000C0000000C0002000C0004000C0006000C0008000C000A000C000C000C000E000C0200000C0202000C0204000C0206000C0208000C020A000C020C000C020E000C0400000C0402000C0404000C0406000C0
310
408000C040A000C040C000C040E000C0600000C0602000C0604000C0606000C0608000C060A000C060C000C060E000C0800000C0802000C0804000C0806000C0808000C080A000C080C000C080E000C0A00000C0A02000C0A04000C0A06000C0A08000C0A0A000C0A0C000C0A0E000C0C00000C0C02000C0C04000C0C06000
310
C0C08000C0C0A000F0FBFF00A4A0A000808080000000FF0000FF000000FFFF00FF000000FF00FF00FFFF0000FFFFFF0052525252525252525252525252525252525252525252525252525252525252525252525252525252525252525252525252525252525252525252525252525252525252525252525252525252525252
310
52525252525252525252525252525252525252525252525252525252525252525252525252525252525252525252525252525252525252525252525252525252525252525252525252525252525252525252525252525252525252525252525252525252525252525252525252525252525252525252525252525252525252
310
52525252525252525252525252525252525252525252525252525252525252525252525252525252525252525252525252525252525252525252525252525252525252525252525252525252525252525252525252525252525252525252525252525252525252525252525252525252525252525252525252525252525252
310
525252525252525252525252525252525252525252525252525252525252525252FFFFFFFF525252525252525252525252525252525252525252525252525252FFFFFFFFFFFF5252525252525252525252525252525252525252525252525252FFFFFFFFFFFF52525252525252525252525252525252525252525252525252
310
52FFFFFFFFFFFF525252525252525252525252525252525252525252525252525252FFFFFFFF5252525252525252525252525252525252525252525252525252525252525252525252525252525252525252525252525252525252525252525252525252525252525252525252525252525252525252525252525252525252
310
52525252525252525252525252525252525252525252FFFFFFFFFFFFFFFFFFFFFFFFFFFFFFFFFFFFFFFFFFFFFFFFFFFFFFFFFFFF5252FF52525252525252525252525252525252525252525252525252525252FF5252FFFFFFFFFFFFFFFFFFFFFFFFFFFFFFFFFFFFFFFFFFFFFFFFFFFFFFFFFFFF5252525252525252525252
310
52525252525252525252525252525252525252525252525252525252525252525252525252525252525252525252525252525252525252525252525252525252525252525252525252525252525252525252525252525252525252525252525252525252525252525252525252525252525252525252525252525252525252
310
52525252525252525252525252525252525252525252525252525252525252525252525252525252525252525252525252525252525252525252525252525252525252525252525252525252525252525252525252525252525252525252525252525252525252525252525252525252525252525252525252525252525252
310
5252525252525252525252525252525252525252525252525252525252525252525252525252525252525252525252525252525252525252
102
{BLKREFS
331
1B0CF
331
1B0D1
102
}
 70
     0
280
     1
281
     0
1001
AcDbDynamicBlockGUID
1000
{34656F7E-7D28-46F3-B55D-773ECEC3C177}
  0
BLOCK_RECORD
  5
1ACF6
102
{ACAD_XDICTIONARY
360
1ACF7
102
}
330
1
100
AcDbSymbolTableRecord
100
AcDbBlockTableRecord
  2
*U18
340
0
102
{BLKREFS
331
1B0A9
331
1AFCD
102
}
 70
     0
280
     0
281
     0
1001
AcDbBlockRepBTag
1070
     1
1005
1ACB0
  0
BLOCK_RECORD
  5
1AD11
102
{ACAD_XDICTIONARY
360
1BFB0
102
}
330
1
100
AcDbSymbolTableRecord
100
AcDbBlockTableRecord
  2
Stasjonsbygg
340
0
310
28000000200000002000000001002000000000000010000001000000010000000000000000000000FFFFFFFFFFFFFFFFFFFFFFFFFFFFFFFFFFFFFFFFFFFFFFFFFFFFFFFFFFFFFFFFFFFFFFFFFFFFFFFFFFFFFFFFFFFFFFFFFFFFFFFFFFFFFFFFFFFFFFFFFFFFFFFFFFFFFFFFFFFFFFFFFFFFFFFFFFFFFFFFFFFFFFFFFFFFFF
310
FFFFFFFFFFFFFFFFFFFFFFFFFFFFFFFFFFFFFFFFFFFFFFFFFFFFFFFFFFFFFFFFFFFFFFFFFFFFFFFFFFFFFFFFFFFFFFFFFFFFFFFFFFFFFFFFFFFFFFFFFFFFFFFFFFFFFFFFFFFFFFFFFFFFFFFFFFFFFFFFFFFFFFFFFFFFFFFFFFFFFFFFFFFFFFFFFFFFFFFFFFFFFFFFFFFFFFFFFFFFFFFFFFFFFFFFFFFFFFFFFFFFFFFFFFFFFF
310
FFFFFFFFFFFFFFFFFFFFFFFFFFFFFFFFFFFFFFFFFFFFFFFFFFFFFFFFFFFFFFFFFFFFFFFFFFFFFFFFFFFFFFFFFFFFFFFFFFFFFFFFFFFFFFFFFFFFFFFFFFFFFFFFFFFFFFFFFFFFFFFFFFFFFFFFFFFFFFFFFFFFFFFFFFFFFFFFFFFFFFFFFFFFFFFFFFFFFFFFFFFFFFFFFFFFFFFFFFFFFFFFFFFFFFFFFFFFFFFFFFFFFFFFFFFFFF
310
FFFFFFFFFFFFFFFFFFFFFFFFFFFFFFFFFFFFFFFFFFFFFFFFFFFFFFFFFFFFFFFFFFFFFFFFFFFFFFFFFFFFFFFFFFFFFFFFFFFFFFFFFFFFFFFFFFFFFFFFFFFFFFFFFFFFFFFFFFFFFFFFFFFFFFFFFFFFFFFFFFFFFFFFFFFFFFFFFFFFFFFFFFFFFFFFFFFFFFFFFFFFFFFFFFFFFFFFFFFFFFFFFFFFFFFFFFFFFFFFFFFFFFFFFFFFFF
310
FFFFFFFFFFFFFFFFFFFFFFFFFFFFFFFFFFFFFFFFFFFFFFFFFFFFFFFFFFFFFFFFFFFFFFFFFFFFFFFFFFFFFFFFFFFFFFFFFFFFFFFFFFFFFFFFFFFFFFFFFFFFFFFFFFFFFFFFFFFFFFFFFFFFFFFFFFFFFFFFFFFFFFFFFFFFFFFFFFFFFFFFFFFFFFFFFFFFFFFFFFFFFFFFFFFFFFFFFFFFFFFFFFFFFFFFFFFFFFFFFFFFFFFFFFFFFF
310
FFFFFFFFFFFFFFFFFFFFFFFFFFFFFFFFFFFFFFFFFFFFFFFFFFFFFFFFFFFFFFFFFFFFFFFFFFFFFFFFFFFFFFFFFFFFFFFFFFFFFFFFFFFFFFFFFFFFFFFFFFFFFFFFFFFFFFFFFFFFFFFFFFFFFFFFFFFFFFFFFFFFFFFFFFFFFFFFFFFFFFFFFFFFFFFFFFFFFFFFFFFFFFFFFFFFFFFFFFFFFFFFFFFFFFFFFFFFFFFFFFFFFFFFFFFFFF
310
FFFFFFFFFFFFFFFFFFFFFFFFFFFFFFFFFFFFFFFFFFFFFFFFFFFFFFFFFFFFFFFFFFFFFFFFFFFFFFFFFFFFFFFFFFFFFFFFFFFFFFFFFFFFFFFFFFFFFFFFFFFFFFFFFFFFFFFFFFFFFFFFFFFFFFFFFFFFFFFFFFFFFFFFFFFFFFFFFFFFFFFFFFFFFFFFFFFFFFFFFFFFFFFFFFFFFFFFFFFFFFFFFFFFFFFFFFFFFFFFFFFFFFFFFFFFFF
310
FFFFFFFFFFFFFFFFFFFFFFFFFFFFFFFFFFFFFFFFFFFFFFFFFFFFFFFFFFFFFFFFFFFFFFFFFFFFFFFFFFFFFFFFFFFFFFFFFFFFFFFFFFFFFFFFFFFFFFFFFFFFFFFFFFFFFFFFFFFFFFFFFFFFFFFFFFFFFFFFFFFFFFFFFFFFFFFFFFFFFFFFFFFFFFFFFFFFFFFFFFFFFFFFFFFFFFFFFFFFFFFFFFFFFFFFFFFFFFFFFFFFFFFFFFFFFF
310
FFFFFFFFFFFFFFFFFFFFFFFFFFFFFFFFFFFFFFFFFFFFFFFFFFFFFFFFFFFFFFFFFFFFFFFFFFFFFFFFFFFFFFFFFFFFFFFFFFFFFFFF000000FF000000FF000000FF000000FF000000FF000000FF000000FF000000FF000000FF000000FF000000FF000000FF000000FF000000FF000000FF000000FF000000FF000000FF000000
310
FF000000FF000000FF000000FF000000FF000000FF000000FF000000FF000000FF000000FF000000FF000000FFFFFFFFFFFFFFFFFF000000FFFFFFFFFFFFFFFFFFFFFFFFFFFFFFFFFFFFFFFFFFFFFFFFFFFFFFFFFFFFFFFFFFFFFFFFFFFFFFFFFFFFFFFFFFFFFFFFFFFFFFFFFFFFFFFFFFFFFFFFFFFFFFFFFFFFFFFFFFFFFF
310
FFFFFFFFFFFFFFFFFFFFFFFFFFFFFFFFFFFFFFFFFFFFFFFFFFFFFFFFFFFFFFFFFFFFFFFFFFFFFFFFFFFF000000FFFFFFFFFFFFFFFFFF000000FFFFFFFFFFFFFFFFFFFFFFFFFFFFFFFFFFFFFFFFFFFFFFFFFFFFFFFFFFFFFFFFFFFFFFFFFFFFFFFFFFFFFFFFFFFFFFFFFFFFFFFFFFFFFFFFFFFFFFFFFFFFFFFFFFFFFFFFFFFF
310
FFFFFFFFFFFFFFFFFFFFFFFFFFFFFFFFFFFFFFFFFFFFFFFFFFFFFFFFFFFFFFFFFFFFFFFFFFFFFFFFFFFFFF000000FFFFFFFFFFFFFFFFFF000000FFFFFFFFFFFFFFFFFFFFFFFFFFFFFFFFFFFFFFFFFFFFFFFFFFFFFFFFFFFFFFFFFFFFFFFFFFFFFFFFFFFFFFFFFFFFFFFFFFFFFFFFFFFFFFFFFFFFFFFFFFFFFFFFFFFFFFFFFF
310
FFFFFFFFFFFFFFFFFFFFFFFFFFFFFFFFFFFFFFFFFFFFFFFFFFFFFFFFFFFFFFFFFFFFFFFFFFFFFFFFFFFFFFFF000000FFFFFFFFFFFFFFFFFF000000FFFFFFFFFFFFFFFFFFFFFFFFFFFFFFFFFFFFFFFFFFFFFFFFFFFFFFFFFFFFFFFFFFFFFFFFFFFFFFFFFFFFFFFFFFFFFFFFFFFFFFFFFFFFFFFFFFFFFFFFFFFFFFFFFFFFFFFF
310
FFFFFFFFFFFFFFFFFFFFFFFFFFFFFFFFFFFFFFFFFFFFFFFFFFFFFFFFFFFFFFFFFFFFFFFFFFFFFFFFFFFFFFFFFF000000FFFFFFFFFFFFFFFFFF000000FFFFFFFFFFFFFFFFFFFFFFFFFFFFFFFFFFFFFFFFFFFFFFFFFFFFFFFFFFFFFFFFFFFFFFFFFFFFFFFFFF000000FF000000FF000000FFFFFFFFFFFFFFFFFF000000FFFFFF
310
FFFF000000FFFFFFFFFFFFFFFFFFFFFFFFFFFFFFFFFFFFFFFFFFFFFFFFFFFFFFFFFFFFFFFFFFFFFFFFFFFFFFFFFF000000FFFFFFFFFFFFFFFFFF000000FFFFFFFFFFFFFFFFFFFFFFFFFFFFFFFFFFFFFFFFFFFFFFFFFFFFFFFFFFFFFFFFFFFFFFFFFFFFFFFFFF000000FFFFFFFFFF000000FF000000FFFFFFFFFF000000FFFF
310
FFFFFFFFFFFFFFFFFFFFFFFFFFFFFFFFFFFFFFFFFFFFFFFFFFFFFFFFFFFFFFFFFFFFFFFFFFFFFFFFFFFFFFFFFFFFFF000000FFFFFFFFFFFFFFFFFF000000FFFFFFFFFFFFFFFFFFFFFFFFFFFFFFFFFFFFFFFFFFFFFFFFFFFFFFFFFFFFFFFFFFFFFFFFFFFFFFFFFFFFFFFFFF000000FF000000FFFFFFFFFFFFFFFFFF000000FF
310
FFFFFFFFFFFFFFFFFFFFFFFFFFFFFFFFFFFFFFFFFFFFFFFFFFFFFFFFFFFFFFFFFFFFFFFFFFFFFFFFFFFFFFFFFFFFFFFF000000FFFFFFFFFFFFFFFFFF000000FFFFFFFFFFFFFFFFFFFFFFFFFFFFFFFFFFFFFFFFFFFFFFFFFFFFFFFFFFFFFFFFFFFFFFFFFFFFFFFFFF000000FFFFFFFFFFFFFFFFFFFFFFFFFF000000FF000000
310
FF000000FFFFFFFFFFFFFFFFFFFFFFFFFFFFFFFFFFFFFFFFFFFFFFFFFFFFFFFFFFFFFFFFFFFFFFFFFFFFFFFFFFFFFFFFFF000000FFFFFFFFFFFFFFFFFF000000FFFFFFFFFFFFFFFFFFFFFFFFFFFFFFFFFFFFFFFFFFFFFFFFFFFFFFFFFFFFFFFFFFFFFFFFFFFFFFFFFF000000FFFFFFFFFFFFFFFFFFFFFFFFFFFFFFFFFF0000
310
00FFFFFFFFFFFFFFFFFFFFFFFFFFFFFFFFFFFFFFFFFFFFFFFFFFFFFFFFFFFFFFFFFFFFFFFFFFFFFFFFFFFFFFFFFFFFFFFFFF000000FFFFFFFFFFFFFFFFFF000000FFFFFFFFFFFFFFFFFFFFFFFFFFFFFFFFFFFFFFFFFFFFFFFFFFFFFFFFFFFFFFFFFFFFFFFFFFFFFFFFFF000000FF000000FF000000FFFFFFFFFFFFFFFFFF00
310
0000FFFFFFFFFFFFFFFFFFFFFFFFFFFFFFFFFFFFFFFFFFFFFFFFFFFFFFFFFFFFFFFFFFFFFFFFFFFFFFFFFFFFFFFFFFFFFFFFFF000000FFFFFFFFFFFFFFFFFF000000FFFFFFFFFFFFFFFFFFFFFFFFFFFFFFFFFFFFFFFFFFFFFFFFFFFFFFFFFFFFFFFFFFFFFFFFFFFFFFFFFFFFFFFFFFFFFFFFFFFFFFFFFFFFFFFFFFFFFFFFFF
310
FFFFFFFFFFFFFFFFFFFFFFFFFFFFFFFFFFFFFFFFFFFFFFFFFFFFFFFFFFFFFFFFFFFFFFFFFFFFFFFFFFFFFFFFFFFFFFFFFFFFFFFF000000FFFFFFFFFFFFFFFFFF000000FFFFFFFFFFFFFFFFFFFFFFFFFFFFFFFFFFFFFFFFFFFFFFFFFFFFFFFFFFFFFFFFFFFFFFFFFFFFFFFFFFFFFFFFFFFFFFFFFFFFFFFFFFFFFFFFFFFFFFFF
310
FFFFFFFFFFFFFFFFFFFFFFFFFFFFFFFFFFFFFFFFFFFFFFFFFFFFFFFFFFFFFFFFFFFFFFFFFFFFFFFFFFFFFFFFFFFFFFFFFFFFFFFFFF000000FFFFFFFFFFFFFFFFFF000000FFFFFFFFFFFFFFFFFFFFFFFFFFFFFFFFFFFFFFFFFFFFFFFFFFFFFFFFFFFFFFFFFFFFFFFFFFFFFFFFFFFFFFFFFFFFFFFFFFFFFFFFFFFFFFFFFFFFFF
310
FFFFFFFFFFFFFFFFFFFFFFFFFFFFFFFFFFFFFFFFFFFFFFFFFFFFFFFFFFFFFFFFFFFFFFFFFFFFFFFFFFFFFFFFFFFFFFFFFFFFFFFFFFFF000000FFFFFFFFFFFFFFFFFF000000FFFFFFFFFFFFFFFFFFFFFFFFFFFFFFFFFFFFFFFFFFFFFFFFFFFFFFFFFFFFFFFFFFFFFFFFFFFFFFFFFFFFFFFFFFFFFFFFFFFFFFFFFFFFFFFFFFFF
310
FFFFFFFFFFFFFFFFFFFFFFFFFFFFFFFFFFFFFFFFFFFFFFFFFFFFFFFFFFFFFFFFFFFFFFFFFFFFFFFFFFFFFFFFFFFFFFFFFFFFFFFFFFFFFF000000FFFFFFFFFFFFFFFFFF000000FF000000FF000000FF000000FF000000FF000000FF000000FF000000FF000000FF000000FF000000FF000000FF000000FF000000FF000000FF
310
000000FF000000FF000000FF000000FF000000FF000000FF000000FF000000FF000000FF000000FF000000FF000000FF000000FF000000FF000000FFFFFFFFFFFFFFFFFFFFFFFFFFFFFFFFFFFFFFFFFFFFFFFFFFFFFFFFFFFFFFFFFFFFFFFFFFFFFFFFFFFFFFFFFFFFFFFFFFFFFFFFFFFFFFFFFFFFFFFFFFFFFFFFFFFFFFFF
310
FFFFFFFFFFFFFFFFFFFFFFFFFFFFFFFFFFFFFFFFFFFFFFFFFFFFFFFFFFFFFFFFFFFFFFFFFFFFFFFFFFFFFFFFFFFFFFFFFFFFFFFFFFFFFFFFFFFFFFFFFFFFFFFFFFFFFFFFFFFFFFFFFFFFFFFFFFFFFFFFFFFFFFFFFFFFFFFFFFFFFFFFFFFFFFFFFFFFFFFFFFFFFFFFFFFFFFFFFFFFFFFFFFFFFFFFFFFFFFFFFFFFFFFFFFFFFF
310
FFFFFFFFFFFFFFFFFFFFFFFFFFFFFFFFFFFFFFFFFFFFFFFFFFFFFFFFFFFFFFFFFFFFFFFFFFFFFFFFFFFFFFFFFFFFFFFFFFFFFFFFFFFFFFFFFFFFFFFFFFFFFFFFFFFFFFFFFFFFFFFFFFFFFFFFFFFFFFFFFFFFFFFFFFFFFFFFFFFFFFFFFFFFFFFFFFFFFFFFFFFFFFFFFFFFFFFFFFFFFFFFFFFFFFFFFFFFFFFFFFFFFFFFFFFFFF
310
FFFFFFFFFFFFFFFFFFFFFFFFFFFFFFFFFFFFFFFFFFFFFFFFFFFFFFFFFFFFFFFFFFFFFFFFFFFFFFFFFFFFFFFFFFFFFFFFFFFFFFFFFFFFFFFFFFFFFFFFFFFFFFFFFFFFFFFFFFFFFFFFFFFFFFFFFFFFFFFFFFFFFFFFFFFFFFFFFFFFFFFFFFFFFFFFFFFFFFFFFFFFFFFFFFFFFFFFFFFFFFFFFFFFFFFFFFFFFFFFFFFFFFFFFFFFFF
310
FFFFFFFFFFFFFFFFFFFFFFFFFFFFFFFFFFFFFFFFFFFFFFFFFFFFFFFFFFFFFFFFFFFFFFFFFFFFFFFFFFFFFFFFFFFFFFFFFFFFFFFFFFFFFFFFFFFFFFFFFFFFFFFFFFFFFFFFFFFFFFFFFFFFFFFFFFFFFFFFFFFFFFFFFFFFFFFFFFFFFFFFFFFFFFFFFFFFFFFFFFFFFFFFFFFFFFFFFFFFFFFFFFFFFFFFFFFFFFFFFFFFFFFFFFFFFF
310
FFFFFFFFFFFFFFFFFFFFFFFFFFFFFFFFFFFFFFFFFFFFFFFFFFFFFFFFFFFFFFFFFFFFFFFFFFFFFFFFFFFFFFFFFFFFFFFFFFFFFFFFFFFFFFFFFFFFFFFFFFFFFFFFFFFFFFFFFFFFFFFFFFFFFFFFFFFFFFFFFFFFFFFFFFFFFFFFFFFFFFFFFFFFFFFFFFFFFFFFFFFFFFFFFFFFFFFFFFFFFFFFFFFFFFFFFFFFFFFFFFFFFFFFFFFFFF
310
FFFFFFFFFFFFFFFFFFFFFFFFFFFFFFFFFFFFFFFFFFFFFFFFFFFFFFFFFFFFFFFFFFFFFFFFFFFFFFFFFFFFFFFFFFFFFFFFFFFFFFFFFFFFFFFFFFFFFFFFFFFFFFFFFFFFFFFFFFFFFFFFFFFFFFFFFFFFFFFFFFFFFFFFFFFFFFFFFFFFFFFFFFFFFFFFFFFFFFFFFFFFFFFFFFFFFFFFFFFFFFFFFFFFFFFFFFFFFFFFFFFFFFFFFFFFFF
310
FFFFFFFFFFFFFFFFFFFFFFFFFFFFFFFFFFFFFFFFFFFFFFFFFFFFFFFFFFFFFFFFFFFFFFFFFFFFFFFFFFFFFFFFFFFFFFFFFFFFFFFFFFFFFFFFFFFFFFFFFFFFFFFFFFFFFFFFFFFFFFFFFFFFFFFFFFFFFFFFFFFFFFFFFFFFFFFFFFFFFFFFFFFFFFFFFFFFFFFFFFFFFFFFFFFFFFFFFFFFFFFFFFFFFFFFFFFFFFFFFFFFFFFFFFFFFF
310
FFFFFFFFFFFFFFFFFFFFFFFFFFFFFFFFFFFFFFFFFFFFFFFFFFFFFFFFFFFFFFFFFFFFFFFFFFFFFFFFFFFFFFFFFFFFFFFFFFFFFFFFFFFFFFFFFFFFFFFFFFFFFFFFFFFFFFFFFFFFFFFF
102
{BLKREFS
331
1B9C3
331
1B0B3
102
}
 70
     4
280
     0
281
     0
1001
AcDbDynamicBlockGUID
1000
{697DB86D-5EAA-4DF3-BDCB-4BA795C86DA4}
  0
BLOCK_RECORD
  5
1AD5E
102
{ACAD_XDICTIONARY
360
1AD5F
102
}
330
1
100
AcDbSymbolTableRecord
100
AcDbBlockTableRecord
  2
KU_Svingskive
340
0
102
{BLKREFS
331
1B8E0
331
1B8E7
102
}
 70
     4
280
     0
281
     0
1001
AcDbDynamicBlockGUID
1000
{4CFFE67E-8449-4B7F-BBAC-D29C8B9B3D6E}
  0
BLOCK_RECORD
  5
1AD64
102
{ACAD_XDICTIONARY
360
1AD65
102
}
330
1
100
AcDbSymbolTableRecord
100
AcDbBlockTableRecord
  2
KO_Buttspor
340
0
102
{BLKREFS
331
101CB7A
331
101CBDB
331
1B9C2
331
1BA22
102
}
 70
     4
280
     0
281
     0
1001
AcDbDynamicBlockGUID
1000
{6C2905E0-26D5-43AE-9426-59F087DADB24}
  0
BLOCK_RECORD
  5
1AD69
102
{ACAD_XDICTIONARY
360
1BE0B
102
}
330
1
100
AcDbSymbolTableRecord
100
AcDbBlockTableRecord
  2
Km tekst linje
340
0
102
{BLKREFS
331
101CB96
331
1B9C4
331
1BA23
102
}
 70
     4
280
     0
281
     0
1001
AcDbDynamicBlockGUID
1000
{4AE8B6D6-71A5-41B4-AA7E-C44F518E5592}
  0
BLOCK_RECORD
  5
1AD71
330
1
100
AcDbSymbolTableRecord
100
AcDbBlockTableRecord
  2
KO_SPV_Sporveksel
340
0
310
280000002000000020000000010020000000000000100000010000000100000000000000000000006D736DFF6D736DFF6D736DFF6D736DFF6D736DFF6D736DFF6D736DFF6D736DFF6D736DFF6D736DFF6D736DFF6D736DFF6D736DFF6D736DFF6D736DFF6D736DFF6D736DFF6D736DFF6D736DFF6D736DFF6D736DFF6D736D
310
FF6D736DFF6D736DFF6D736DFF6D736DFF6D736DFF6D736DFF6D736DFF6D736DFF6D736DFF6D736DFF6D736DFFFFFFFFFFFFFFFFFFFFFFFFFFFFFFFFFFFFFFFFFFFFFFFFFFFFFFFFFFFFFFFFFFFFFFFFFFFFFFFFFFFFFFFFFFFFFFFFFFFFFFFFFFFFFFFFFFFFFFFFFFFFFFFFFFFFFFFFFFFFFFFFFFFFFFFFFFFFFFFFFFFFFF
310
FFFFFFFFFFFFFFFFFFFFFFFFFFFFFFFFFFFFFFFFFFFFFFFFFFFFFFFFFFFFFFFFFFFFFFFFFFFF6D736DFF6D736DFF6D736DFFFFFFFFFFFFFFFFFFFFFFFFFFFFFFFFFFFFFFFFFFFFFFFFFFFFFFFFFFFFFFFFFFFFFFFFFFFFFFFFFFFFFFFFFFFFFFFFFFFFFFFFFFFFFFFFFFFFFFFFFFFFFFFFFFFFFFFFFFFFFFFFFFFFFFFFFFFF
310
FFFFFFFFFFFFFFFFFFFFFFFFFFFFFFFFFFFFFFFFFFFFFFFFFFFFFFFFFFFFFFFFFFFFFFFFFFFFFF6D736DFF6D736DFF6D736DFF6D736DFFFFFFFFFFFFFFFFFFFFFFFFFFFFFFFFFFFFFFFFFFFFFFFFFFFFFFFFFFFFFFFFFFFFFFFFFFFFFFFFFFFFFFFFFFFFFFFFFFFFFFFFFFFFFFFFFFFFFFFFFFFFFFFFFFFFFFFFFFFFFFFFFF
310
FFFFFFFFFFFFFFFFFFFFFFFFFFFFFFFFFFFFFFFFFFFFFFFFFFFFFFFFFFFFFFFFFFFFFFFFFFFFFFFF6D736DFF6D736DFF6D736DFF6D736DFF6D736DFFFFFFFFFFFFFFFFFFFFFFFFFFFFFFFFFFFFFFFFFFFFFFFFFFFFFFFFFFFFFFFFFFFFFFFFFFFFFFFFFFFFFFFFFFFFFFFFFFFFFFFFFFFFFFFFFFFFFFFFFFFFFFFFFFFFFFFF
310
FFFFFFFFFFFFFFFFFFFFFFFFFFFFFFFFFFFFFFFFFFFFFFFFFFFFFFFFFFFFFFFFFFFFFFFFFFFFFFFFFF6D736DFF6D736DFF6D736DFF6D736DFF6D736DFF6D736DFFFFFFFFFFFFFFFFFFFFFFFFFFFFFFFFFFFFFFFFFFFFFFFFFFFFFFFFFFFFFFFFFFFFFFFFFFFFFFFFFFFFFFFFFFFFFFFFFFFFFFFFFFFFFFFFFFFFFFFFFFFFFF
310
FFFFFFFFFFFFFFFFFFFFFFFFFFFFFFFFFFFFFFFFFFFFFFFFFFFFFFFFFFFFFFFFFFFFFFFFFFFFFFFFFFFF6D736DFF6D736DFF6D736DFF6D736DFF6D736DFF6D736DFF6D736DFFFFFFFFFFFFFFFFFFFFFFFFFFFFFFFFFFFFFFFFFFFFFFFFFFFFFFFFFFFFFFFFFFFFFFFFFFFFFFFFFFFFFFFFFFFFFFFFFFFFFFFFFFFFFFFFFFFF
310
FFFFFFFFFFFFFFFFFFFFFFFFFFFFFFFFFFFFFFFFFFFFFFFFFFFFFFFFFFFFFFFFFFFFFFFFFFFFFFFFFFFFFF6D736DFF6D736DFF6D736DFF6D736DFF6D736DFF6D736DFF6D736DFF6D736DFFFFFFFFFFFFFFFFFFFFFFFFFFFFFFFFFFFFFFFFFFFFFFFFFFFFFFFFFFFFFFFFFFFFFFFFFFFFFFFFFFFFFFFFFFFFFFFFFFFFFFFFFF
310
FFFFFFFFFFFFFFFFFFFFFFFFFFFFFFFFFFFFFFFFFFFFFFFFFFFFFFFFFFFFFFFFFFFFFFFFFFFFFFFFFFFFFFFF6D736DFF6D736DFF6D736DFF6D736DFF6D736DFF6D736DFF6D736DFF6D736DFF6D736DFFFFFFFFFFFFFFFFFFFFFFFFFFFFFFFFFFFFFFFFFFFFFFFFFFFFFFFFFFFFFFFFFFFFFFFFFFFFFFFFFFFFFFFFFFFFFFFF
310
FFFFFFFFFFFFFFFFFFFFFFFFFFFFFFFFFFFFFFFFFFFFFFFFFFFFFFFFFFFFFFFFFFFFFFFFFFFFFFFFFFFFFFFFFF6D736DFF6D736DFF6D736DFF6D736DFF6D736DFF6D736DFF6D736DFF6D736DFF6D736DFF6D736DFFFFFFFFFFFFFFFFFFFFFFFFFFFFFFFFFFFFFFFFFFFFFFFFFFFFFFFFFFFFFFFFFFFFFFFFFFFFFFFFFFFFFF
310
FFFFFFFFFFFFFFFFFFFFFFFFFFFFFFFFFFFFFFFFFFFFFFFFFFFFFFFFFFFFFFFFFFFFFFFFFFFFFFFFFFFFFFFFFFFF6D736DFF6D736DFF6D736DFF6D736DFF6D736DFF6D736DFF6D736DFF6D736DFF6D736DFF6D736DFF6D736DFFFFFFFFFFFFFFFFFFFFFFFFFFFFFFFFFFFFFFFFFFFFFFFFFFFFFFFFFFFFFFFFFFFFFFFFFFFF
310
FFFFFFFFFFFFFFFFFFFFFFFFFFFFFFFFFFFFFFFFFFFFFFFFFFFFFFFFFFFFFFFFFFFFFFFFFFFFFFFFFFFFFFFFFFFFFF6D736DFF6D736DFF6D736DFF6D736DFF6D736DFF6D736DFF6D736DFF6D736DFF6D736DFF6D736DFF6D736DFF6D736DFFFFFFFFFFFFFFFFFFFFFFFFFFFFFFFFFFFFFFFFFFFFFFFFFFFFFFFFFFFFFFFFFF
310
FFFFFFFFFFFFFFFFFFFFFFFFFFFFFFFFFFFFFFFFFFFFFFFFFFFFFFFFFFFFFFFFFFFFFFFFFFFFFFFFFFFFFFFFFFFFFFFF6D736DFF6D736DFF6D736DFF6D736DFF6D736DFF6D736DFF6D736DFF6D736DFF6D736DFF6D736DFF6D736DFF6D736DFF6D736DFFFFFFFFFFFFFFFFFFFFFFFFFFFFFFFFFFFFFFFFFFFFFFFFFFFFFFFF
310
FFFFFFFFFFFFFFFFFFFFFFFFFFFFFFFFFFFFFFFFFFFFFFFFFFFFFFFFFFFFFFFFFFFFFFFFFFFFFFFFFFFFFFFFFFFFFFFFFF6D736DFF6D736DFF6D736DFF6D736DFF6D736DFF6D736DFF6D736DFF6D736DFF6D736DFF6D736DFF6D736DFF6D736DFF6D736DFF6D736DFFFFFFFFFFFFFFFFFFFFFFFFFFFFFFFFFFFFFFFFFFFFFF
310
FFFFFFFFFFFFFFFFFFFFFFFFFFFFFFFFFFFFFFFFFFFFFFFFFFFFFFFFFFFFFFFFFFFFFFFFFFFFFFFFFFFFFFFFFFFFFFFFFFFF6D736DFF6D736DFF6D736DFF6D736DFF6D736DFF6D736DFF6D736DFF6D736DFF6D736DFF6D736DFF6D736DFF6D736DFF6D736DFF6D736DFF6D736DFFFFFFFFFFFFFFFFFFFFFFFFFFFFFFFFFFFF
310
FFFFFFFFFFFFFFFFFFFFFFFFFFFFFFFFFFFFFFFFFFFFFFFFFFFFFFFFFFFFFFFFFFFFFFFFFFFFFFFFFFFFFFFFFFFFFFFFFFFFFF6D736DFF6D736DFF6D736DFF6D736DFF6D736DFF6D736DFF6D736DFF6D736DFF6D736DFF6D736DFF6D736DFF6D736DFF6D736DFF6D736DFF6D736DFF6D736DFFFFFFFFFFFFFFFFFFFFFFFFFF
310
FFFFFFFFFFFFFFFFFFFFFFFFFFFFFFFFFFFFFFFFFFFFFFFFFFFFFFFFFFFFFFFFFFFFFFFFFFFFFFFFFFFFFFFFFFFFFFFFFFFFFFFF6D736DFF6D736DFF6D736DFF6D736DFF6D736DFF6D736DFF6D736DFF6D736DFF6D736DFF6D736DFF6D736DFF6D736DFF6D736DFF6D736DFF6D736DFF6D736DFF6D736DFFFFFFFFFFFFFFFF
310
FFFFFFFFFFFFFFFFFFFFFFFFFFFFFFFFFFFFFFFFFFFFFFFFFFFFFFFFFFFFFFFFFFFFFFFFFFFFFFFFFFFFFFFFFFFFFFFFFFFFFFFFFF6D736DFF6D736DFF6D736DFF6D736DFF6D736DFF6D736DFF6D736DFF6D736DFF6D736DFF6D736DFF6D736DFF6D736DFF6D736DFF6D736DFF6D736DFF6D736DFF6D736DFF6D736DFFFFFF
310
FFFFFFFFFFFFFFFFFFFFFFFFFFFFFFFFFFFFFFFFFFFFFFFFFFFFFFFFFFFFFFFFFFFFFFFFFFFFFFFFFFFFFFFFFFFFFFFFFFFFFFFFFFFF6D736DFF6D736DFF6D736DFF6D736DFF6D736DFF6D736DFF6D736DFF6D736DFF6D736DFF6D736DFF6D736DFF6D736DFF6D736DFF6D736DFF6D736DFF6D736DFF6D736DFF6D736DFF6D
310
736DFFFFFFFFFFFFFFFFFFFFFFFFFFFFFFFFFFFFFFFFFFFFFFFFFFFFFFFFFFFFFFFFFFFFFFFFFFFFFFFFFFFFFFFFFFFFFFFFFFFFFFFFFF6D736DFF6D736DFF6D736DFF6D736DFF6D736DFF6D736DFF6D736DFF6D736DFF6D736DFF6D736DFF6D736DFF6D736DFF6D736DFF6D736DFF6D736DFF6D736DFF6D736DFF6D736DFF
310
6D736DFF6D736DFFFFFFFFFFFFFFFFFFFFFFFFFFFFFFFFFFFFFFFFFFFFFFFFFFFFFFFFFFFFFFFFFFFFFFFFFFFFFFFFFFFFFFFFFFFFFFFFFF6D736DFF6D736DFF6D736DFF6D736DFF6D736DFF6D736DFF6D736DFF6D736DFF6D736DFF6D736DFF6D736DFF6D736DFF6D736DFF6D736DFF6D736DFF6D736DFF6D736DFF6D736D
310
FF6D736DFF6D736DFF6D736DFFFFFFFFFFFFFFFFFFFFFFFFFFFFFFFFFFFFFFFFFFFFFFFFFFFFFFFFFFFFFFFFFFFFFFFFFFFFFFFFFFFFFFFFFF6D736DFF6D736DFF6D736DFF6D736DFF6D736DFF6D736DFF6D736DFF6D736DFF6D736DFF6D736DFF6D736DFF6D736DFF6D736DFF6D736DFF6D736DFF6D736DFF6D736DFF6D73
310
6DFF6D736DFF6D736DFF6D736DFF6D736DFFFFFFFFFFFFFFFFFFFFFFFFFFFFFFFFFFFFFFFFFFFFFFFFFFFFFFFFFFFFFFFFFFFFFFFFFFFFFFFFFF6D736DFF6D736DFF6D736DFF6D736DFF6D736DFF6D736DFF6D736DFF6D736DFF6D736DFF6D736DFF6D736DFF6D736DFF6D736DFF6D736DFF6D736DFF6D736DFF6D736DFF6D
310
736DFF6D736DFF6D736DFF6D736DFF6D736DFF6D736DFFFFFFFFFFFFFFFFFFFFFFFFFFFFFFFFFFFFFFFFFFFFFFFFFFFFFFFFFFFFFFFFFFFFFFFFFF6D736DFF6D736DFF6D736DFF6D736DFF6D736DFF6D736DFF6D736DFF6D736DFF6D736DFF6D736DFF6D736DFF6D736DFF6D736DFF6D736DFF6D736DFF6D736DFF6D736DFF
310
6D736DFF6D736DFF6D736DFF6D736DFF6D736DFF6D736DFF6D736DFFFFFFFFFFFFFFFFFFFFFFFFFFFFFFFFFFFFFFFFFFFFFFFFFFFFFFFFFFFFFFFFFF6D736DFF6D736DFF6D736DFF6D736DFF6D736DFF6D736DFF6D736DFF6D736DFF6D736DFF6D736DFF6D736DFF6D736DFF6D736DFF6D736DFF6D736DFF6D736DFF6D736D
310
FF6D736DFF6D736DFF6D736DFF6D736DFF6D736DFF6D736DFF6D736DFF6D736DFFFFFFFFFFFFFFFFFFFFFFFFFFFFFFFFFFFFFFFFFFFFFFFFFFFFFFFFFF6D736DFF6D736DFF6D736DFF6D736DFF6D736DFF6D736DFF6D736DFF6D736DFF6D736DFF6D736DFF6D736DFF6D736DFF6D736DFF6D736DFF6D736DFF6D736DFF6D73
310
6DFF6D736DFF6D736DFF6D736DFF6D736DFF6D736DFF6D736DFF6D736DFF6D736DFF6D736DFFFFFFFFFFFFFFFFFFFFFFFFFFFFFFFFFFFFFFFFFFFFFFFFFF6D736DFF6D736DFF6D736DFF6D736DFF6D736DFF6D736DFF6D736DFF6D736DFF6D736DFF6D736DFF6D736DFF6D736DFF6D736DFF6D736DFF6D736DFF6D736DFF6D
310
736DFF6D736DFF6D736DFF6D736DFF6D736DFF6D736DFF6D736DFF6D736DFF6D736DFF6D736DFF6D736DFFFFFFFFFFFFFFFFFFFFFFFFFFFFFFFFFFFFFFFFFF6D736DFF6D736DFF6D736DFF6D736DFF6D736DFF6D736DFF6D736DFF6D736DFF6D736DFF6D736DFF6D736DFF6D736DFF6D736DFF6D736DFF6D736DFF6D736DFF
310
6D736DFF6D736DFF6D736DFF6D736DFF6D736DFF6D736DFF6D736DFF6D736DFF6D736DFF6D736DFF6D736DFF6D736DFFFFFFFFFFFFFFFFFFFFFFFFFFFFFFFFFF6D736DFF6D736DFF6D736DFF6D736DFF6D736DFF6D736DFF6D736DFF6D736DFF6D736DFF6D736DFF6D736DFF6D736DFF6D736DFF6D736DFF6D736DFF6D736D
310
FF6D736DFF6D736DFF6D736DFF6D736DFF6D736DFF6D736DFF6D736DFF6D736DFF6D736DFF6D736DFF6D736DFF6D736DFF6D736DFFFFFFFFFFFFFFFFFFFFFFFFFF6D736DFF6D736DFF6D736DFF6D736DFF6D736DFF6D736DFF6D736DFF6D736DFF6D736DFF6D736DFF6D736DFF6D736DFF6D736DFF6D736DFF6D736DFF6D73
310
6DFF6D736DFF6D736DFF6D736DFF6D736DFF6D736DFF6D736DFF6D736DFF6D736DFF6D736DFF6D736DFF6D736DFF6D736DFF6D736DFF6D736DFFFFFFFFFFFFFFFFFF6D736DFF6D736DFF6D736DFF6D736DFF6D736DFF6D736DFF6D736DFF6D736DFF6D736DFF6D736DFF6D736DFF6D736DFF6D736DFF6D736DFF6D736DFF6D
310
736DFF6D736DFF6D736DFF6D736DFF6D736DFF6D736DFF6D736DFF6D736DFF6D736DFF6D736DFF6D736DFF6D736DFF6D736DFF6D736DFF6D736DFF6D736DFFFFFFFFFF6D736DFF6D736DFF6D736DFF6D736DFF6D736DFF6D736DFF6D736DFF6D736DFF6D736DFF6D736DFF6D736DFF6D736DFF6D736DFF6D736DFF6D736DFF
310
6D736DFF6D736DFF6D736DFF6D736DFF6D736DFF6D736DFF6D736DFF6D736DFF6D736DFF6D736DFF6D736DFF6D736DFF6D736DFF6D736DFF6D736DFF6D736DFF6D736DFF6D736DFF
102
{BLKREFS
331
1B19C
102
}
 70
     4
280
     1
281
     0
  0
BLOCK_RECORD
  5
1AD76
330
1
100
AcDbSymbolTableRecord
100
AcDbBlockTableRecord
  2
KO_SPV_Rettveksel_SSK
340
0
310
280000002000000020000000010020000000000000100000010000000100000000000000000000006D736DFF6D736DFF6D736DFF6D736DFF6D736DFF6D736DFF6D736DFF6D736DFF6D736DFF6D736DFF6D736DFF6D736DFF6D736DFF6D736DFF6D736DFF6D736DFF6D736DFF6D736DFF6D736DFF6D736DFF6D736DFF6D736D
310
FF6D736DFF6D736DFF6D736DFF6D736DFF6D736DFF6D736DFF6D736DFF6D736DFF6D736DFF6D736DFF6D736DFF6D736DFF6D736DFF6D736DFF6D736DFF6D736DFF6D736DFF6D736DFF6D736DFF6D736DFF6D736DFF6D736DFF6D736DFF6D736DFF6D736DFF6D736DFF6D736DFF6D736DFF6D736DFF6D736DFF6D736DFF6D73
310
6DFF6D736DFF6D736DFF6D736DFF6D736DFF6D736DFF6D736DFF6D736DFF6D736DFF6D736DFF6D736DFF6D736DFF6D736DFF6D736DFF6D736DFF6D736DFF6D736DFF6D736DFF6D736DFF6D736DFF6D736DFF6D736DFF6D736DFF6D736DFF6D736DFF6D736DFF6D736DFF6D736DFF6D736DFF6D736DFF6D736DFF6D736DFF6D
310
736DFF6D736DFF6D736DFF6D736DFF6D736DFF6D736DFF6D736DFF6D736DFF6D736DFF6D736DFF6D736DFF6D736DFF6D736DFF6D736DFF6D736DFF6D736DFF6D736DFF6D736DFF6D736DFF6D736DFF6D736DFF6D736DFF6D736DFF6D736DFF6D736DFF6D736DFF6D736DFF6D736DFF6D736DFF6D736DFF6D736DFF6D736DFF
310
6D736DFF6D736DFF6D736DFF6D736DFF6D736DFF6D736DFF6D736DFF6D736DFF6D736DFF6D736DFF6D736DFF6D736DFF6D736DFF6D736DFF6D736DFF6D736DFF6D736DFF6D736DFF6D736DFF6D736DFF6D736DFF6D736DFF6D736DFF6D736DFF6D736DFF6D736DFF6D736DFF6D736DFF6D736DFF6D736DFF6D736DFF6D736D
310
FF6D736DFF6D736DFF6D736DFF6D736DFF6D736DFF6D736DFF6D736DFF6D736DFF6D736DFF6D736DFF6D736DFF6D736DFF6D736DFF6D736DFF6D736DFF6D736DFF6D736DFF6D736DFF6D736DFF6D736DFF6D736DFF6D736DFF6D736DFF6D736DFF6D736DFF6D736DFF6D736DFF6D736DFF6D736DFF6D736DFF6D736DFF6D73
310
6DFF6D736DFF6D736DFF6D736DFF6D736DFF6D736DFF6D736DFF6D736DFF6D736DFF6D736DFF6D736DFF6D736DFF6D736DFF6D736DFF6D736DFF6D736DFF6D736DFF6D736DFF6D736DFF6D736DFF6D736DFF6D736DFF6D736DFF6D736DFF6D736DFF6D736DFF6D736DFF6D736DFF6D736DFF6D736DFF6D736DFF6D736DFF6D
310
736DFF6D736DFF6D736DFF6D736DFF6D736DFF6D736DFF6D736DFF6D736DFF6D736DFF6D736DFF6D736DFF6D736DFF6D736DFFFFFFFFFF6D736DFF6D736DFF6D736DFF6D736DFF6D736DFF6D736DFF6D736DFF6D736DFF6D736DFF6D736DFF6D736DFF6D736DFF6D736DFF6D736DFF6D736DFF6D736DFF6D736DFF6D736DFF
310
6D736DFF6D736DFF6D736DFF6D736DFF6D736DFF6D736DFF6D736DFF6D736DFF6D736DFF6D736DFF6D736DFF6D736DFF6D736DFFFFFFFFFF6D736DFF6D736DFF6D736DFF6D736DFF6D736DFF6D736DFF6D736DFF6D736DFF6D736DFF6D736DFF6D736DFF6D736DFF6D736DFF6D736DFF6D736DFF6D736DFF6D736DFF6D736D
310
FF6D736DFF6D736DFF6D736DFF6D736DFF6D736DFF6D736DFF6D736DFF6D736DFF6D736DFF6D736DFF6D736DFF6D736DFF6D736DFFFFFFFFFF6D736DFF6D736DFF6D736DFF6D736DFF6D736DFF6D736DFF6D736DFF6D736DFF6D736DFF6D736DFF6D736DFF6D736DFF6D736DFF6D736DFF6D736DFF6D736DFF6D736DFF6D73
310
6DFF6D736DFF6D736DFF6D736DFF6D736DFF6D736DFF6D736DFF6D736DFF6D736DFF6D736DFF6D736DFF6D736DFF6D736DFF6D736DFFFFFFFFFFFFFFFFFFFFFFFFFFFFFFFFFFFFFFFFFFFFFFFFFFFFFFFFFFFFFFFFFFFFFFFFFFFFFFFFFFFFFFFFFFFFFFFFFFFFFFFFFFFFFFFFFFFFFFFFFFFFFFFFFFFFFFFFFFFFFFFFFFFF
310
FFFFFFFFFFFFFFFFFFFFFFFFFFFFFFFFFFFFFFFFFFFFFFFFFFFFFFFFFFFFFFFFFFFFFFFFFFFFFFFFFFFFFFFFFFFFFF6D736DFF6D736DFFFFFFFFFF6D736DFF6D736DFF6D736DFF6D736DFF6D736DFF6D736DFF6D736DFF6D736DFF6D736DFF6D736DFF6D736DFF6D736DFF6D736DFF6D736DFF6D736DFFFFFFFFFFFFFFFFFF
310
FFFFFFFFFFFFFFFFFFFFFFFFFFFFFFFFFFFFFFFFFFFFFFFFFFFFFFFFFFFFFFFFFFFFFFFFFFFFFFFFFFFFFFFFFFFFFFFF6D736DFF6D736DFFFFFFFFFF6D736DFF6D736DFF6D736DFF6D736DFF6D736DFF6D736DFF6D736DFF6D736DFF6D736DFF6D736DFF6D736DFF6D736DFF6D736DFF6D736DFF6D736DFF6D736DFFFFFFFF
310
FFFFFFFFFFFFFFFFFFFFFFFFFFFFFFFFFFFFFFFFFFFFFFFFFFFFFFFFFFFFFFFFFFFFFFFFFFFFFFFFFFFFFFFFFFFFFFFFFF6D736DFF6D736DFFFFFFFFFF6D736DFF6D736DFF6D736DFF6D736DFF6D736DFF6D736DFF6D736DFF6D736DFF6D736DFF6D736DFF6D736DFF6D736DFF6D736DFF6D736DFF6D736DFF6D736DFF6D73
310
6DFFFFFFFFFFFFFFFFFFFFFFFFFFFFFFFFFFFFFFFFFFFFFFFFFFFFFFFFFFFFFFFFFFFFFFFFFFFFFFFFFFFFFFFFFFFFFFFFFF6D736DFF6D736DFF6D736DFF6D736DFF6D736DFF6D736DFF6D736DFF6D736DFF6D736DFF6D736DFF6D736DFF6D736DFF6D736DFF6D736DFF6D736DFF6D736DFF6D736DFF6D736DFF6D736DFF6D
310
736DFF6D736DFFFFFFFFFFFFFFFFFFFFFFFFFFFFFFFFFFFFFFFFFFFFFFFFFFFFFFFFFFFFFFFFFFFFFFFFFFFFFFFFFFFFFFFFFF6D736DFF6D736DFF6D736DFF6D736DFF6D736DFF6D736DFF6D736DFF6D736DFF6D736DFF6D736DFF6D736DFF6D736DFF6D736DFF6D736DFF6D736DFF6D736DFF6D736DFF6D736DFF6D736DFF
310
6D736DFF6D736DFF6D736DFFFFFFFFFFFFFFFFFFFFFFFFFFFFFFFFFFFFFFFFFFFFFFFFFFFFFFFFFFFFFFFFFFFFFFFFFFFFFFFFFF6D736DFF6D736DFF6D736DFF6D736DFF6D736DFF6D736DFF6D736DFF6D736DFF6D736DFF6D736DFF6D736DFF6D736DFF6D736DFF6D736DFF6D736DFF6D736DFF6D736DFF6D736DFF6D736D
310
FF6D736DFF6D736DFF6D736DFF6D736DFFFFFFFFFFFFFFFFFFFFFFFFFFFFFFFFFFFFFFFFFFFFFFFFFFFFFFFFFFFFFFFFFFFFFFFFFF6D736DFF6D736DFF6D736DFF6D736DFF6D736DFF6D736DFF6D736DFF6D736DFF6D736DFF6D736DFF6D736DFF6D736DFF6D736DFF6D736DFF6D736DFF6D736DFF6D736DFF6D736DFF6D73
310
6DFF6D736DFF6D736DFF6D736DFF6D736DFF6D736DFFFFFFFFFFFFFFFFFFFFFFFFFFFFFFFFFFFFFFFFFFFFFFFFFFFFFFFFFFFFFFFFFF6D736DFF6D736DFF6D736DFF6D736DFF6D736DFF6D736DFF6D736DFF6D736DFF6D736DFF6D736DFF6D736DFF6D736DFF6D736DFF6D736DFF6D736DFF6D736DFF6D736DFF6D736DFF6D
310
736DFF6D736DFF6D736DFF6D736DFF6D736DFF6D736DFF6D736DFFFFFFFFFFFFFFFFFFFFFFFFFFFFFFFFFFFFFFFFFFFFFFFFFFFFFFFFFF6D736DFF6D736DFF6D736DFF6D736DFF6D736DFF6D736DFF6D736DFF6D736DFF6D736DFF6D736DFF6D736DFF6D736DFF6D736DFF6D736DFF6D736DFF6D736DFF6D736DFF6D736DFF
310
6D736DFF6D736DFF6D736DFF6D736DFF6D736DFF6D736DFF6D736DFF6D736DFFFFFFFFFFFFFFFFFFFFFFFFFFFFFFFFFFFFFFFFFFFFFFFFFF6D736DFF6D736DFF6D736DFF6D736DFF6D736DFF6D736DFF6D736DFF6D736DFF6D736DFF6D736DFF6D736DFF6D736DFF6D736DFF6D736DFF6D736DFF6D736DFF6D736DFF6D736D
310
FF6D736DFF6D736DFF6D736DFF6D736DFF6D736DFF6D736DFF6D736DFF6D736DFF6D736DFFFFFFFFFFFFFFFFFFFFFFFFFFFFFFFFFFFFFFFFFF6D736DFF6D736DFF6D736DFF6D736DFF6D736DFF6D736DFF6D736DFF6D736DFF6D736DFF6D736DFF6D736DFF6D736DFF6D736DFF6D736DFF6D736DFF6D736DFF6D736DFF6D73
310
6DFF6D736DFF6D736DFF6D736DFF6D736DFF6D736DFF6D736DFF6D736DFF6D736DFF6D736DFF6D736DFFFFFFFFFFFFFFFFFFFFFFFFFFFFFFFFFF6D736DFF6D736DFF6D736DFF6D736DFF6D736DFF6D736DFF6D736DFF6D736DFF6D736DFF6D736DFF6D736DFF6D736DFF6D736DFF6D736DFF6D736DFF6D736DFF6D736DFF6D
310
736DFF6D736DFF6D736DFF6D736DFF6D736DFF6D736DFF6D736DFF6D736DFF6D736DFF6D736DFF6D736DFF6D736DFFFFFFFFFFFFFFFFFFFFFFFFFF6D736DFF6D736DFF6D736DFF6D736DFF6D736DFF6D736DFF6D736DFF6D736DFF6D736DFF6D736DFF6D736DFF6D736DFF6D736DFF6D736DFF6D736DFF6D736DFF6D736DFF
310
6D736DFF6D736DFF6D736DFF6D736DFF6D736DFF6D736DFF6D736DFF6D736DFF6D736DFF6D736DFF6D736DFF6D736DFF6D736DFFFFFFFFFFFFFFFFFF6D736DFF6D736DFF6D736DFF6D736DFF6D736DFF6D736DFF6D736DFF6D736DFF6D736DFF6D736DFF6D736DFF6D736DFF6D736DFF6D736DFF6D736DFF6D736DFF6D736D
310
FF6D736DFF6D736DFF6D736DFF6D736DFF6D736DFF6D736DFF6D736DFF6D736DFF6D736DFF6D736DFF6D736DFF6D736DFF6D736DFF6D736DFFFFFFFFFF6D736DFF6D736DFF6D736DFF6D736DFF6D736DFF6D736DFF6D736DFF6D736DFF6D736DFF6D736DFF6D736DFF6D736DFF6D736DFF6D736DFF6D736DFF6D736DFF6D73
310
6DFF6D736DFF6D736DFF6D736DFF6D736DFF6D736DFF6D736DFF6D736DFF6D736DFF6D736DFF6D736DFF6D736DFF6D736DFF6D736DFF6D736DFF6D736DFF6D736DFF6D736DFF6D736DFF6D736DFF6D736DFF6D736DFF6D736DFF6D736DFF6D736DFF6D736DFF6D736DFF6D736DFF6D736DFF6D736DFF6D736DFF6D736DFF6D
310
736DFF6D736DFF6D736DFF6D736DFF6D736DFF6D736DFF6D736DFF6D736DFF6D736DFF6D736DFF6D736DFF6D736DFF6D736DFF6D736DFF6D736DFF6D736DFF6D736DFF6D736DFF6D736DFF6D736DFF6D736DFF6D736DFF6D736DFF6D736DFF6D736DFF6D736DFF6D736DFF6D736DFF6D736DFF6D736DFF6D736DFF6D736DFF
310
6D736DFF6D736DFF6D736DFF6D736DFF6D736DFF6D736DFF6D736DFF6D736DFF6D736DFF6D736DFF6D736DFF6D736DFF6D736DFF6D736DFF6D736DFF6D736DFF6D736DFF6D736DFF6D736DFF6D736DFF6D736DFF6D736DFF6D736DFF6D736DFF6D736DFF6D736DFF6D736DFF6D736DFF6D736DFF6D736DFF6D736DFF6D736D
310
FF6D736DFF6D736DFF6D736DFF6D736DFF6D736DFF6D736DFF6D736DFF6D736DFF6D736DFF6D736DFF6D736DFF6D736DFF6D736DFF6D736DFF6D736DFF6D736DFF6D736DFF6D736DFF6D736DFF6D736DFF6D736DFF6D736DFF6D736DFF6D736DFF6D736DFF6D736DFF6D736DFF6D736DFF6D736DFF6D736DFF6D736DFF6D73
310
6DFF6D736DFF6D736DFF6D736DFF6D736DFF6D736DFF6D736DFF6D736DFF6D736DFF6D736DFF6D736DFF6D736DFF6D736DFF6D736DFF6D736DFF6D736DFF6D736DFF6D736DFF6D736DFF6D736DFF6D736DFF6D736DFF6D736DFF6D736DFF6D736DFF6D736DFF6D736DFF6D736DFF6D736DFF6D736DFF6D736DFF6D736DFF6D
310
736DFF6D736DFF6D736DFF6D736DFF6D736DFF6D736DFF6D736DFF6D736DFF6D736DFF6D736DFF6D736DFF6D736DFF6D736DFF6D736DFF6D736DFF6D736DFF6D736DFF6D736DFF6D736DFF6D736DFF6D736DFF6D736DFF6D736DFF6D736DFF6D736DFF6D736DFF6D736DFF6D736DFF6D736DFF6D736DFF6D736DFF6D736DFF
310
6D736DFF6D736DFF6D736DFF6D736DFF6D736DFF6D736DFF6D736DFF6D736DFF6D736DFF6D736DFF6D736DFF6D736DFF6D736DFF6D736DFF6D736DFF6D736DFF6D736DFF6D736DFF
102
{BLKREFS
331
1B19D
102
}
 70
     4
280
     1
281
     0
  0
BLOCK_RECORD
  5
1AD7D
330
1
100
AcDbSymbolTableRecord
100
AcDbBlockTableRecord
  2
KO_SPV_Skråveksel_SSK
340
0
310
280000002000000020000000010020000000000000100000010000000100000000000000000000006D736DFF6D736DFF6D736DFF6D736DFF6D736DFF6D736DFF6D736DFF6D736DFF6D736DFF6D736DFF6D736DFF6D736DFF6D736DFF6D736DFF6D736DFF6D736DFF6D736DFF6D736DFF6D736DFF6D736DFF6D736DFF6D736D
310
FF6D736DFF6D736DFF6D736DFF6D736DFF6D736DFF6D736DFF6D736DFF6D736DFF6D736DFF6D736DFF6D736DFF6D736DFF6D736DFF6D736DFF6D736DFF6D736DFFFFFFFFFF6D736DFF6D736DFF6D736DFF6D736DFF6D736DFF6D736DFF6D736DFF6D736DFF6D736DFF6D736DFF6D736DFF6D736DFF6D736DFF6D736DFF6D73
310
6DFF6D736DFF6D736DFF6D736DFF6D736DFF6D736DFF6D736DFF6D736DFF6D736DFF6D736DFF6D736DFF6D736DFF6D736DFF6D736DFF6D736DFF6D736DFFFFFFFFFF6D736DFF6D736DFF6D736DFF6D736DFF6D736DFF6D736DFF6D736DFF6D736DFF6D736DFF6D736DFF6D736DFF6D736DFF6D736DFF6D736DFF6D736DFF6D
310
736DFF6D736DFF6D736DFF6D736DFF6D736DFF6D736DFF6D736DFF6D736DFF6D736DFF6D736DFF6D736DFF6D736DFF6D736DFF6D736DFF6D736DFFFFFFFFFF6D736DFF6D736DFF6D736DFF6D736DFF6D736DFF6D736DFF6D736DFF6D736DFF6D736DFF6D736DFF6D736DFF6D736DFF6D736DFF6D736DFF6D736DFF6D736DFF
310
6D736DFF6D736DFF6D736DFF6D736DFF6D736DFF6D736DFF6D736DFF6D736DFF6D736DFF6D736DFF6D736DFF6D736DFF6D736DFF6D736DFFFFFFFFFFFFFFFFFF6D736DFF6D736DFF6D736DFF6D736DFF6D736DFF6D736DFF6D736DFF6D736DFF6D736DFF6D736DFF6D736DFF6D736DFF6D736DFF6D736DFF6D736DFF6D736D
310
FF6D736DFF6D736DFF6D736DFF6D736DFF6D736DFF6D736DFF6D736DFF6D736DFF6D736DFF6D736DFF6D736DFF6D736DFF6D736DFFFFFFFFFF6D736DFF6D736DFFFFFFFFFF6D736DFF6D736DFF6D736DFF6D736DFF6D736DFF6D736DFF6D736DFF6D736DFF6D736DFF6D736DFF6D736DFF6D736DFF6D736DFF6D736DFF6D73
310
6DFF6D736DFF6D736DFF6D736DFF6D736DFF6D736DFF6D736DFF6D736DFF6D736DFF6D736DFF6D736DFF6D736DFF6D736DFFFFFFFFFF6D736DFF6D736DFF6D736DFF6D736DFFFFFFFFFF6D736DFF6D736DFF6D736DFF6D736DFF6D736DFF6D736DFF6D736DFF6D736DFF6D736DFF6D736DFF6D736DFF6D736DFF6D736DFF6D
310
736DFF6D736DFF6D736DFF6D736DFF6D736DFF6D736DFF6D736DFF6D736DFF6D736DFF6D736DFF6D736DFF6D736DFF6D736DFF6D736DFF6D736DFF6D736DFF6D736DFF6D736DFF6D736DFFFFFFFFFF6D736DFF6D736DFF6D736DFF6D736DFF6D736DFF6D736DFF6D736DFF6D736DFF6D736DFF6D736DFF6D736DFF6D736DFF
310
6D736DFF6D736DFF6D736DFF6D736DFF6D736DFF6D736DFF6D736DFF6D736DFF6D736DFF6D736DFF6D736DFF6D736DFF6D736DFF6D736DFF6D736DFF6D736DFF6D736DFF6D736DFF6D736DFF6D736DFFFFFFFFFF6D736DFF6D736DFF6D736DFF6D736DFF6D736DFF6D736DFF6D736DFF6D736DFF6D736DFF6D736DFF6D736D
310
FF6D736DFF6D736DFF6D736DFF6D736DFF6D736DFF6D736DFF6D736DFF6D736DFF6D736DFF6D736DFF6D736DFF6D736DFF6D736DFF6D736DFF6D736DFF6D736DFF6D736DFF6D736DFF6D736DFF6D736DFF6D736DFFFFFFFFFF6D736DFF6D736DFF6D736DFF6D736DFF6D736DFF6D736DFF6D736DFF6D736DFF6D736DFF6D73
310
6DFF6D736DFF6D736DFF6D736DFF6D736DFF6D736DFF6D736DFF6D736DFF6D736DFF6D736DFF6D736DFF6D736DFF6D736DFF6D736DFF6D736DFF6D736DFF6D736DFF6D736DFF6D736DFF6D736DFF6D736DFF6D736DFF6D736DFFFFFFFFFF6D736DFF6D736DFF6D736DFF6D736DFF6D736DFF6D736DFF6D736DFF6D736DFF6D
310
736DFF6D736DFF6D736DFF6D736DFF6D736DFF6D736DFF6D736DFF6D736DFF6D736DFF6D736DFF6D736DFF6D736DFF6D736DFF6D736DFF6D736DFF6D736DFF6D736DFF6D736DFF6D736DFF6D736DFF6D736DFF6D736DFF6D736DFF6D736DFFFFFFFFFF6D736DFF6D736DFF6D736DFF6D736DFF6D736DFF6D736DFF6D736DFF
310
6D736DFF6D736DFF6D736DFF6D736DFF6D736DFF6D736DFF6D736DFF6D736DFF6D736DFF6D736DFF6D736DFF6D736DFF6D736DFF6D736DFF6D736DFF6D736DFF6D736DFF6D736DFF6D736DFF6D736DFF6D736DFF6D736DFF6D736DFF6D736DFF6D736DFFFFFFFFFF6D736DFF6D736DFF6D736DFF6D736DFF6D736DFF6D736D
310
FF6D736DFF6D736DFF6D736DFF6D736DFF6D736DFF6D736DFF6D736DFF6D736DFF6D736DFF6D736DFF6D736DFF6D736DFF6D736DFF6D736DFF6D736DFF6D736DFF6D736DFF6D736DFF6D736DFF6D736DFF6D736DFF6D736DFF6D736DFF6D736DFF6D736DFF6D736DFFFFFFFFFF6D736DFF6D736DFF6D736DFF6D736DFF6D73
310
6DFF6D736DFF6D736DFF6D736DFF6D736DFF6D736DFF6D736DFF6D736DFF6D736DFF6D736DFF6D736DFF6D736DFF6D736DFF6D736DFF6D736DFF6D736DFF6D736DFF6D736DFF6D736DFF6D736DFF6D736DFF6D736DFF6D736DFF6D736DFF6D736DFF6D736DFF6D736DFF6D736DFFFFFFFFFFFFFFFFFFFFFFFFFFFFFFFFFFFF
310
FFFFFFFFFFFFFFFFFFFFFFFFFFFFFFFFFFFFFFFFFFFFFFFFFFFFFFFFFFFFFFFFFFFFFFFFFFFFFFFFFFFFFFFFFFFFFFFFFFFFFF6D736DFF6D736DFF6D736DFF6D736DFF6D736DFF6D736DFF6D736DFF6D736DFF6D736DFF6D736DFF6D736DFF6D736DFF6D736DFF6D736DFF6D736DFF6D736DFFFFFFFFFFFFFFFFFFFFFFFFFF
310
FFFFFFFFFFFFFFFFFFFFFFFFFFFFFFFFFFFFFFFFFFFFFFFFFFFFFFFFFFFFFFFFFFFFFFFFFFFFFFFFFFFFFFFFFFFFFFFFFFFFFFFF6D736DFF6D736DFF6D736DFF6D736DFF6D736DFF6D736DFF6D736DFF6D736DFF6D736DFF6D736DFF6D736DFF6D736DFF6D736DFF6D736DFF6D736DFF6D736DFF6D736DFFFFFFFFFFFFFFFF
310
FFFFFFFFFFFFFFFFFFFFFFFFFFFFFFFFFFFFFFFFFFFFFFFFFFFFFFFFFFFFFFFFFFFFFFFFFFFFFFFFFFFFFFFFFFFFFFFFFFFFFFFFFF6D736DFF6D736DFF6D736DFF6D736DFF6D736DFF6D736DFF6D736DFF6D736DFF6D736DFF6D736DFF6D736DFF6D736DFF6D736DFF6D736DFF6D736DFF6D736DFF6D736DFF6D736DFFFFFF
310
FFFFFFFFFFFFFFFFFFFFFFFFFFFFFFFFFFFFFFFFFFFFFFFFFFFFFFFFFFFFFFFFFFFFFFFFFFFFFFFFFFFFFFFFFFFFFFFFFFFFFFFFFFFF6D736DFF6D736DFF6D736DFF6D736DFF6D736DFF6D736DFF6D736DFF6D736DFF6D736DFF6D736DFF6D736DFF6D736DFF6D736DFF6D736DFF6D736DFF6D736DFF6D736DFF6D736DFF6D
310
736DFFFFFFFFFFFFFFFFFFFFFFFFFFFFFFFFFFFFFFFFFFFFFFFFFFFFFFFFFFFFFFFFFFFFFFFFFFFFFFFFFFFFFFFFFFFFFFFFFFFFFFFFFF6D736DFF6D736DFF6D736DFF6D736DFF6D736DFF6D736DFF6D736DFF6D736DFF6D736DFF6D736DFF6D736DFF6D736DFF6D736DFF6D736DFF6D736DFF6D736DFF6D736DFF6D736DFF
310
6D736DFF6D736DFFFFFFFFFFFFFFFFFFFFFFFFFFFFFFFFFFFFFFFFFFFFFFFFFFFFFFFFFFFFFFFFFFFFFFFFFFFFFFFFFFFFFFFFFFFFFFFFFF6D736DFF6D736DFF6D736DFF6D736DFF6D736DFF6D736DFF6D736DFF6D736DFF6D736DFF6D736DFF6D736DFF6D736DFF6D736DFF6D736DFF6D736DFF6D736DFF6D736DFF6D736D
310
FF6D736DFF6D736DFF6D736DFFFFFFFFFFFFFFFFFFFFFFFFFFFFFFFFFFFFFFFFFFFFFFFFFFFFFFFFFFFFFFFFFFFFFFFFFFFFFFFFFFFFFFFFFF6D736DFF6D736DFF6D736DFF6D736DFF6D736DFF6D736DFF6D736DFF6D736DFF6D736DFF6D736DFF6D736DFF6D736DFF6D736DFF6D736DFF6D736DFF6D736DFF6D736DFF6D73
310
6DFF6D736DFF6D736DFF6D736DFF6D736DFFFFFFFFFFFFFFFFFFFFFFFFFFFFFFFFFFFFFFFFFFFFFFFFFFFFFFFFFFFFFFFFFFFFFFFFFFFFFFFFFF6D736DFF6D736DFF6D736DFF6D736DFF6D736DFF6D736DFF6D736DFF6D736DFF6D736DFF6D736DFF6D736DFF6D736DFF6D736DFF6D736DFF6D736DFF6D736DFF6D736DFF6D
310
736DFF6D736DFF6D736DFF6D736DFF6D736DFF6D736DFFFFFFFFFFFFFFFFFFFFFFFFFFFFFFFFFFFFFFFFFFFFFFFFFFFFFFFFFFFFFFFFFFFFFFFFFF6D736DFF6D736DFF6D736DFF6D736DFF6D736DFF6D736DFF6D736DFF6D736DFF6D736DFF6D736DFF6D736DFF6D736DFF6D736DFF6D736DFF6D736DFF6D736DFF6D736DFF
310
6D736DFF6D736DFF6D736DFF6D736DFF6D736DFF6D736DFF6D736DFFFFFFFFFFFFFFFFFFFFFFFFFFFFFFFFFFFFFFFFFFFFFFFFFFFFFFFFFFFFFFFFFF6D736DFF6D736DFF6D736DFF6D736DFF6D736DFF6D736DFF6D736DFF6D736DFF6D736DFF6D736DFF6D736DFF6D736DFF6D736DFF6D736DFF6D736DFF6D736DFF6D736D
310
FF6D736DFF6D736DFF6D736DFF6D736DFF6D736DFF6D736DFF6D736DFF6D736DFFFFFFFFFFFFFFFFFFFFFFFFFFFFFFFFFFFFFFFFFFFFFFFFFFFFFFFFFF6D736DFF6D736DFF6D736DFF6D736DFF6D736DFF6D736DFF6D736DFF6D736DFF6D736DFF6D736DFF6D736DFF6D736DFF6D736DFF6D736DFF6D736DFF6D736DFF6D73
310
6DFF6D736DFF6D736DFF6D736DFF6D736DFF6D736DFF6D736DFF6D736DFF6D736DFF6D736DFFFFFFFFFFFFFFFFFFFFFFFFFFFFFFFFFFFFFFFFFFFFFFFFFF6D736DFF6D736DFF6D736DFF6D736DFF6D736DFF6D736DFF6D736DFF6D736DFF6D736DFF6D736DFF6D736DFF6D736DFF6D736DFF6D736DFF6D736DFF6D736DFF6D
310
736DFF6D736DFF6D736DFF6D736DFF6D736DFF6D736DFF6D736DFF6D736DFF6D736DFF6D736DFF6D736DFFFFFFFFFFFFFFFFFFFFFFFFFFFFFFFFFFFFFFFFFF6D736DFF6D736DFF6D736DFF6D736DFF6D736DFF6D736DFF6D736DFF6D736DFF6D736DFF6D736DFF6D736DFF6D736DFF6D736DFF6D736DFF6D736DFF6D736DFF
310
6D736DFF6D736DFF6D736DFF6D736DFF6D736DFF6D736DFF6D736DFF6D736DFF6D736DFF6D736DFF6D736DFF6D736DFFFFFFFFFFFFFFFFFFFFFFFFFFFFFFFFFF6D736DFF6D736DFF6D736DFF6D736DFF6D736DFF6D736DFF6D736DFF6D736DFF6D736DFF6D736DFF6D736DFF6D736DFF6D736DFF6D736DFF6D736DFF6D736D
310
FF6D736DFF6D736DFF6D736DFF6D736DFF6D736DFF6D736DFF6D736DFF6D736DFF6D736DFF6D736DFF6D736DFF6D736DFF6D736DFFFFFFFFFFFFFFFFFFFFFFFFFF6D736DFF6D736DFF6D736DFF6D736DFF6D736DFF6D736DFF6D736DFF6D736DFF6D736DFF6D736DFF6D736DFF6D736DFF6D736DFF6D736DFF6D736DFF6D73
310
6DFF6D736DFF6D736DFF6D736DFF6D736DFF6D736DFF6D736DFF6D736DFF6D736DFF6D736DFF6D736DFF6D736DFF6D736DFF6D736DFF6D736DFFFFFFFFFFFFFFFFFF6D736DFF6D736DFF6D736DFF6D736DFF6D736DFF6D736DFF6D736DFF6D736DFF6D736DFF6D736DFF6D736DFF6D736DFF6D736DFF6D736DFF6D736DFF6D
310
736DFF6D736DFF6D736DFF6D736DFF6D736DFF6D736DFF6D736DFF6D736DFF6D736DFF6D736DFF6D736DFF6D736DFF6D736DFF6D736DFF6D736DFF6D736DFFFFFFFFFF6D736DFF6D736DFF6D736DFF6D736DFF6D736DFF6D736DFF6D736DFF6D736DFF6D736DFF6D736DFF6D736DFF6D736DFF6D736DFF6D736DFF6D736DFF
310
6D736DFF6D736DFF6D736DFF6D736DFF6D736DFF6D736DFF6D736DFF6D736DFF6D736DFF6D736DFF6D736DFF6D736DFF6D736DFF6D736DFF6D736DFF6D736DFF6D736DFF6D736DFF
102
{BLKREFS
331
1B19E
102
}
 70
     4
280
     1
281
     0
  0
BLOCK_RECORD
  5
1AD84
330
1
100
AcDbSymbolTableRecord
100
AcDbBlockTableRecord
  2
KO_SPV_Dobbelkryssveksel
340
0
310
280000002000000020000000010020000000000000100000010000000100000000000000000000006D736DFF6D736DFF6D736DFF6D736DFF6D736DFF6D736DFF6D736DFF6D736DFF6D736DFF6D736DFF6D736DFF6D736DFF6D736DFF6D736DFF6D736DFF6D736DFF6D736DFF6D736DFF6D736DFF6D736DFF6D736DFF6D736D
310
FF6D736DFF6D736DFF6D736DFF6D736DFF6D736DFF6D736DFF6D736DFF6D736DFF6D736DFF6D736DFF6D736DFF6D736DFF6D736DFF6D736DFF6D736DFF6D736DFF6D736DFF6D736DFF6D736DFF6D736DFF6D736DFF6D736DFF6D736DFF6D736DFF6D736DFF6D736DFF6D736DFF6D736DFF6D736DFF6D736DFF6D736DFF6D73
310
6DFF6D736DFF6D736DFF6D736DFF6D736DFF6D736DFF6D736DFF6D736DFF6D736DFF6D736DFF6D736DFF6D736DFF6D736DFF6D736DFF6D736DFF6D736DFF6D736DFF6D736DFF6D736DFF6D736DFF6D736DFF6D736DFF6D736DFF6D736DFF6D736DFF6D736DFF6D736DFF6D736DFF6D736DFF6D736DFF6D736DFF6D736DFF6D
310
736DFF6D736DFF6D736DFF6D736DFF6D736DFF6D736DFF6D736DFF6D736DFF6D736DFF6D736DFF6D736DFF6D736DFF6D736DFF6D736DFF6D736DFF6D736DFF6D736DFF6D736DFF6D736DFF6D736DFF6D736DFF6D736DFF6D736DFF6D736DFF6D736DFF6D736DFF6D736DFF6D736DFF6D736DFF6D736DFF6D736DFF6D736DFF
310
6D736DFF6D736DFF6D736DFF6D736DFF6D736DFF6D736DFF6D736DFF6D736DFF6D736DFF6D736DFF6D736DFF6D736DFF6D736DFF6D736DFF6D736DFF6D736DFF6D736DFF6D736DFF6D736DFF6D736DFF6D736DFF6D736DFF6D736DFF6D736DFF6D736DFF6D736DFF6D736DFF6D736DFF6D736DFF6D736DFF6D736DFF6D736D
310
FF6D736DFF6D736DFF6D736DFF6D736DFF6D736DFF6D736DFF6D736DFF6D736DFF6D736DFF6D736DFF6D736DFF6D736DFF6D736DFF6D736DFF6D736DFF6D736DFF6D736DFF6D736DFF6D736DFF6D736DFF6D736DFF6D736DFF6D736DFF6D736DFF6D736DFF6D736DFF6D736DFF6D736DFF6D736DFF6D736DFF6D736DFF6D73
310
6DFF6D736DFF6D736DFF6D736DFF6D736DFF6D736DFF6D736DFF6D736DFF6D736DFF6D736DFF6D736DFF6D736DFF6D736DFF6D736DFF6D736DFF6D736DFF6D736DFF6D736DFFFFFFFFFF6D736DFF6D736DFF6D736DFF6D736DFF6D736DFF6D736DFF6D736DFF6D736DFF6D736DFF6D736DFF6D736DFF6D736DFF6D736DFF6D
310
736DFF6D736DFF6D736DFF6D736DFF6D736DFF6D736DFF6D736DFF6D736DFF6D736DFF6D736DFF6D736DFF6D736DFF6D736DFF6D736DFF6D736DFF6D736DFF6D736DFF6D736DFFFFFFFFFFFFFFFFFF6D736DFF6D736DFF6D736DFFFFFFFFFFFFFFFFFF6D736DFF6D736DFF6D736DFF6D736DFF6D736DFF6D736DFF6D736DFF
310
6D736DFF6D736DFF6D736DFF6D736DFF6D736DFF6D736DFF6D736DFF6D736DFF6D736DFF6D736DFF6D736DFF6D736DFF6D736DFF6D736DFF6D736DFF6D736DFF6D736DFFFFFFFFFFFFFFFFFFFFFFFFFFFFFFFFFF6D736DFF6D736DFF6D736DFF6D736DFFFFFFFFFFFFFFFFFF6D736DFF6D736DFF6D736DFF6D736DFF6D736D
310
FF6D736DFF6D736DFF6D736DFF6D736DFF6D736DFF6D736DFF6D736DFF6D736DFF6D736DFF6D736DFF6D736DFF6D736DFF6D736DFF6D736DFF6D736DFF6D736DFF6D736DFFFFFFFFFFFFFFFFFFFFFFFFFFFFFFFFFFFFFFFFFF6D736DFF6D736DFF6D736DFF6D736DFF6D736DFFFFFFFFFFFFFFFFFF6D736DFF6D736DFF6D73
310
6DFF6D736DFF6D736DFF6D736DFF6D736DFF6D736DFF6D736DFF6D736DFF6D736DFF6D736DFF6D736DFF6D736DFF6D736DFF6D736DFF6D736DFF6D736DFF6D736DFFFFFFFFFFFFFFFFFFFFFFFFFFFFFFFFFFFFFFFFFFFFFFFFFFFFFFFFFF6D736DFF6D736DFF6D736DFF6D736DFF6D736DFF6D736DFFFFFFFFFFFFFFFFFFFF
310
FFFFFF6D736DFF6D736DFF6D736DFF6D736DFF6D736DFF6D736DFF6D736DFF6D736DFF6D736DFF6D736DFF6D736DFF6D736DFF6D736DFF6D736DFF6D736DFF6D736DFFFFFFFFFFFFFFFFFFFFFFFFFFFFFFFFFFFFFFFFFFFFFFFFFFFFFFFFFFFFFFFFFF6D736DFF6D736DFF6D736DFF6D736DFF6D736DFF6D736DFF6D736DFF
310
6D736DFFFFFFFFFFFFFFFFFF6D736DFF6D736DFF6D736DFF6D736DFF6D736DFF6D736DFF6D736DFF6D736DFF6D736DFF6D736DFF6D736DFF6D736DFF6D736DFFFFFFFFFFFFFFFFFFFFFFFFFFFFFFFFFFFFFFFFFFFFFFFFFFFFFFFFFFFFFFFFFFFFFFFFFFFFFFFFFF6D736DFF6D736DFF6D736DFF6D736DFF6D736DFF6D736D
310
FF6D736DFF6D736DFF6D736DFFFFFFFFFFFFFFFFFF6D736DFF6D736DFF6D736DFF6D736DFF6D736DFF6D736DFF6D736DFF6D736DFF6D736DFF6D736DFF6D736DFFFFFFFFFFFFFFFFFFFFFFFFFFFFFFFFFFFFFFFFFFFFFFFFFFFFFFFFFFFFFFFFFFFFFFFFFFFFFFFFFFFFFFFFFF6D736DFF6D736DFF6D736DFF6D736DFF6D73
310
6DFF6D736DFF6D736DFF6D736DFF6D736DFF6D736DFFFFFFFFFFFFFFFFFF6D736DFF6D736DFF6D736DFF6D736DFF6D736DFF6D736DFF6D736DFF6D736DFFFFFFFFFFFFFFFFFFFFFFFFFFFFFFFFFFFFFFFFFFFFFFFFFFFFFFFFFFFFFFFFFFFFFFFFFFFFFFFFFFFFFFFFFFFFFFFFFFFFFFFFFF6D736DFF6D736DFF6D736DFF6D
310
736DFF6D736DFF6D736DFF6D736DFF6D736DFF6D736DFF6D736DFF6D736DFF6D736DFF6D736DFF6D736DFF6D736DFF6D736DFF6D736DFF6D736DFF6D736DFFFFFFFFFFFFFFFFFFFFFFFFFFFFFFFFFFFFFFFFFFFFFFFFFFFFFFFFFFFFFFFFFFFFFFFFFFFFFFFFFFFFFFFFFFFFFFFFFFFFFFFFFFFFFFFFFF6D736DFF6D736DFF
310
6D736DFF6D736DFF6D736DFF6D736DFF6D736DFF6D736DFF6D736DFF6D736DFF6D736DFF6D736DFF6D736DFF6D736DFF6D736DFF6D736DFF6D736DFFFFFFFFFFFFFFFFFFFFFFFFFFFFFFFFFFFFFFFFFFFFFFFFFFFFFFFFFFFFFFFFFFFFFFFFFFFFFFFFFFFFFFFFFFFFFFFFFFFFFFFFFFFFFFFFFFFFFFFFFFFFFFFFFFFFFFFF
310
FFFFFFFFFFFFFFFFFFFFFFFFFFFFFFFFFFFFFFFFFFFFFFFFFFFFFFFFFFFFFFFFFFFFFFFFFFFFFFFFFFFFFFFFFFFFFFFFFFFFFFFFFF6D736DFF6D736DFF6D736DFF6D736DFF6D736DFF6D736DFF6D736DFF6D736DFF6D736DFF6D736DFF6D736DFF6D736DFF6D736DFF6D736DFF6D736DFF6D736DFF6D736DFF6D736DFFFFFF
310
FFFFFFFFFFFFFFFFFFFFFFFFFFFFFFFFFFFFFFFFFFFFFFFFFFFFFFFFFFFFFFFFFFFFFFFFFFFFFFFFFFFFFFFFFFFFFFFFFFFF6D736DFF6D736DFF6D736DFF6D736DFF6D736DFF6D736DFF6D736DFF6D736DFFFFFFFFFFFFFFFFFF6D736DFF6D736DFF6D736DFF6D736DFF6D736DFF6D736DFF6D736DFF6D736DFF6D736DFF6D
310
736DFFFFFFFFFFFFFFFFFFFFFFFFFFFFFFFFFFFFFFFFFFFFFFFFFFFFFFFFFFFFFFFFFFFFFFFFFFFFFFFFFFFFFFFFFFFFFFFFFF6D736DFF6D736DFF6D736DFF6D736DFF6D736DFF6D736DFF6D736DFF6D736DFF6D736DFF6D736DFFFFFFFFFFFFFFFFFF6D736DFF6D736DFF6D736DFF6D736DFF6D736DFF6D736DFF6D736DFF
310
6D736DFF6D736DFFFFFFFFFFFFFFFFFFFFFFFFFFFFFFFFFFFFFFFFFFFFFFFFFFFFFFFFFFFFFFFFFFFFFFFFFFFFFFFFFF6D736DFF6D736DFF6D736DFF6D736DFF6D736DFF6D736DFF6D736DFF6D736DFF6D736DFF6D736DFF6D736DFF6D736DFF6D736DFFFFFFFFFFFFFFFFFF6D736DFF6D736DFF6D736DFF6D736DFF6D736D
310
FF6D736DFF6D736DFF6D736DFFFFFFFFFFFFFFFFFFFFFFFFFFFFFFFFFFFFFFFFFFFFFFFFFFFFFFFFFFFFFFFFFFFFFFFFFF6D736DFF6D736DFF6D736DFF6D736DFF6D736DFF6D736DFF6D736DFF6D736DFF6D736DFF6D736DFF6D736DFF6D736DFF6D736DFF6D736DFF6D736DFFFFFFFFFFFFFFFFFFFFFFFFFF6D736DFF6D73
310
6DFF6D736DFF6D736DFF6D736DFF6D736DFFFFFFFFFFFFFFFFFFFFFFFFFFFFFFFFFFFFFFFFFFFFFFFFFFFFFFFFFF6D736DFF6D736DFF6D736DFF6D736DFF6D736DFF6D736DFF6D736DFF6D736DFF6D736DFF6D736DFF6D736DFF6D736DFF6D736DFF6D736DFF6D736DFF6D736DFF6D736DFF6D736DFF6D736DFFFFFFFFFFFF
310
FFFFFF6D736DFF6D736DFF6D736DFF6D736DFF6D736DFFFFFFFFFFFFFFFFFFFFFFFFFFFFFFFFFFFFFFFFFFFFFFFFFF6D736DFF6D736DFF6D736DFF6D736DFF6D736DFF6D736DFF6D736DFF6D736DFF6D736DFF6D736DFF6D736DFF6D736DFF6D736DFF6D736DFF6D736DFF6D736DFF6D736DFF6D736DFF6D736DFF6D736DFF
310
6D736DFFFFFFFFFFFFFFFFFF6D736DFF6D736DFF6D736DFF6D736DFFFFFFFFFFFFFFFFFFFFFFFFFFFFFFFFFF6D736DFF6D736DFF6D736DFF6D736DFF6D736DFF6D736DFF6D736DFF6D736DFF6D736DFF6D736DFF6D736DFF6D736DFF6D736DFF6D736DFF6D736DFF6D736DFF6D736DFF6D736DFF6D736DFF6D736DFF6D736D
310
FF6D736DFF6D736DFF6D736DFFFFFFFFFFFFFFFFFF6D736DFF6D736DFF6D736DFFFFFFFFFFFFFFFFFFFFFFFFFF6D736DFF6D736DFF6D736DFF6D736DFF6D736DFF6D736DFF6D736DFF6D736DFF6D736DFF6D736DFF6D736DFF6D736DFF6D736DFF6D736DFF6D736DFF6D736DFF6D736DFF6D736DFF6D736DFF6D736DFF6D73
310
6DFF6D736DFF6D736DFF6D736DFF6D736DFF6D736DFF6D736DFF6D736DFF6D736DFF6D736DFFFFFFFFFF6D736DFF6D736DFF6D736DFF6D736DFF6D736DFF6D736DFF6D736DFF6D736DFF6D736DFF6D736DFF6D736DFF6D736DFF6D736DFF6D736DFF6D736DFF6D736DFF6D736DFF6D736DFF6D736DFF6D736DFF6D736DFF6D
310
736DFF6D736DFF6D736DFF6D736DFF6D736DFF6D736DFF6D736DFF6D736DFF6D736DFF6D736DFF6D736DFF6D736DFF6D736DFF6D736DFF6D736DFF6D736DFF6D736DFF6D736DFF6D736DFF6D736DFF6D736DFF6D736DFF6D736DFF6D736DFF6D736DFF6D736DFF6D736DFF6D736DFF6D736DFF6D736DFF6D736DFF6D736DFF
310
6D736DFF6D736DFF6D736DFF6D736DFF6D736DFF6D736DFF6D736DFF6D736DFF6D736DFF6D736DFF6D736DFF6D736DFF6D736DFF6D736DFF6D736DFF6D736DFF6D736DFF6D736DFF6D736DFF6D736DFF6D736DFF6D736DFF6D736DFF6D736DFF6D736DFF6D736DFF6D736DFF6D736DFF6D736DFF6D736DFF6D736DFF6D736D
310
FF6D736DFF6D736DFF6D736DFF6D736DFF6D736DFF6D736DFF6D736DFF6D736DFF6D736DFF6D736DFF6D736DFF6D736DFF6D736DFF6D736DFF6D736DFF6D736DFF6D736DFF6D736DFF6D736DFF6D736DFF6D736DFF6D736DFF6D736DFF6D736DFF6D736DFF6D736DFF6D736DFF6D736DFF6D736DFF6D736DFF6D736DFF6D73
310
6DFF6D736DFF6D736DFF6D736DFF6D736DFF6D736DFF6D736DFF6D736DFF6D736DFF6D736DFF6D736DFF6D736DFF6D736DFF6D736DFF6D736DFF6D736DFF6D736DFF6D736DFF6D736DFF6D736DFF6D736DFF6D736DFF6D736DFF6D736DFF6D736DFF6D736DFF6D736DFF6D736DFF6D736DFF6D736DFF6D736DFF6D736DFF6D
310
736DFF6D736DFF6D736DFF6D736DFF6D736DFF6D736DFF6D736DFF6D736DFF6D736DFF6D736DFF6D736DFF6D736DFF6D736DFF6D736DFF6D736DFF6D736DFF6D736DFF6D736DFF6D736DFF6D736DFF6D736DFF6D736DFF6D736DFF6D736DFF6D736DFF6D736DFF6D736DFF6D736DFF6D736DFF6D736DFF6D736DFF6D736DFF
310
6D736DFF6D736DFF6D736DFF6D736DFF6D736DFF6D736DFF6D736DFF6D736DFF6D736DFF6D736DFF6D736DFF6D736DFF6D736DFF6D736DFF6D736DFF6D736DFF6D736DFF6D736DFF
102
{BLKREFS
331
1B19F
102
}
 70
     4
280
     1
281
     0
  0
BLOCK_RECORD
  5
1AD8D
330
1
100
AcDbSymbolTableRecord
100
AcDbBlockTableRecord
  2
KO_SPV_Enkelkryssveksel
340
0
310
280000002000000020000000010020000000000000100000010000000100000000000000000000006D736DFF6D736DFF6D736DFF6D736DFF6D736DFF6D736DFF6D736DFF6D736DFF6D736DFF6D736DFF6D736DFF6D736DFF6D736DFF6D736DFF6D736DFF6D736DFF6D736DFF6D736DFF6D736DFF6D736DFF6D736DFF6D736D
310
FF6D736DFF6D736DFF6D736DFF6D736DFF6D736DFF6D736DFF6D736DFF6D736DFF6D736DFF6D736DFF6D736DFF6D736DFF6D736DFF6D736DFF6D736DFF6D736DFF6D736DFF6D736DFF6D736DFF6D736DFF6D736DFF6D736DFF6D736DFF6D736DFF6D736DFF6D736DFF6D736DFF6D736DFF6D736DFF6D736DFF6D736DFF6D73
310
6DFF6D736DFF6D736DFF6D736DFF6D736DFF6D736DFF6D736DFF6D736DFF6D736DFF6D736DFF6D736DFF6D736DFF6D736DFF6D736DFF6D736DFF6D736DFF6D736DFF6D736DFF6D736DFF6D736DFF6D736DFF6D736DFF6D736DFF6D736DFF6D736DFF6D736DFF6D736DFF6D736DFF6D736DFF6D736DFF6D736DFF6D736DFF6D
310
736DFF6D736DFF6D736DFF6D736DFF6D736DFF6D736DFF6D736DFF6D736DFF6D736DFF6D736DFF6D736DFF6D736DFF6D736DFF6D736DFF6D736DFF6D736DFF6D736DFF6D736DFF6D736DFF6D736DFF6D736DFF6D736DFF6D736DFF6D736DFF6D736DFF6D736DFF6D736DFF6D736DFF6D736DFF6D736DFF6D736DFF6D736DFF
310
6D736DFF6D736DFF6D736DFF6D736DFF6D736DFF6D736DFF6D736DFF6D736DFF6D736DFF6D736DFF6D736DFF6D736DFF6D736DFF6D736DFF6D736DFF6D736DFF6D736DFF6D736DFF6D736DFF6D736DFF6D736DFF6D736DFF6D736DFF6D736DFF6D736DFF6D736DFF6D736DFF6D736DFF6D736DFF6D736DFF6D736DFF6D736D
310
FF6D736DFF6D736DFF6D736DFF6D736DFF6D736DFF6D736DFF6D736DFF6D736DFF6D736DFF6D736DFF6D736DFF6D736DFF6D736DFF6D736DFF6D736DFF6D736DFF6D736DFF6D736DFF6D736DFF6D736DFF6D736DFF6D736DFF6D736DFF6D736DFF6D736DFF6D736DFF6D736DFF6D736DFF6D736DFF6D736DFF6D736DFF6D73
310
6DFF6D736DFF6D736DFF6D736DFF6D736DFF6D736DFF6D736DFF6D736DFF6D736DFF6D736DFF6D736DFF6D736DFF6D736DFF6D736DFF6D736DFF6D736DFF6D736DFF6D736DFFFFFFFFFF6D736DFF6D736DFF6D736DFF6D736DFF6D736DFF6D736DFF6D736DFF6D736DFF6D736DFF6D736DFF6D736DFF6D736DFF6D736DFF6D
310
736DFF6D736DFF6D736DFF6D736DFF6D736DFF6D736DFF6D736DFF6D736DFF6D736DFF6D736DFF6D736DFF6D736DFF6D736DFF6D736DFF6D736DFF6D736DFF6D736DFFFFFFFFFFFFFFFFFFFFFFFFFF6D736DFF6D736DFF6D736DFF6D736DFF6D736DFF6D736DFF6D736DFF6D736DFF6D736DFF6D736DFF6D736DFF6D736DFF
310
6D736DFF6D736DFF6D736DFF6D736DFF6D736DFF6D736DFF6D736DFF6D736DFF6D736DFF6D736DFF6D736DFF6D736DFF6D736DFF6D736DFF6D736DFF6D736DFF6D736DFFFFFFFFFFFFFFFFFFFFFFFFFFFFFFFFFF6D736DFF6D736DFF6D736DFF6D736DFF6D736DFF6D736DFF6D736DFF6D736DFF6D736DFF6D736DFF6D736D
310
FF6D736DFF6D736DFF6D736DFF6D736DFF6D736DFF6D736DFF6D736DFF6D736DFF6D736DFF6D736DFF6D736DFF6D736DFF6D736DFF6D736DFF6D736DFF6D736DFFFFFFFFFFFFFFFFFFFFFFFFFFFFFFFFFFFFFFFFFFFFFFFFFF6D736DFF6D736DFF6D736DFF6D736DFF6D736DFF6D736DFF6D736DFF6D736DFF6D736DFF6D73
310
6DFF6D736DFF6D736DFF6D736DFF6D736DFF6D736DFF6D736DFF6D736DFF6D736DFF6D736DFF6D736DFF6D736DFF6D736DFF6D736DFF6D736DFF6D736DFF6D736DFFFFFFFFFFFFFFFFFFFFFFFFFFFFFFFFFFFFFFFFFFFFFFFFFFFFFFFFFFFFFFFFFF6D736DFF6D736DFF6D736DFF6D736DFF6D736DFF6D736DFF6D736DFF6D
310
736DFF6D736DFF6D736DFF6D736DFF6D736DFF6D736DFF6D736DFF6D736DFF6D736DFF6D736DFF6D736DFF6D736DFF6D736DFF6D736DFF6D736DFF6D736DFFFFFFFFFFFFFFFFFFFFFFFFFFFFFFFFFFFFFFFFFFFFFFFFFFFFFFFFFFFFFFFFFFFFFFFFFFFFFFFFFF6D736DFF6D736DFF6D736DFF6D736DFF6D736DFF6D736DFF
310
6D736DFF6D736DFF6D736DFF6D736DFF6D736DFF6D736DFF6D736DFF6D736DFF6D736DFF6D736DFF6D736DFF6D736DFF6D736DFF6D736DFF6D736DFF6D736DFFFFFFFFFFFFFFFFFFFFFFFFFFFFFFFFFFFFFFFFFFFFFFFFFFFFFFFFFFFFFFFFFFFFFFFFFFFFFFFFFFFFFFFFFF6D736DFF6D736DFF6D736DFF6D736DFF6D736D
310
FF6D736DFF6D736DFF6D736DFF6D736DFF6D736DFF6D736DFF6D736DFF6D736DFF6D736DFF6D736DFF6D736DFF6D736DFF6D736DFF6D736DFF6D736DFFFFFFFFFFFFFFFFFFFFFFFFFFFFFFFFFFFFFFFFFFFFFFFFFFFFFFFFFFFFFFFFFFFFFFFFFFFFFFFFFFFFFFFFFFFFFFFFFFFFFFFFFF6D736DFF6D736DFF6D736DFF6D73
310
6DFF6D736DFF6D736DFF6D736DFF6D736DFF6D736DFF6D736DFF6D736DFF6D736DFF6D736DFF6D736DFF6D736DFF6D736DFF6D736DFF6D736DFF6D736DFFFFFFFFFFFFFFFFFFFFFFFFFFFFFFFFFFFFFFFFFFFFFFFFFFFFFFFFFFFFFFFFFFFFFFFFFFFFFFFFFFFFFFFFFFFFFFFFFFFFFFFFFFFFFFFFFF6D736DFF6D736DFF6D
310
736DFF6D736DFF6D736DFF6D736DFF6D736DFF6D736DFF6D736DFF6D736DFF6D736DFF6D736DFF6D736DFF6D736DFF6D736DFF6D736DFF6D736DFFFFFFFFFFFFFFFFFFFFFFFFFFFFFFFFFFFFFFFFFFFFFFFFFFFFFFFFFFFFFFFFFFFFFFFFFFFFFFFFFFFFFFFFFFFFFFFFFFFFFFFFFFFFFFFFFFFFFFFFFFFFFFFFFFFFFFFFFF
310
FFFFFFFFFFFFFFFFFFFFFFFFFFFFFFFFFFFFFFFFFFFFFFFFFFFFFFFFFFFFFFFFFFFFFFFFFFFFFFFFFFFFFFFFFFFFFFFFFFFFFFFF6D736DFF6D736DFF6D736DFF6D736DFF6D736DFF6D736DFF6D736DFF6D736DFF6D736DFF6D736DFF6D736DFF6D736DFF6D736DFF6D736DFF6D736DFF6D736DFF6D736DFF6D736DFFFFFFFF
310
FFFFFFFFFFFFFFFFFFFFFFFFFFFFFFFFFFFFFFFFFFFFFFFFFFFFFFFFFFFFFFFFFFFFFFFFFFFFFFFFFFFFFFFFFFFFFFFFFFFFFFFFFF6D736DFF6D736DFF6D736DFF6D736DFF6D736DFF6D736DFF6D736DFF6D736DFF6D736DFF6D736DFF6D736DFF6D736DFF6D736DFF6D736DFF6D736DFF6D736DFF6D736DFF6D736DFF6D73
310
6DFFFFFFFFFFFFFFFFFFFFFFFFFFFFFFFFFFFFFFFFFFFFFFFFFFFFFFFFFFFFFFFFFFFFFFFFFFFFFFFFFFFFFFFFFFFFFFFFFF6D736DFF6D736DFF6D736DFF6D736DFF6D736DFF6D736DFF6D736DFF6D736DFFFFFFFFFFFFFFFFFF6D736DFF6D736DFF6D736DFF6D736DFF6D736DFF6D736DFF6D736DFF6D736DFF6D736DFF6D
310
736DFF6D736DFFFFFFFFFFFFFFFFFFFFFFFFFFFFFFFFFFFFFFFFFFFFFFFFFFFFFFFFFFFFFFFFFFFFFFFFFFFFFFFFFFFFFFFFFF6D736DFF6D736DFF6D736DFF6D736DFF6D736DFF6D736DFF6D736DFF6D736DFF6D736DFF6D736DFFFFFFFFFFFFFFFFFF6D736DFF6D736DFF6D736DFF6D736DFF6D736DFF6D736DFF6D736DFF
310
6D736DFF6D736DFF6D736DFFFFFFFFFFFFFFFFFFFFFFFFFFFFFFFFFFFFFFFFFFFFFFFFFFFFFFFFFFFFFFFFFFFFFFFFFF6D736DFF6D736DFF6D736DFF6D736DFF6D736DFF6D736DFF6D736DFF6D736DFF6D736DFF6D736DFF6D736DFF6D736DFF6D736DFFFFFFFFFFFFFFFFFF6D736DFF6D736DFF6D736DFF6D736DFF6D736D
310
FF6D736DFF6D736DFF6D736DFFFFFFFFFFFFFFFFFFFFFFFFFFFFFFFFFFFFFFFFFFFFFFFFFFFFFFFFFFFFFFFFFFFFFFFFFF6D736DFF6D736DFF6D736DFF6D736DFF6D736DFF6D736DFF6D736DFF6D736DFF6D736DFF6D736DFF6D736DFF6D736DFF6D736DFF6D736DFF6D736DFFFFFFFFFFFFFFFFFFFFFFFFFF6D736DFF6D73
310
6DFF6D736DFF6D736DFF6D736DFF6D736DFFFFFFFFFFFFFFFFFFFFFFFFFFFFFFFFFFFFFFFFFFFFFFFFFFFFFFFFFF6D736DFF6D736DFF6D736DFF6D736DFF6D736DFF6D736DFF6D736DFF6D736DFF6D736DFF6D736DFF6D736DFF6D736DFF6D736DFF6D736DFF6D736DFF6D736DFF6D736DFF6D736DFF6D736DFFFFFFFFFFFF
310
FFFFFF6D736DFF6D736DFF6D736DFF6D736DFF6D736DFFFFFFFFFFFFFFFFFFFFFFFFFFFFFFFFFFFFFFFFFFFFFFFFFF6D736DFF6D736DFF6D736DFF6D736DFF6D736DFF6D736DFF6D736DFF6D736DFF6D736DFF6D736DFF6D736DFF6D736DFF6D736DFF6D736DFF6D736DFF6D736DFF6D736DFF6D736DFF6D736DFF6D736DFF
310
6D736DFFFFFFFFFFFFFFFFFF6D736DFF6D736DFF6D736DFF6D736DFFFFFFFFFFFFFFFFFFFFFFFFFFFFFFFFFF6D736DFF6D736DFF6D736DFF6D736DFF6D736DFF6D736DFF6D736DFF6D736DFF6D736DFF6D736DFF6D736DFF6D736DFF6D736DFF6D736DFF6D736DFF6D736DFF6D736DFF6D736DFF6D736DFF6D736DFF6D736D
310
FF6D736DFF6D736DFF6D736DFFFFFFFFFFFFFFFFFF6D736DFF6D736DFF6D736DFFFFFFFFFFFFFFFFFFFFFFFFFF6D736DFF6D736DFF6D736DFF6D736DFF6D736DFF6D736DFF6D736DFF6D736DFF6D736DFF6D736DFF6D736DFF6D736DFF6D736DFF6D736DFF6D736DFF6D736DFF6D736DFF6D736DFF6D736DFF6D736DFF6D73
310
6DFF6D736DFF6D736DFF6D736DFF6D736DFF6D736DFF6D736DFF6D736DFF6D736DFF6D736DFFFFFFFFFF6D736DFF6D736DFF6D736DFF6D736DFF6D736DFF6D736DFF6D736DFF6D736DFF6D736DFF6D736DFF6D736DFF6D736DFF6D736DFF6D736DFF6D736DFF6D736DFF6D736DFF6D736DFF6D736DFF6D736DFF6D736DFF6D
310
736DFF6D736DFF6D736DFF6D736DFF6D736DFF6D736DFF6D736DFF6D736DFF6D736DFF6D736DFF6D736DFF6D736DFF6D736DFF6D736DFF6D736DFF6D736DFF6D736DFF6D736DFF6D736DFF6D736DFF6D736DFF6D736DFF6D736DFF6D736DFF6D736DFF6D736DFF6D736DFF6D736DFF6D736DFF6D736DFF6D736DFF6D736DFF
310
6D736DFF6D736DFF6D736DFF6D736DFF6D736DFF6D736DFF6D736DFF6D736DFF6D736DFF6D736DFF6D736DFF6D736DFF6D736DFF6D736DFF6D736DFF6D736DFF6D736DFF6D736DFF6D736DFF6D736DFF6D736DFF6D736DFF6D736DFF6D736DFF6D736DFF6D736DFF6D736DFF6D736DFF6D736DFF6D736DFF6D736DFF6D736D
310
FF6D736DFF6D736DFF6D736DFF6D736DFF6D736DFF6D736DFF6D736DFF6D736DFF6D736DFF6D736DFF6D736DFF6D736DFF6D736DFF6D736DFF6D736DFF6D736DFF6D736DFF6D736DFF6D736DFF6D736DFF6D736DFF6D736DFF6D736DFF6D736DFF6D736DFF6D736DFF6D736DFF6D736DFF6D736DFF6D736DFF6D736DFF6D73
310
6DFF6D736DFF6D736DFF6D736DFF6D736DFF6D736DFF6D736DFF6D736DFF6D736DFF6D736DFF6D736DFF6D736DFF6D736DFF6D736DFF6D736DFF6D736DFF6D736DFF6D736DFF6D736DFF6D736DFF6D736DFF6D736DFF6D736DFF6D736DFF6D736DFF6D736DFF6D736DFF6D736DFF6D736DFF6D736DFF6D736DFF6D736DFF6D
310
736DFF6D736DFF6D736DFF6D736DFF6D736DFF6D736DFF6D736DFF6D736DFF6D736DFF6D736DFF6D736DFF6D736DFF6D736DFF6D736DFF6D736DFF6D736DFF6D736DFF6D736DFF6D736DFF6D736DFF6D736DFF6D736DFF6D736DFF6D736DFF6D736DFF6D736DFF6D736DFF6D736DFF6D736DFF6D736DFF6D736DFF6D736DFF
310
6D736DFF6D736DFF6D736DFF6D736DFF6D736DFF6D736DFF6D736DFF6D736DFF6D736DFF6D736DFF6D736DFF6D736DFF6D736DFF6D736DFF6D736DFF6D736DFF6D736DFF6D736DFF
102
{BLKREFS
331
1B1A0
102
}
 70
     4
280
     1
281
     0
  0
BLOCK_RECORD
  5
1AD95
330
1
100
AcDbSymbolTableRecord
100
AcDbBlockTableRecord
  2
KO_SPV_Dobbelkryssveksel_0
340
0
310
280000002000000020000000010020000000000000100000010000000100000000000000000000006D736DFF6D736DFF6D736DFF6D736DFF6D736DFF6D736DFF6D736DFF6D736DFF6D736DFF6D736DFF6D736DFF6D736DFF6D736DFF6D736DFF6D736DFF6D736DFF6D736DFF6D736DFF6D736DFF6D736DFF6D736DFF6D736D
310
FF6D736DFF6D736DFF6D736DFF6D736DFF6D736DFF6D736DFF6D736DFF6D736DFF6D736DFF6D736DFF6D736DFF6D736DFF6D736DFF6D736DFF6D736DFF6D736DFF6D736DFF6D736DFF6D736DFF6D736DFF6D736DFF6D736DFF6D736DFF6D736DFF6D736DFF6D736DFF6D736DFF6D736DFF6D736DFF6D736DFF6D736DFF6D73
310
6DFF6D736DFF6D736DFF6D736DFF6D736DFF6D736DFF6D736DFF6D736DFF6D736DFF6D736DFF6D736DFF6D736DFF6D736DFF6D736DFF6D736DFF6D736DFF6D736DFF6D736DFF6D736DFF6D736DFF6D736DFF6D736DFF6D736DFF6D736DFF6D736DFF6D736DFF6D736DFF6D736DFF6D736DFF6D736DFF6D736DFF6D736DFF6D
310
736DFF6D736DFF6D736DFF6D736DFF6D736DFF6D736DFF6D736DFF6D736DFF6D736DFF6D736DFF6D736DFF6D736DFF6D736DFF6D736DFF6D736DFF6D736DFF6D736DFF6D736DFF6D736DFFFFFFFFFFFFFFFFFF6D736DFF6D736DFF6D736DFF6D736DFF6D736DFF6D736DFF6D736DFF6D736DFF6D736DFF6D736DFF6D736DFF
310
6D736DFF6D736DFF6D736DFF6D736DFF6D736DFF6D736DFF6D736DFF6D736DFF6D736DFF6D736DFF6D736DFF6D736DFF6D736DFF6D736DFF6D736DFF6D736DFF6D736DFF6D736DFF6D736DFF6D736DFF6D736DFFFFFFFFFFFFFFFFFF6D736DFF6D736DFF6D736DFF6D736DFF6D736DFF6D736DFF6D736DFF6D736DFF6D736D
310
FF6D736DFF6D736DFF6D736DFF6D736DFF6D736DFF6D736DFF6D736DFF6D736DFF6D736DFF6D736DFF6D736DFF6D736DFF6D736DFF6D736DFF6D736DFF6D736DFF6D736DFF6D736DFF6D736DFF6D736DFF6D736DFF6D736DFF6D736DFFFFFFFFFFFFFFFFFFFFFFFFFF6D736DFF6D736DFF6D736DFF6D736DFF6D736DFF6D73
310
6DFF6D736DFF6D736DFF6D736DFF6D736DFF6D736DFF6D736DFF6D736DFF6D736DFF6D736DFF6D736DFF6D736DFF6D736DFF6D736DFF6D736DFF6D736DFF6D736DFF6D736DFF6D736DFF6D736DFF6D736DFF6D736DFF6D736DFF6D736DFF6D736DFF6D736DFF6D736DFFFFFFFFFFFFFFFFFF6D736DFF6D736DFF6D736DFF6D
310
736DFF6D736DFF6D736DFF6D736DFF6D736DFF6D736DFF6D736DFF6D736DFF6D736DFF6D736DFF6D736DFF6D736DFF6D736DFF6D736DFF6D736DFF6D736DFF6D736DFF6D736DFF6D736DFF6D736DFF6D736DFF6D736DFF6D736DFF6D736DFF6D736DFF6D736DFF6D736DFF6D736DFF6D736DFFFFFFFFFFFFFFFFFF6D736DFF
310
6D736DFF6D736DFF6D736DFF6D736DFF6D736DFF6D736DFF6D736DFF6D736DFF6D736DFF6D736DFF6D736DFF6D736DFF6D736DFF6D736DFF6D736DFF6D736DFF6D736DFF6D736DFF6D736DFF6D736DFF6D736DFF6D736DFF6D736DFF6D736DFF6D736DFF6D736DFF6D736DFF6D736DFF6D736DFF6D736DFF6D736DFFFFFFFF
310
FFFFFFFFFFFFFFFFFF6D736DFF6D736DFF6D736DFF6D736DFF6D736DFF6D736DFF6D736DFF6D736DFF6D736DFF6D736DFF6D736DFF6D736DFF6D736DFF6D736DFF6D736DFF6D736DFF6D736DFF6D736DFF6D736DFF6D736DFF6D736DFF6D736DFF6D736DFF6D736DFF6D736DFF6D736DFF6D736DFF6D736DFF6D736DFF6D73
310
6DFF6D736DFF6D736DFFFFFFFFFFFFFFFFFF6D736DFF6D736DFF6D736DFF6D736DFF6D736DFF6D736DFF6D736DFF6D736DFF6D736DFF6D736DFF6D736DFF6D736DFF6D736DFF6D736DFF6D736DFF6D736DFF6D736DFF6D736DFF6D736DFF6D736DFF6D736DFF6D736DFF6D736DFF6D736DFF6D736DFF6D736DFF6D736DFF6D
310
736DFF6D736DFF6D736DFF6D736DFF6D736DFFFFFFFFFFFFFFFFFFFFFFFFFF6D736DFF6D736DFF6D736DFF6D736DFF6D736DFF6D736DFF6D736DFF6D736DFF6D736DFF6D736DFF6D736DFF6D736DFF6D736DFF6D736DFF6D736DFF6D736DFF6D736DFF6D736DFF6D736DFF6D736DFF6D736DFF6D736DFF6D736DFF6D736DFF
310
6D736DFF6D736DFF6D736DFF6D736DFF6D736DFF6D736DFF6D736DFF6D736DFFFFFFFFFFFFFFFFFF6D736DFF6D736DFF6D736DFF6D736DFF6D736DFF6D736DFF6D736DFF6D736DFF6D736DFF6D736DFF6D736DFF6D736DFF6D736DFF6D736DFF6D736DFF6D736DFF6D736DFF6D736DFF6D736DFF6D736DFF6D736DFF6D736D
310
FF6D736DFF6D736DFF6D736DFF6D736DFF6D736DFF6D736DFF6D736DFF6D736DFF6D736DFF6D736DFFFFFFFFFFFFFFFFFF6D736DFF6D736DFF6D736DFF6D736DFF6D736DFF6D736DFF6D736DFF6D736DFF6D736DFF6D736DFF6D736DFF6D736DFF6D736DFF6D736DFF6D736DFF6D736DFF6D736DFF6D736DFF6D736DFF6D73
310
6DFF6D736DFF6D736DFF6D736DFF6D736DFF6D736DFF6D736DFF6D736DFF6D736DFF6D736DFF6D736DFF6D736DFF6D736DFF6D736DFF6D736DFF6D736DFF6D736DFF6D736DFF6D736DFF6D736DFF6D736DFF6D736DFF6D736DFF6D736DFF6D736DFF6D736DFF6D736DFF6D736DFF6D736DFF6D736DFF6D736DFF6D736DFF6D
310
736DFF6D736DFF6D736DFF6D736DFF6D736DFF6D736DFF6D736DFF6D736DFF6D736DFF6D736DFF6D736DFF6D736DFF6D736DFF6D736DFF6D736DFF6D736DFF6D736DFF6D736DFF6D736DFF6D736DFF6D736DFF6D736DFF6D736DFF6D736DFF6D736DFF6D736DFF6D736DFF6D736DFF6D736DFF6D736DFF6D736DFF6D736DFF
310
6D736DFF6D736DFF6D736DFF6D736DFF6D736DFF6D736DFF6D736DFF6D736DFF6D736DFF6D736DFF6D736DFF6D736DFF6D736DFF6D736DFF6D736DFF6D736DFF6D736DFF6D736DFF6D736DFF6D736DFF6D736DFF6D736DFF6D736DFF6D736DFF6D736DFF6D736DFF6D736DFF6D736DFF6D736DFF6D736DFF6D736DFF6D736D
310
FF6D736DFF6D736DFF6D736DFF6D736DFF6D736DFF6D736DFF6D736DFF6D736DFF6D736DFF6D736DFF6D736DFF6D736DFF6D736DFF6D736DFF6D736DFF6D736DFF6D736DFF6D736DFF6D736DFF6D736DFF6D736DFF6D736DFF6D736DFF6D736DFF6D736DFF6D736DFF6D736DFF6D736DFF6D736DFF6D736DFF6D736DFF6D73
310
6DFF6D736DFF6D736DFF6D736DFF6D736DFF6D736DFF6D736DFF6D736DFF6D736DFF6D736DFF6D736DFF6D736DFF6D736DFF6D736DFF6D736DFF6D736DFF6D736DFF6D736DFF6D736DFF6D736DFF6D736DFF6D736DFF6D736DFF6D736DFF6D736DFF6D736DFF6D736DFF6D736DFF6D736DFF6D736DFF6D736DFF6D736DFF6D
310
736DFF6D736DFF6D736DFF6D736DFF6D736DFF6D736DFF6D736DFF6D736DFF6D736DFF6D736DFF6D736DFF6D736DFF6D736DFF6D736DFF6D736DFF6D736DFFFFFFFFFFFFFFFFFF6D736DFF6D736DFF6D736DFF6D736DFF6D736DFF6D736DFF6D736DFF6D736DFF6D736DFF6D736DFF6D736DFF6D736DFF6D736DFF6D736DFF
310
6D736DFF6D736DFF6D736DFF6D736DFF6D736DFF6D736DFF6D736DFF6D736DFF6D736DFF6D736DFF6D736DFF6D736DFF6D736DFF6D736DFF6D736DFF6D736DFF6D736DFF6D736DFFFFFFFFFFFFFFFFFF6D736DFF6D736DFF6D736DFF6D736DFF6D736DFF6D736DFF6D736DFF6D736DFF6D736DFF6D736DFF6D736DFF6D736D
310
FF6D736DFF6D736DFF6D736DFF6D736DFF6D736DFF6D736DFF6D736DFF6D736DFF6D736DFF6D736DFF6D736DFF6D736DFF6D736DFF6D736DFF6D736DFF6D736DFF6D736DFF6D736DFF6D736DFF6D736DFFFFFFFFFFFFFFFFFFFFFFFFFF6D736DFF6D736DFF6D736DFF6D736DFF6D736DFF6D736DFF6D736DFF6D736DFF6D73
310
6DFF6D736DFF6D736DFF6D736DFF6D736DFF6D736DFF6D736DFF6D736DFF6D736DFF6D736DFF6D736DFF6D736DFF6D736DFF6D736DFF6D736DFF6D736DFF6D736DFF6D736DFF6D736DFF6D736DFF6D736DFF6D736DFF6D736DFF6D736DFFFFFFFFFFFFFFFFFF6D736DFF6D736DFF6D736DFF6D736DFF6D736DFF6D736DFF6D
310
736DFF6D736DFF6D736DFF6D736DFF6D736DFF6D736DFF6D736DFF6D736DFF6D736DFF6D736DFF6D736DFF6D736DFF6D736DFF6D736DFF6D736DFF6D736DFF6D736DFF6D736DFF6D736DFF6D736DFF6D736DFF6D736DFF6D736DFF6D736DFF6D736DFF6D736DFFFFFFFFFFFFFFFFFF6D736DFF6D736DFF6D736DFF6D736DFF
310
6D736DFF6D736DFF6D736DFF6D736DFF6D736DFF6D736DFF6D736DFF6D736DFF6D736DFF6D736DFF6D736DFF6D736DFF6D736DFF6D736DFF6D736DFF6D736DFF6D736DFF6D736DFF6D736DFF6D736DFF6D736DFF6D736DFF6D736DFF6D736DFF6D736DFF6D736DFF6D736DFF6D736DFFFFFFFFFFFFFFFFFFFFFFFFFF6D736D
310
FF6D736DFF6D736DFF6D736DFF6D736DFF6D736DFF6D736DFF6D736DFF6D736DFF6D736DFF6D736DFF6D736DFF6D736DFF6D736DFF6D736DFF6D736DFF6D736DFF6D736DFF6D736DFF6D736DFF6D736DFF6D736DFF6D736DFF6D736DFF6D736DFF6D736DFF6D736DFF6D736DFF6D736DFF6D736DFF6D736DFF6D736DFFFFFF
310
FFFFFFFFFFFF6D736DFF6D736DFF6D736DFF6D736DFF6D736DFF6D736DFF6D736DFF6D736DFF6D736DFF6D736DFF6D736DFF6D736DFF6D736DFF6D736DFF6D736DFF6D736DFF6D736DFF6D736DFF6D736DFF6D736DFF6D736DFF6D736DFF6D736DFF6D736DFF6D736DFF6D736DFF6D736DFF6D736DFF6D736DFF6D736DFF6D
310
736DFF6D736DFFFFFFFFFFFFFFFFFFFFFFFFFF6D736DFF6D736DFF6D736DFF6D736DFF6D736DFF6D736DFF6D736DFF6D736DFF6D736DFF6D736DFF6D736DFF6D736DFF6D736DFF6D736DFF6D736DFF6D736DFF6D736DFF6D736DFF6D736DFF6D736DFF6D736DFF6D736DFF6D736DFF6D736DFF6D736DFF6D736DFF6D736DFF
310
6D736DFF6D736DFF6D736DFF6D736DFF6D736DFFFFFFFFFFFFFFFFFF6D736DFF6D736DFF6D736DFF6D736DFF6D736DFF6D736DFF6D736DFF6D736DFF6D736DFF6D736DFF6D736DFF6D736DFF6D736DFF6D736DFF6D736DFF6D736DFF6D736DFF6D736DFF6D736DFF6D736DFF6D736DFF6D736DFF6D736DFF6D736DFF6D736D
310
FF6D736DFF6D736DFF6D736DFF6D736DFF6D736DFF6D736DFF6D736DFFFFFFFFFFFFFFFFFF6D736DFF6D736DFF6D736DFF6D736DFF6D736DFF6D736DFF6D736DFF6D736DFF6D736DFF6D736DFF6D736DFF6D736DFF6D736DFF6D736DFF6D736DFF6D736DFF6D736DFF6D736DFF6D736DFF6D736DFF6D736DFF6D736DFF6D73
310
6DFF6D736DFF6D736DFF6D736DFF6D736DFF6D736DFF6D736DFF6D736DFF6D736DFF6D736DFF6D736DFF6D736DFF6D736DFF6D736DFF6D736DFF6D736DFF6D736DFF6D736DFF6D736DFF6D736DFF6D736DFF6D736DFF6D736DFF6D736DFF6D736DFF6D736DFF6D736DFF6D736DFF6D736DFF6D736DFF6D736DFF6D736DFF6D
310
736DFF6D736DFF6D736DFF6D736DFF6D736DFF6D736DFF6D736DFF6D736DFF6D736DFF6D736DFF6D736DFF6D736DFF6D736DFF6D736DFF6D736DFF6D736DFF6D736DFF6D736DFF6D736DFF6D736DFF6D736DFF6D736DFF6D736DFF6D736DFF6D736DFF6D736DFF6D736DFF6D736DFF6D736DFF6D736DFF6D736DFF6D736DFF
310
6D736DFF6D736DFF6D736DFF6D736DFF6D736DFF6D736DFF6D736DFF6D736DFF6D736DFF6D736DFF6D736DFF6D736DFF6D736DFF6D736DFF6D736DFF6D736DFF6D736DFF6D736DFF
102
{BLKREFS
331
1B9CC
331
1B1A1
102
}
 70
     4
280
     1
281
     0
  0
BLOCK_RECORD
  5
1AD9A
330
1
100
AcDbSymbolTableRecord
100
AcDbBlockTableRecord
  2
KO_SPV_Enkelkryssveksel_0
340
0
310
280000002000000020000000010020000000000000100000010000000100000000000000000000006D736DFF6D736DFF6D736DFF6D736DFF6D736DFF6D736DFF6D736DFF6D736DFF6D736DFF6D736DFF6D736DFF6D736DFF6D736DFF6D736DFF6D736DFF6D736DFF6D736DFF6D736DFF6D736DFF6D736DFF6D736DFF6D736D
310
FF6D736DFF6D736DFF6D736DFF6D736DFF6D736DFF6D736DFF6D736DFF6D736DFF6D736DFF6D736DFF6D736DFF6D736DFF6D736DFF6D736DFF6D736DFF6D736DFF6D736DFF6D736DFF6D736DFF6D736DFF6D736DFF6D736DFF6D736DFF6D736DFF6D736DFF6D736DFF6D736DFF6D736DFF6D736DFF6D736DFF6D736DFF6D73
310
6DFF6D736DFF6D736DFF6D736DFF6D736DFF6D736DFF6D736DFF6D736DFF6D736DFF6D736DFF6D736DFF6D736DFF6D736DFF6D736DFF6D736DFF6D736DFF6D736DFF6D736DFF6D736DFF6D736DFF6D736DFF6D736DFF6D736DFF6D736DFF6D736DFF6D736DFF6D736DFF6D736DFF6D736DFF6D736DFF6D736DFF6D736DFF6D
310
736DFF6D736DFF6D736DFF6D736DFF6D736DFF6D736DFF6D736DFF6D736DFF6D736DFF6D736DFF6D736DFF6D736DFF6D736DFF6D736DFF6D736DFF6D736DFF6D736DFF6D736DFF6D736DFF6D736DFF6D736DFF6D736DFF6D736DFF6D736DFF6D736DFF6D736DFF6D736DFF6D736DFF6D736DFF6D736DFF6D736DFF6D736DFF
310
6D736DFF6D736DFF6D736DFF6D736DFF6D736DFF6D736DFF6D736DFF6D736DFF6D736DFF6D736DFF6D736DFF6D736DFF6D736DFF6D736DFF6D736DFF6D736DFF6D736DFF6D736DFF6D736DFF6D736DFF6D736DFF6D736DFF6D736DFF6D736DFF6D736DFF6D736DFF6D736DFF6D736DFF6D736DFF6D736DFF6D736DFF6D736D
310
FF6D736DFF6D736DFF6D736DFF6D736DFF6D736DFF6D736DFF6D736DFF6D736DFF6D736DFF6D736DFF6D736DFF6D736DFF6D736DFF6D736DFF6D736DFF6D736DFF6D736DFF6D736DFF6D736DFF6D736DFF6D736DFF6D736DFF6D736DFF6D736DFF6D736DFF6D736DFF6D736DFF6D736DFF6D736DFF6D736DFF6D736DFF6D73
310
6DFF6D736DFF6D736DFF6D736DFF6D736DFF6D736DFF6D736DFF6D736DFF6D736DFF6D736DFF6D736DFF6D736DFF6D736DFF6D736DFF6D736DFF6D736DFF6D736DFF6D736DFF6D736DFF6D736DFF6D736DFF6D736DFF6D736DFF6D736DFF6D736DFF6D736DFF6D736DFF6D736DFF6D736DFF6D736DFF6D736DFF6D736DFF6D
310
736DFF6D736DFF6D736DFF6D736DFF6D736DFF6D736DFF6D736DFF6D736DFF6D736DFF6D736DFF6D736DFF6D736DFF6D736DFF6D736DFF6D736DFF6D736DFF6D736DFF6D736DFF6D736DFF6D736DFF6D736DFF6D736DFF6D736DFF6D736DFF6D736DFF6D736DFF6D736DFF6D736DFF6D736DFF6D736DFF6D736DFF6D736DFF
310
6D736DFF6D736DFF6D736DFF6D736DFF6D736DFF6D736DFF6D736DFF6D736DFF6D736DFF6D736DFF6D736DFF6D736DFF6D736DFF6D736DFF6D736DFF6D736DFF6D736DFF6D736DFF6D736DFF6D736DFF6D736DFF6D736DFF6D736DFF6D736DFF6D736DFF6D736DFF6D736DFF6D736DFF6D736DFF6D736DFF6D736DFF6D736D
310
FF6D736DFF6D736DFF6D736DFF6D736DFF6D736DFF6D736DFF6D736DFF6D736DFF6D736DFF6D736DFF6D736DFF6D736DFF6D736DFF6D736DFF6D736DFF6D736DFF6D736DFF6D736DFF6D736DFF6D736DFF6D736DFF6D736DFF6D736DFF6D736DFF6D736DFF6D736DFF6D736DFF6D736DFF6D736DFF6D736DFF6D736DFF6D73
310
6DFF6D736DFF6D736DFF6D736DFF6D736DFF6D736DFF6D736DFF6D736DFF6D736DFF6D736DFF6D736DFF6D736DFF6D736DFF6D736DFFFFFFFFFFFFFFFFFF6D736DFF6D736DFF6D736DFF6D736DFF6D736DFF6D736DFF6D736DFF6D736DFF6D736DFF6D736DFF6D736DFF6D736DFF6D736DFF6D736DFF6D736DFF6D736DFF6D
310
736DFF6D736DFF6D736DFF6D736DFF6D736DFF6D736DFF6D736DFF6D736DFF6D736DFF6D736DFF6D736DFF6D736DFF6D736DFF6D736DFF6D736DFF6D736DFFFFFFFFFFFFFFFFFF6D736DFF6D736DFF6D736DFF6D736DFF6D736DFF6D736DFF6D736DFF6D736DFF6D736DFF6D736DFF6D736DFF6D736DFF6D736DFF6D736DFF
310
6D736DFF6D736DFF6D736DFF6D736DFF6D736DFF6D736DFF6D736DFF6D736DFF6D736DFF6D736DFF6D736DFF6D736DFF6D736DFF6D736DFF6D736DFF6D736DFF6D736DFF6D736DFFFFFFFFFFFFFFFFFFFFFFFFFF6D736DFF6D736DFF6D736DFF6D736DFF6D736DFF6D736DFF6D736DFF6D736DFF6D736DFF6D736DFF6D736D
310
FF6D736DFF6D736DFF6D736DFF6D736DFF6D736DFF6D736DFF6D736DFF6D736DFF6D736DFF6D736DFF6D736DFF6D736DFF6D736DFF6D736DFF6D736DFF6D736DFF6D736DFF6D736DFF6D736DFF6D736DFF6D736DFFFFFFFFFFFFFFFFFFFFFFFFFF6D736DFF6D736DFF6D736DFF6D736DFF6D736DFF6D736DFF6D736DFF6D73
310
6DFF6D736DFF6D736DFF6D736DFF6D736DFF6D736DFF6D736DFF6D736DFF6D736DFF6D736DFF6D736DFF6D736DFF6D736DFF6D736DFF6D736DFF6D736DFF6D736DFF6D736DFF6D736DFF6D736DFF6D736DFF6D736DFF6D736DFF6D736DFF6D736DFFFFFFFFFFFFFFFFFF6D736DFF6D736DFF6D736DFF6D736DFF6D736DFF6D
310
736DFF6D736DFF6D736DFF6D736DFF6D736DFF6D736DFF6D736DFF6D736DFF6D736DFF6D736DFF6D736DFF6D736DFF6D736DFF6D736DFF6D736DFF6D736DFF6D736DFF6D736DFF6D736DFF6D736DFF6D736DFF6D736DFF6D736DFF6D736DFF6D736DFF6D736DFF6D736DFFFFFFFFFFFFFFFFFFFFFFFFFF6D736DFF6D736DFF
310
6D736DFF6D736DFF6D736DFF6D736DFF6D736DFF6D736DFF6D736DFF6D736DFF6D736DFF6D736DFF6D736DFF6D736DFF6D736DFF6D736DFF6D736DFF6D736DFF6D736DFF6D736DFF6D736DFF6D736DFF6D736DFF6D736DFF6D736DFF6D736DFF6D736DFF6D736DFF6D736DFF6D736DFF6D736DFF6D736DFFFFFFFFFFFFFFFF
310
FFFFFFFFFF6D736DFF6D736DFF6D736DFF6D736DFF6D736DFF6D736DFF6D736DFF6D736DFF6D736DFF6D736DFF6D736DFF6D736DFF6D736DFF6D736DFF6D736DFF6D736DFF6D736DFF6D736DFF6D736DFF6D736DFF6D736DFF6D736DFF6D736DFF6D736DFF6D736DFF6D736DFF6D736DFF6D736DFF6D736DFF6D736DFF6D73
310
6DFF6D736DFFFFFFFFFFFFFFFFFF6D736DFF6D736DFF6D736DFF6D736DFF6D736DFF6D736DFF6D736DFF6D736DFF6D736DFF6D736DFF6D736DFF6D736DFF6D736DFF6D736DFF6D736DFF6D736DFF6D736DFF6D736DFF6D736DFF6D736DFF6D736DFF6D736DFF6D736DFF6D736DFF6D736DFF6D736DFF6D736DFF6D736DFF6D
310
736DFF6D736DFF6D736DFF6D736DFFFFFFFFFFFFFFFFFFFFFFFFFF6D736DFF6D736DFF6D736DFF6D736DFF6D736DFF6D736DFF6D736DFF6D736DFF6D736DFF6D736DFF6D736DFF6D736DFF6D736DFF6D736DFF6D736DFF6D736DFF6D736DFF6D736DFF6D736DFF6D736DFF6D736DFF6D736DFF6D736DFF6D736DFF6D736DFF
310
6D736DFF6D736DFF6D736DFF6D736DFF6D736DFF6D736DFF6D736DFFFFFFFFFFFFFFFFFFFFFFFFFF6D736DFF6D736DFF6D736DFF6D736DFF6D736DFF6D736DFF6D736DFF6D736DFF6D736DFF6D736DFF6D736DFF6D736DFF6D736DFF6D736DFF6D736DFF6D736DFF6D736DFF6D736DFF6D736DFF6D736DFF6D736DFF6D736D
310
FF6D736DFF6D736DFF6D736DFF6D736DFF6D736DFF6D736DFF6D736DFF6D736DFF6D736DFF6D736DFFFFFFFFFFFFFFFFFF6D736DFF6D736DFF6D736DFF6D736DFF6D736DFF6D736DFF6D736DFF6D736DFF6D736DFF6D736DFF6D736DFF6D736DFF6D736DFF6D736DFF6D736DFF6D736DFF6D736DFF6D736DFF6D736DFF6D73
310
6DFF6D736DFF6D736DFF6D736DFF6D736DFF6D736DFF6D736DFF6D736DFF6D736DFF6D736DFF6D736DFF6D736DFF6D736DFFFFFFFFFFFFFFFFFF6D736DFF6D736DFF6D736DFF6D736DFF6D736DFF6D736DFF6D736DFF6D736DFF6D736DFF6D736DFF6D736DFF6D736DFF6D736DFF6D736DFF6D736DFF6D736DFF6D736DFF6D
310
736DFF6D736DFF6D736DFF6D736DFF6D736DFF6D736DFF6D736DFF6D736DFF6D736DFF6D736DFF6D736DFF6D736DFF6D736DFF6D736DFF6D736DFF6D736DFF6D736DFF6D736DFF6D736DFF6D736DFF6D736DFF6D736DFF6D736DFF6D736DFF6D736DFF6D736DFF6D736DFF6D736DFF6D736DFF6D736DFF6D736DFF6D736DFF
310
6D736DFF6D736DFF6D736DFF6D736DFF6D736DFF6D736DFF6D736DFF6D736DFF6D736DFF6D736DFF6D736DFF6D736DFF6D736DFF6D736DFF6D736DFF6D736DFF6D736DFF6D736DFF6D736DFF6D736DFF6D736DFF6D736DFF6D736DFF6D736DFF6D736DFF6D736DFF6D736DFF6D736DFF6D736DFF6D736DFF6D736DFF6D736D
310
FF6D736DFF6D736DFF6D736DFF6D736DFF6D736DFF6D736DFF6D736DFF6D736DFF6D736DFF6D736DFF6D736DFF6D736DFF6D736DFF6D736DFF6D736DFF6D736DFF6D736DFF6D736DFF6D736DFF6D736DFF6D736DFF6D736DFF6D736DFF6D736DFF6D736DFF6D736DFF6D736DFF6D736DFF6D736DFF6D736DFF6D736DFF6D73
310
6DFF6D736DFF6D736DFF6D736DFF6D736DFF6D736DFF6D736DFF6D736DFF6D736DFF6D736DFF6D736DFF6D736DFF6D736DFF6D736DFF6D736DFF6D736DFF6D736DFF6D736DFF6D736DFF6D736DFF6D736DFF6D736DFF6D736DFF6D736DFF6D736DFF6D736DFF6D736DFF6D736DFF6D736DFF6D736DFF6D736DFF6D736DFF6D
310
736DFF6D736DFF6D736DFF6D736DFF6D736DFF6D736DFF6D736DFF6D736DFF6D736DFF6D736DFF6D736DFF6D736DFF6D736DFF6D736DFF6D736DFF6D736DFF6D736DFF6D736DFF6D736DFF6D736DFF6D736DFF6D736DFF6D736DFF6D736DFF6D736DFF6D736DFF6D736DFF6D736DFF6D736DFF6D736DFF6D736DFF6D736DFF
310
6D736DFF6D736DFF6D736DFF6D736DFF6D736DFF6D736DFF6D736DFF6D736DFF6D736DFF6D736DFF6D736DFF6D736DFF6D736DFF6D736DFF6D736DFF6D736DFF6D736DFF6D736DFF6D736DFF6D736DFF6D736DFF6D736DFF6D736DFF6D736DFF6D736DFF6D736DFF6D736DFF6D736DFF6D736DFF6D736DFF6D736DFF6D736D
310
FF6D736DFF6D736DFF6D736DFF6D736DFF6D736DFF6D736DFF6D736DFF6D736DFF6D736DFF6D736DFF6D736DFF6D736DFF6D736DFF6D736DFF6D736DFF6D736DFF6D736DFF6D736DFF6D736DFF6D736DFF6D736DFF6D736DFF6D736DFF6D736DFF6D736DFF6D736DFF6D736DFF6D736DFF6D736DFF6D736DFF6D736DFF6D73
310
6DFF6D736DFF6D736DFF6D736DFF6D736DFF6D736DFF6D736DFF6D736DFF6D736DFF6D736DFF6D736DFF6D736DFF6D736DFF6D736DFF6D736DFF6D736DFF6D736DFF6D736DFF6D736DFF6D736DFF6D736DFF6D736DFF6D736DFF6D736DFF6D736DFF6D736DFF6D736DFF6D736DFF6D736DFF6D736DFF6D736DFF6D736DFF6D
310
736DFF6D736DFF6D736DFF6D736DFF6D736DFF6D736DFF6D736DFF6D736DFF6D736DFF6D736DFF6D736DFF6D736DFF6D736DFF6D736DFF6D736DFF6D736DFF6D736DFF6D736DFF6D736DFF6D736DFF6D736DFF6D736DFF6D736DFF6D736DFF6D736DFF6D736DFF6D736DFF6D736DFF6D736DFF6D736DFF6D736DFF6D736DFF
310
6D736DFF6D736DFF6D736DFF6D736DFF6D736DFF6D736DFF6D736DFF6D736DFF6D736DFF6D736DFF6D736DFF6D736DFF6D736DFF6D736DFF6D736DFF6D736DFF6D736DFF6D736DFF
102
{BLKREFS
331
1B1A2
102
}
 70
     4
280
     1
281
     0
  0
BLOCK_RECORD
  5
1AD9E
330
1
100
AcDbSymbolTableRecord
100
AcDbBlockTableRecord
  2
KO_SPV_30_Sporveksel
340
0
310
280000002000000020000000010020000000000000100000010000000100000000000000000000006D736DFF6D736DFF6D736DFF6D736DFF6D736DFF6D736DFF6D736DFF6D736DFF6D736DFF6D736DFF6D736DFF6D736DFF6D736DFF6D736DFF6D736DFF6D736DFF6D736DFF6D736DFF6D736DFF6D736DFF6D736DFF6D736D
310
FF6D736DFF6D736DFF6D736DFF6D736DFF6D736DFF6D736DFF6D736DFF6D736DFF6D736DFF6D736DFF6D736DFF6D736DFF6D736DFF6D736DFF6D736DFF6D736DFF6D736DFF6D736DFF6D736DFF6D736DFF6D736DFF6D736DFF6D736DFF6D736DFF6D736DFF6D736DFF6D736DFF6D736DFF6D736DFF6D736DFF6D736DFF6D73
310
6DFF6D736DFF6D736DFF6D736DFF6D736DFF6D736DFF6D736DFF6D736DFF6D736DFF6D736DFF6D736DFF6D736DFF6D736DFF6D736DFF6D736DFF6D736DFF6D736DFF6D736DFF6D736DFF6D736DFF6D736DFF6D736DFF6D736DFF6D736DFF6D736DFF6D736DFF6D736DFF6D736DFF6D736DFF6D736DFF6D736DFF6D736DFF6D
310
736DFF6D736DFF6D736DFF6D736DFF6D736DFF6D736DFF6D736DFF6D736DFF6D736DFF6D736DFF6D736DFF6D736DFF6D736DFF6D736DFF6D736DFF6D736DFF6D736DFF6D736DFF6D736DFF6D736DFF6D736DFF6D736DFF6D736DFF6D736DFF6D736DFF6D736DFF6D736DFF6D736DFF6D736DFF6D736DFF6D736DFF6D736DFF
310
6D736DFF6D736DFF6D736DFF6D736DFF6D736DFF6D736DFF6D736DFF6D736DFF6D736DFF6D736DFF6D736DFF6D736DFF6D736DFF6D736DFF6D736DFF6D736DFF6D736DFF6D736DFF6D736DFF6D736DFF6D736DFF6D736DFF6D736DFF6D736DFF6D736DFF6D736DFF6D736DFF6D736DFF6D736DFF6D736DFF6D736DFF6D736D
310
FF6D736DFF6D736DFF6D736DFF6D736DFF6D736DFF6D736DFF6D736DFF6D736DFF6D736DFF6D736DFF6D736DFF6D736DFF6D736DFF6D736DFF6D736DFF6D736DFF6D736DFF6D736DFF6D736DFF6D736DFF6D736DFF6D736DFF6D736DFF6D736DFF6D736DFF6D736DFF6D736DFF6D736DFF6D736DFF6D736DFF6D736DFF6D73
310
6DFF6D736DFF6D736DFF6D736DFF6D736DFF6D736DFF6D736DFF6D736DFF6D736DFF6D736DFF6D736DFF6D736DFF6D736DFF6D736DFF6D736DFF6D736DFF6D736DFF6D736DFF6D736DFF6D736DFF6D736DFF6D736DFF6D736DFF6D736DFF6D736DFF6D736DFF6D736DFF6D736DFF6D736DFF6D736DFF6D736DFF6D736DFF6D
310
736DFF6D736DFF6D736DFF6D736DFF6D736DFF6D736DFF6D736DFF6D736DFF6D736DFF6D736DFF6D736DFF6D736DFF6D736DFFFFFFFFFFFFFFFFFFFFFFFFFFFFFFFFFFFFFFFFFFFFFFFFFFFFFFFFFFFFFFFFFFFFFFFFFFFFFFFFFFFFFFFFFFFFFFFFFFFFFFFFFFFFFFFFFFFFFFFFFFFFFFFFFFFFFFFFFFFFFFFFFFFFFFFFFF
310
FFFFFFFFFFFFFFFFFFFFFFFFFFFFFFFFFFFFFFFFFFFFFFFFFFFFFFFFFFFFFFFFFFFFFFFFFFFFFFFFFFFFFFFF6D736DFF6D736DFF6D736DFFFFFFFFFFFFFFFFFFFFFFFFFFFFFFFFFFFFFFFFFFFFFFFFFFFFFFFFFFFFFFFFFFFFFFFFFFFFFFFFFFFFFFFFFFFFFFFFFFFFFFFFFFFFFFFFFFFFFFFFFFFFFFFFFFFFFFFFFFFFFFFF
310
FFFFFFFFFFFFFFFFFFFFFFFFFFFFFFFFFFFFFFFFFFFFFFFFFFFFFFFFFFFFFFFFFFFFFFFFFFFFFFFFFFFFFFFFFF6D736DFF6D736DFF6D736DFF6D736DFF6D736DFFFFFFFFFFFFFFFFFFFFFFFFFFFFFFFFFFFFFFFFFFFFFFFFFFFFFFFFFFFFFFFFFFFFFFFFFFFFFFFFFFFFFFFFFFFFFFFFFFFFFFFFFFFFFFFFFFFFFFFFFFFFFF
310
FFFFFFFFFFFFFFFFFFFFFFFFFFFFFFFFFFFFFFFFFFFFFFFFFFFFFFFFFFFFFFFFFFFFFFFFFFFFFFFFFFFFFFFFFFFF6D736DFF6D736DFF6D736DFF6D736DFF6D736DFF6D736DFF6D736DFFFFFFFFFFFFFFFFFFFFFFFFFFFFFFFFFFFFFFFFFFFFFFFFFFFFFFFFFFFFFFFFFFFFFFFFFFFFFFFFFFFFFFFFFFFFFFFFFFFFFFFFFFFF
310
FFFFFFFFFFFFFFFFFFFFFFFFFFFFFFFFFFFFFFFFFFFFFFFFFFFFFFFFFFFFFFFFFFFFFFFFFFFFFFFFFFFFFFFFFFFFFF6D736DFF6D736DFF6D736DFF6D736DFF6D736DFF6D736DFF6D736DFF6D736DFFFFFFFFFFFFFFFFFFFFFFFFFFFFFFFFFFFFFFFFFFFFFFFFFFFFFFFFFFFFFFFFFFFFFFFFFFFFFFFFFFFFFFFFFFFFFFFFFF
310
FFFFFFFFFFFFFFFFFFFFFFFFFFFFFFFFFFFFFFFFFFFFFFFFFFFFFFFFFFFFFFFFFFFFFFFFFFFFFFFFFFFFFFFFFFFFFFFF6D736DFF6D736DFF6D736DFF6D736DFF6D736DFF6D736DFF6D736DFF6D736DFF6D736DFF6D736DFFFFFFFFFFFFFFFFFFFFFFFFFFFFFFFFFFFFFFFFFFFFFFFFFFFFFFFFFFFFFFFFFFFFFFFFFFFFFFFF
310
FFFFFFFFFFFFFFFFFFFFFFFFFFFFFFFFFFFFFFFFFFFFFFFFFFFFFFFFFFFFFFFFFFFFFFFFFFFFFFFFFFFFFFFFFFFFFFFFFF6D736DFF6D736DFF6D736DFF6D736DFF6D736DFF6D736DFF6D736DFF6D736DFF6D736DFF6D736DFF6D736DFF6D736DFFFFFFFFFFFFFFFFFFFFFFFFFFFFFFFFFFFFFFFFFFFFFFFFFFFFFFFFFFFFFF
310
FFFFFFFFFFFFFFFFFFFFFFFFFFFFFFFFFFFFFFFFFFFFFFFFFFFFFFFFFFFFFFFFFFFFFFFFFFFFFFFFFFFFFFFFFFFFFFFFFFFF6D736DFF6D736DFF6D736DFF6D736DFF6D736DFF6D736DFF6D736DFF6D736DFF6D736DFF6D736DFF6D736DFF6D736DFF6D736DFF6D736DFFFFFFFFFFFFFFFFFFFFFFFFFFFFFFFFFFFFFFFFFFFF
310
FFFFFFFFFFFFFFFFFFFFFFFFFFFFFFFFFFFFFFFFFFFFFFFFFFFFFFFFFFFFFFFFFFFFFFFFFFFFFFFFFFFFFFFFFFFFFFFFFFFFFF6D736DFF6D736DFF6D736DFF6D736DFF6D736DFF6D736DFF6D736DFF6D736DFF6D736DFF6D736DFF6D736DFF6D736DFF6D736DFF6D736DFF6D736DFFFFFFFFFFFFFFFFFFFFFFFFFFFFFFFFFF
310
FFFFFFFFFFFFFFFFFFFFFFFFFFFFFFFFFFFFFFFFFFFFFFFFFFFFFFFFFFFFFFFFFFFFFFFFFFFFFFFFFFFFFFFFFFFFFFFFFFFFFFFF6D736DFF6D736DFF6D736DFF6D736DFF6D736DFF6D736DFF6D736DFF6D736DFF6D736DFF6D736DFF6D736DFF6D736DFF6D736DFF6D736DFF6D736DFF6D736DFF6D736DFFFFFFFFFFFFFFFF
310
FFFFFFFFFFFFFFFFFFFFFFFFFFFFFFFFFFFFFFFFFFFFFFFFFFFFFFFFFFFFFFFFFFFFFFFFFFFFFFFFFFFFFFFFFFFFFFFFFFFFFFFFFF6D736DFF6D736DFF6D736DFF6D736DFF6D736DFF6D736DFF6D736DFF6D736DFF6D736DFF6D736DFF6D736DFF6D736DFF6D736DFF6D736DFF6D736DFF6D736DFF6D736DFF6D736DFF6D73
310
6DFFFFFFFFFFFFFFFFFFFFFFFFFFFFFFFFFFFFFFFFFFFFFFFFFFFFFFFFFFFFFFFFFFFFFFFFFFFFFFFFFFFFFFFFFFFFFFFFFFFFFFFFFF6D736DFF6D736DFF6D736DFF6D736DFF6D736DFF6D736DFF6D736DFF6D736DFF6D736DFF6D736DFF6D736DFF6D736DFF6D736DFF6D736DFF6D736DFF6D736DFF6D736DFF6D736DFF6D
310
736DFF6D736DFFFFFFFFFFFFFFFFFFFFFFFFFFFFFFFFFFFFFFFFFFFFFFFFFFFFFFFFFFFFFFFFFFFFFFFFFFFFFFFFFFFFFFFFFFFFFFFFFF6D736DFF6D736DFF6D736DFF6D736DFF6D736DFF6D736DFF6D736DFF6D736DFF6D736DFF6D736DFF6D736DFF6D736DFF6D736DFF6D736DFF6D736DFF6D736DFF6D736DFF6D736DFF
310
6D736DFF6D736DFF6D736DFF6D736DFFFFFFFFFFFFFFFFFFFFFFFFFFFFFFFFFFFFFFFFFFFFFFFFFFFFFFFFFFFFFFFFFFFFFFFFFFFFFFFFFF6D736DFF6D736DFF6D736DFF6D736DFF6D736DFF6D736DFF6D736DFF6D736DFF6D736DFF6D736DFF6D736DFF6D736DFF6D736DFF6D736DFF6D736DFF6D736DFF6D736DFF6D736D
310
FF6D736DFF6D736DFF6D736DFF6D736DFF6D736DFF6D736DFFFFFFFFFFFFFFFFFFFFFFFFFFFFFFFFFFFFFFFFFFFFFFFFFFFFFFFFFFFFFFFFFF6D736DFF6D736DFF6D736DFF6D736DFF6D736DFF6D736DFF6D736DFF6D736DFF6D736DFF6D736DFF6D736DFF6D736DFF6D736DFF6D736DFF6D736DFF6D736DFF6D736DFF6D73
310
6DFF6D736DFF6D736DFF6D736DFF6D736DFF6D736DFF6D736DFF6D736DFF6D736DFFFFFFFFFFFFFFFFFFFFFFFFFFFFFFFFFFFFFFFFFFFFFFFFFF6D736DFF6D736DFF6D736DFF6D736DFF6D736DFF6D736DFF6D736DFF6D736DFF6D736DFF6D736DFF6D736DFF6D736DFF6D736DFF6D736DFF6D736DFF6D736DFF6D736DFF6D
310
736DFF6D736DFF6D736DFF6D736DFF6D736DFF6D736DFF6D736DFF6D736DFF6D736DFF6D736DFFFFFFFFFFFFFFFFFFFFFFFFFFFFFFFFFFFFFFFFFF6D736DFF6D736DFF6D736DFF6D736DFF6D736DFF6D736DFF6D736DFF6D736DFF6D736DFF6D736DFF6D736DFF6D736DFF6D736DFF6D736DFF6D736DFF6D736DFF6D736DFF
310
6D736DFF6D736DFF6D736DFF6D736DFF6D736DFF6D736DFF6D736DFF6D736DFF6D736DFF6D736DFF6D736DFF6D736DFFFFFFFFFFFFFFFFFFFFFFFFFF6D736DFF6D736DFF6D736DFF6D736DFF6D736DFF6D736DFF6D736DFF6D736DFF6D736DFF6D736DFF6D736DFF6D736DFF6D736DFF6D736DFF6D736DFF6D736DFF6D736D
310
FF6D736DFF6D736DFF6D736DFF6D736DFF6D736DFF6D736DFF6D736DFF6D736DFF6D736DFF6D736DFF6D736DFF6D736DFF6D736DFF6D736DFFFFFFFFFF6D736DFF6D736DFF6D736DFF6D736DFF6D736DFF6D736DFF6D736DFF6D736DFF6D736DFF6D736DFF6D736DFF6D736DFF6D736DFF6D736DFF6D736DFF6D736DFF6D73
310
6DFF6D736DFF6D736DFF6D736DFF6D736DFF6D736DFF6D736DFF6D736DFF6D736DFF6D736DFF6D736DFF6D736DFF6D736DFF6D736DFF6D736DFF6D736DFF6D736DFF6D736DFF6D736DFF6D736DFF6D736DFF6D736DFF6D736DFF6D736DFF6D736DFF6D736DFF6D736DFF6D736DFF6D736DFF6D736DFF6D736DFF6D736DFF6D
310
736DFF6D736DFF6D736DFF6D736DFF6D736DFF6D736DFF6D736DFF6D736DFF6D736DFF6D736DFF6D736DFF6D736DFF6D736DFF6D736DFF6D736DFF6D736DFF6D736DFF6D736DFF6D736DFF6D736DFF6D736DFF6D736DFF6D736DFF6D736DFF6D736DFF6D736DFF6D736DFF6D736DFF6D736DFF6D736DFF6D736DFF6D736DFF
310
6D736DFF6D736DFF6D736DFF6D736DFF6D736DFF6D736DFF6D736DFF6D736DFF6D736DFF6D736DFF6D736DFF6D736DFF6D736DFF6D736DFF6D736DFF6D736DFF6D736DFF6D736DFF6D736DFF6D736DFF6D736DFF6D736DFF6D736DFF6D736DFF6D736DFF6D736DFF6D736DFF6D736DFF6D736DFF6D736DFF6D736DFF6D736D
310
FF6D736DFF6D736DFF6D736DFF6D736DFF6D736DFF6D736DFF6D736DFF6D736DFF6D736DFF6D736DFF6D736DFF6D736DFF6D736DFF6D736DFF6D736DFF6D736DFF6D736DFF6D736DFF6D736DFF6D736DFF6D736DFF6D736DFF6D736DFF6D736DFF6D736DFF6D736DFF6D736DFF6D736DFF6D736DFF6D736DFF6D736DFF6D73
310
6DFF6D736DFF6D736DFF6D736DFF6D736DFF6D736DFF6D736DFF6D736DFF6D736DFF6D736DFF6D736DFF6D736DFF6D736DFF6D736DFF6D736DFF6D736DFF6D736DFF6D736DFF6D736DFF6D736DFF6D736DFF6D736DFF6D736DFF6D736DFF6D736DFF6D736DFF6D736DFF6D736DFF6D736DFF6D736DFF6D736DFF6D736DFF6D
310
736DFF6D736DFF6D736DFF6D736DFF6D736DFF6D736DFF6D736DFF6D736DFF6D736DFF6D736DFF6D736DFF6D736DFF6D736DFF6D736DFF6D736DFF6D736DFF6D736DFF6D736DFF6D736DFF6D736DFF6D736DFF6D736DFF6D736DFF6D736DFF6D736DFF6D736DFF6D736DFF6D736DFF6D736DFF6D736DFF6D736DFF6D736DFF
310
6D736DFF6D736DFF6D736DFF6D736DFF6D736DFF6D736DFF6D736DFF6D736DFF6D736DFF6D736DFF6D736DFF6D736DFF6D736DFF6D736DFF6D736DFF6D736DFF6D736DFF6D736DFF
102
{BLKREFS
331
1B1AC
102
}
 70
     4
280
     1
281
     0
  0
BLOCK_RECORD
  5
1ADA3
330
1
100
AcDbSymbolTableRecord
100
AcDbBlockTableRecord
  2
KO_SPV_30_Rettveksel_SSK
340
0
310
280000002000000020000000010020000000000000100000010000000100000000000000000000006D736DFF6D736DFF6D736DFF6D736DFF6D736DFF6D736DFF6D736DFF6D736DFF6D736DFF6D736DFF6D736DFF6D736DFF6D736DFF6D736DFF6D736DFF6D736DFF6D736DFF6D736DFF6D736DFF6D736DFF6D736DFF6D736D
310
FF6D736DFF6D736DFF6D736DFF6D736DFF6D736DFF6D736DFF6D736DFF6D736DFF6D736DFF6D736DFF6D736DFF6D736DFF6D736DFF6D736DFF6D736DFF6D736DFF6D736DFF6D736DFF6D736DFF6D736DFF6D736DFF6D736DFF6D736DFF6D736DFF6D736DFF6D736DFF6D736DFF6D736DFF6D736DFF6D736DFF6D736DFF6D73
310
6DFF6D736DFF6D736DFF6D736DFF6D736DFF6D736DFF6D736DFF6D736DFF6D736DFF6D736DFF6D736DFF6D736DFF6D736DFF6D736DFF6D736DFF6D736DFF6D736DFF6D736DFF6D736DFF6D736DFF6D736DFF6D736DFF6D736DFF6D736DFF6D736DFF6D736DFF6D736DFF6D736DFF6D736DFF6D736DFF6D736DFF6D736DFF6D
310
736DFF6D736DFF6D736DFF6D736DFF6D736DFF6D736DFF6D736DFF6D736DFF6D736DFF6D736DFF6D736DFF6D736DFF6D736DFF6D736DFF6D736DFF6D736DFF6D736DFF6D736DFF6D736DFF6D736DFF6D736DFF6D736DFF6D736DFF6D736DFF6D736DFF6D736DFF6D736DFF6D736DFF6D736DFF6D736DFF6D736DFF6D736DFF
310
6D736DFF6D736DFF6D736DFF6D736DFF6D736DFF6D736DFF6D736DFF6D736DFF6D736DFF6D736DFF6D736DFF6D736DFF6D736DFF6D736DFF6D736DFF6D736DFF6D736DFF6D736DFF6D736DFF6D736DFF6D736DFF6D736DFF6D736DFF6D736DFF6D736DFF6D736DFF6D736DFF6D736DFF6D736DFF6D736DFF6D736DFF6D736D
310
FF6D736DFF6D736DFF6D736DFF6D736DFF6D736DFF6D736DFF6D736DFF6D736DFF6D736DFF6D736DFF6D736DFF6D736DFF6D736DFF6D736DFF6D736DFF6D736DFF6D736DFF6D736DFF6D736DFF6D736DFF6D736DFF6D736DFF6D736DFF6D736DFF6D736DFF6D736DFF6D736DFF6D736DFF6D736DFF6D736DFF6D736DFF6D73
310
6DFF6D736DFF6D736DFF6D736DFF6D736DFF6D736DFF6D736DFF6D736DFF6D736DFF6D736DFF6D736DFF6D736DFF6D736DFF6D736DFF6D736DFF6D736DFF6D736DFF6D736DFF6D736DFF6D736DFF6D736DFF6D736DFF6D736DFF6D736DFF6D736DFF6D736DFF6D736DFF6D736DFF6D736DFF6D736DFF6D736DFF6D736DFF6D
310
736DFF6D736DFF6D736DFF6D736DFF6D736DFF6D736DFF6D736DFF6D736DFF6D736DFF6D736DFF6D736DFF6D736DFF6D736DFF6D736DFF6D736DFF6D736DFF6D736DFF6D736DFF6D736DFF6D736DFF6D736DFF6D736DFF6D736DFF6D736DFF6D736DFF6D736DFF6D736DFF6D736DFF6D736DFF6D736DFF6D736DFF6D736DFF
310
6D736DFF6D736DFF6D736DFF6D736DFF6D736DFF6D736DFF6D736DFF6D736DFF6D736DFF6D736DFF6D736DFF6D736DFF6D736DFF6D736DFF6D736DFF6D736DFF6D736DFF6D736DFF6D736DFF6D736DFF6D736DFF6D736DFF6D736DFF6D736DFF6D736DFF6D736DFF6D736DFF6D736DFF6D736DFF6D736DFF6D736DFF6D736D
310
FF6D736DFF6D736DFF6D736DFF6D736DFF6D736DFF6D736DFF6D736DFF6D736DFF6D736DFF6D736DFF6D736DFF6D736DFF6D736DFF6D736DFF6D736DFF6D736DFF6D736DFF6D736DFF6D736DFF6D736DFF6D736DFF6D736DFF6D736DFF6D736DFF6D736DFF6D736DFF6D736DFF6D736DFF6D736DFF6D736DFF6D736DFF6D73
310
6DFF6D736DFF6D736DFF6D736DFF6D736DFF6D736DFF6D736DFF6D736DFF6D736DFF6D736DFF6D736DFF6D736DFF6D736DFF6D736DFFFFFFFFFF6D736DFF6D736DFF6D736DFF6D736DFF6D736DFF6D736DFF6D736DFF6D736DFF6D736DFF6D736DFF6D736DFF6D736DFF6D736DFF6D736DFF6D736DFF6D736DFF6D736DFF6D
310
736DFF6D736DFF6D736DFF6D736DFF6D736DFF6D736DFF6D736DFF6D736DFF6D736DFF6D736DFF6D736DFF6D736DFF6D736DFF6D736DFFFFFFFFFF6D736DFF6D736DFF6D736DFF6D736DFF6D736DFF6D736DFF6D736DFF6D736DFF6D736DFF6D736DFF6D736DFF6D736DFF6D736DFF6D736DFF6D736DFF6D736DFF6D736DFF
310
6D736DFF6D736DFF6D736DFF6D736DFF6D736DFF6D736DFF6D736DFF6D736DFF6D736DFF6D736DFF6D736DFF6D736DFF6D736DFF6D736DFFFFFFFFFFFFFFFFFFFFFFFFFFFFFFFFFFFFFFFFFFFFFFFFFFFFFFFFFFFFFFFFFFFFFFFFFFFFFFFFFFFFFFFFFFFFFFFFFFFFFFFFFFFFFFFFFFFFFFFFFFFFFFFFFFFFFFFFFFFFFFFF
310
FFFFFFFFFFFFFFFFFFFFFFFFFFFFFFFFFFFFFFFFFFFFFFFFFFFFFFFFFFFFFFFFFFFFFFFFFFFFFFFFFFFFFFFFFFFFFFFFFF6D736DFF6D736DFFFFFFFFFF6D736DFF6D736DFF6D736DFF6D736DFF6D736DFF6D736DFF6D736DFF6D736DFF6D736DFF6D736DFF6D736DFF6D736DFFFFFFFFFFFFFFFFFFFFFFFFFFFFFFFFFFFFFF
310
FFFFFFFFFFFFFFFFFFFFFFFFFFFFFFFFFFFFFFFFFFFFFFFFFFFFFFFFFFFFFFFFFFFFFFFFFFFFFFFFFFFFFFFFFFFFFFFFFFFF6D736DFF6D736DFFFFFFFFFF6D736DFF6D736DFF6D736DFF6D736DFF6D736DFF6D736DFF6D736DFF6D736DFF6D736DFF6D736DFF6D736DFF6D736DFF6D736DFF6D736DFFFFFFFFFFFFFFFFFFFF
310
FFFFFFFFFFFFFFFFFFFFFFFFFFFFFFFFFFFFFFFFFFFFFFFFFFFFFFFFFFFFFFFFFFFFFFFFFFFFFFFFFFFFFFFFFFFFFFFFFFFFFF6D736DFF6D736DFFFFFFFFFF6D736DFF6D736DFF6D736DFF6D736DFF6D736DFF6D736DFF6D736DFF6D736DFF6D736DFF6D736DFF6D736DFF6D736DFF6D736DFF6D736DFF6D736DFF6D736DFF
310
FFFFFFFFFFFFFFFFFFFFFFFFFFFFFFFFFFFFFFFFFFFFFFFFFFFFFFFFFFFFFFFFFFFFFFFFFFFFFFFFFFFFFFFFFFFFFFFFFFFFFFFF6D736DFF6D736DFF6D736DFF6D736DFF6D736DFF6D736DFF6D736DFF6D736DFF6D736DFF6D736DFF6D736DFF6D736DFF6D736DFF6D736DFF6D736DFF6D736DFF6D736DFF6D736DFF6D736D
310
FF6D736DFF6D736DFFFFFFFFFFFFFFFFFFFFFFFFFFFFFFFFFFFFFFFFFFFFFFFFFFFFFFFFFFFFFFFFFFFFFFFFFFFFFFFFFFFFFFFFFF6D736DFF6D736DFF6D736DFF6D736DFF6D736DFF6D736DFF6D736DFF6D736DFF6D736DFF6D736DFF6D736DFF6D736DFF6D736DFF6D736DFF6D736DFF6D736DFF6D736DFF6D736DFF6D73
310
6DFF6D736DFF6D736DFF6D736DFF6D736DFFFFFFFFFFFFFFFFFFFFFFFFFFFFFFFFFFFFFFFFFFFFFFFFFFFFFFFFFFFFFFFFFFFFFFFFFF6D736DFF6D736DFF6D736DFF6D736DFF6D736DFF6D736DFF6D736DFF6D736DFF6D736DFF6D736DFF6D736DFF6D736DFF6D736DFF6D736DFF6D736DFF6D736DFF6D736DFF6D736DFF6D
310
736DFF6D736DFF6D736DFF6D736DFF6D736DFF6D736DFF6D736DFFFFFFFFFFFFFFFFFFFFFFFFFFFFFFFFFFFFFFFFFFFFFFFFFFFFFFFFFF6D736DFF6D736DFF6D736DFF6D736DFF6D736DFF6D736DFF6D736DFF6D736DFF6D736DFF6D736DFF6D736DFF6D736DFF6D736DFF6D736DFF6D736DFF6D736DFF6D736DFF6D736DFF
310
6D736DFF6D736DFF6D736DFF6D736DFF6D736DFF6D736DFF6D736DFF6D736DFF6D736DFFFFFFFFFFFFFFFFFFFFFFFFFFFFFFFFFFFFFFFFFF6D736DFF6D736DFF6D736DFF6D736DFF6D736DFF6D736DFF6D736DFF6D736DFF6D736DFF6D736DFF6D736DFF6D736DFF6D736DFF6D736DFF6D736DFF6D736DFF6D736DFF6D736D
310
FF6D736DFF6D736DFF6D736DFF6D736DFF6D736DFF6D736DFF6D736DFF6D736DFF6D736DFF6D736DFF6D736DFFFFFFFFFFFFFFFFFFFFFFFFFF6D736DFF6D736DFF6D736DFF6D736DFF6D736DFF6D736DFF6D736DFF6D736DFF6D736DFF6D736DFF6D736DFF6D736DFF6D736DFF6D736DFF6D736DFF6D736DFF6D736DFF6D73
310
6DFF6D736DFF6D736DFF6D736DFF6D736DFF6D736DFF6D736DFF6D736DFF6D736DFF6D736DFF6D736DFF6D736DFF6D736DFF6D736DFFFFFFFFFF6D736DFF6D736DFF6D736DFF6D736DFF6D736DFF6D736DFF6D736DFF6D736DFF6D736DFF6D736DFF6D736DFF6D736DFF6D736DFF6D736DFF6D736DFF6D736DFF6D736DFF6D
310
736DFF6D736DFF6D736DFF6D736DFF6D736DFF6D736DFF6D736DFF6D736DFF6D736DFF6D736DFF6D736DFF6D736DFF6D736DFF6D736DFF6D736DFF6D736DFF6D736DFF6D736DFF6D736DFF6D736DFF6D736DFF6D736DFF6D736DFF6D736DFF6D736DFF6D736DFF6D736DFF6D736DFF6D736DFF6D736DFF6D736DFF6D736DFF
310
6D736DFF6D736DFF6D736DFF6D736DFF6D736DFF6D736DFF6D736DFF6D736DFF6D736DFF6D736DFF6D736DFF6D736DFF6D736DFF6D736DFF6D736DFF6D736DFF6D736DFF6D736DFF6D736DFF6D736DFF6D736DFF6D736DFF6D736DFF6D736DFF6D736DFF6D736DFF6D736DFF6D736DFF6D736DFF6D736DFF6D736DFF6D736D
310
FF6D736DFF6D736DFF6D736DFF6D736DFF6D736DFF6D736DFF6D736DFF6D736DFF6D736DFF6D736DFF6D736DFF6D736DFF6D736DFF6D736DFF6D736DFF6D736DFF6D736DFF6D736DFF6D736DFF6D736DFF6D736DFF6D736DFF6D736DFF6D736DFF6D736DFF6D736DFF6D736DFF6D736DFF6D736DFF6D736DFF6D736DFF6D73
310
6DFF6D736DFF6D736DFF6D736DFF6D736DFF6D736DFF6D736DFF6D736DFF6D736DFF6D736DFF6D736DFF6D736DFF6D736DFF6D736DFF6D736DFF6D736DFF6D736DFF6D736DFF6D736DFF6D736DFF6D736DFF6D736DFF6D736DFF6D736DFF6D736DFF6D736DFF6D736DFF6D736DFF6D736DFF6D736DFF6D736DFF6D736DFF6D
310
736DFF6D736DFF6D736DFF6D736DFF6D736DFF6D736DFF6D736DFF6D736DFF6D736DFF6D736DFF6D736DFF6D736DFF6D736DFF6D736DFF6D736DFF6D736DFF6D736DFF6D736DFF6D736DFF6D736DFF6D736DFF6D736DFF6D736DFF6D736DFF6D736DFF6D736DFF6D736DFF6D736DFF6D736DFF6D736DFF6D736DFF6D736DFF
310
6D736DFF6D736DFF6D736DFF6D736DFF6D736DFF6D736DFF6D736DFF6D736DFF6D736DFF6D736DFF6D736DFF6D736DFF6D736DFF6D736DFF6D736DFF6D736DFF6D736DFF6D736DFF6D736DFF6D736DFF6D736DFF6D736DFF6D736DFF6D736DFF6D736DFF6D736DFF6D736DFF6D736DFF6D736DFF6D736DFF6D736DFF6D736D
310
FF6D736DFF6D736DFF6D736DFF6D736DFF6D736DFF6D736DFF6D736DFF6D736DFF6D736DFF6D736DFF6D736DFF6D736DFF6D736DFF6D736DFF6D736DFF6D736DFF6D736DFF6D736DFF6D736DFF6D736DFF6D736DFF6D736DFF6D736DFF6D736DFF6D736DFF6D736DFF6D736DFF6D736DFF6D736DFF6D736DFF6D736DFF6D73
310
6DFF6D736DFF6D736DFF6D736DFF6D736DFF6D736DFF6D736DFF6D736DFF6D736DFF6D736DFF6D736DFF6D736DFF6D736DFF6D736DFF6D736DFF6D736DFF6D736DFF6D736DFF6D736DFF6D736DFF6D736DFF6D736DFF6D736DFF6D736DFF6D736DFF6D736DFF6D736DFF6D736DFF6D736DFF6D736DFF6D736DFF6D736DFF6D
310
736DFF6D736DFF6D736DFF6D736DFF6D736DFF6D736DFF6D736DFF6D736DFF6D736DFF6D736DFF6D736DFF6D736DFF6D736DFF6D736DFF6D736DFF6D736DFF6D736DFF6D736DFF6D736DFF6D736DFF6D736DFF6D736DFF6D736DFF6D736DFF6D736DFF6D736DFF6D736DFF6D736DFF6D736DFF6D736DFF6D736DFF6D736DFF
310
6D736DFF6D736DFF6D736DFF6D736DFF6D736DFF6D736DFF6D736DFF6D736DFF6D736DFF6D736DFF6D736DFF6D736DFF6D736DFF6D736DFF6D736DFF6D736DFF6D736DFF6D736DFF
102
{BLKREFS
331
1B1AD
102
}
 70
     4
280
     1
281
     0
  0
BLOCK_RECORD
  5
1ADAA
330
1
100
AcDbSymbolTableRecord
100
AcDbBlockTableRecord
  2
KO_SPV_30_Skråveksel_SSK
340
0
310
280000002000000020000000010020000000000000100000010000000100000000000000000000006D736DFF6D736DFF6D736DFF6D736DFF6D736DFF6D736DFF6D736DFF6D736DFF6D736DFF6D736DFF6D736DFF6D736DFF6D736DFF6D736DFF6D736DFF6D736DFF6D736DFF6D736DFF6D736DFF6D736DFF6D736DFF6D736D
310
FF6D736DFF6D736DFF6D736DFF6D736DFF6D736DFF6D736DFF6D736DFF6D736DFF6D736DFF6D736DFF6D736DFF6D736DFF6D736DFF6D736DFF6D736DFF6D736DFF6D736DFF6D736DFF6D736DFF6D736DFF6D736DFF6D736DFF6D736DFF6D736DFF6D736DFF6D736DFF6D736DFF6D736DFF6D736DFF6D736DFF6D736DFF6D73
310
6DFF6D736DFF6D736DFF6D736DFF6D736DFF6D736DFF6D736DFF6D736DFF6D736DFF6D736DFF6D736DFF6D736DFF6D736DFF6D736DFF6D736DFF6D736DFF6D736DFF6D736DFF6D736DFF6D736DFF6D736DFF6D736DFF6D736DFF6D736DFF6D736DFF6D736DFF6D736DFF6D736DFF6D736DFF6D736DFF6D736DFF6D736DFF6D
310
736DFF6D736DFF6D736DFF6D736DFF6D736DFF6D736DFF6D736DFF6D736DFF6D736DFF6D736DFF6D736DFF6D736DFF6D736DFF6D736DFF6D736DFF6D736DFF6D736DFF6D736DFF6D736DFF6D736DFF6D736DFF6D736DFF6D736DFF6D736DFF6D736DFF6D736DFF6D736DFF6D736DFF6D736DFF6D736DFF6D736DFF6D736DFF
310
6D736DFF6D736DFF6D736DFF6D736DFF6D736DFF6D736DFF6D736DFF6D736DFF6D736DFF6D736DFF6D736DFF6D736DFF6D736DFF6D736DFF6D736DFF6D736DFF6D736DFF6D736DFF6D736DFF6D736DFF6D736DFF6D736DFF6D736DFF6D736DFF6D736DFF6D736DFF6D736DFF6D736DFF6D736DFF6D736DFF6D736DFF6D736D
310
FF6D736DFF6D736DFF6D736DFF6D736DFF6D736DFF6D736DFF6D736DFF6D736DFF6D736DFF6D736DFF6D736DFF6D736DFF6D736DFF6D736DFF6D736DFF6D736DFF6D736DFF6D736DFF6D736DFF6D736DFF6D736DFF6D736DFF6D736DFF6D736DFF6D736DFF6D736DFF6D736DFF6D736DFF6D736DFF6D736DFF6D736DFF6D73
310
6DFF6D736DFF6D736DFF6D736DFF6D736DFF6D736DFF6D736DFF6D736DFF6D736DFF6D736DFF6D736DFF6D736DFF6D736DFF6D736DFF6D736DFF6D736DFF6D736DFF6D736DFF6D736DFF6D736DFF6D736DFF6D736DFF6D736DFF6D736DFF6D736DFF6D736DFF6D736DFF6D736DFF6D736DFF6D736DFF6D736DFF6D736DFF6D
310
736DFF6D736DFF6D736DFF6D736DFF6D736DFF6D736DFF6D736DFF6D736DFF6D736DFF6D736DFF6D736DFF6D736DFF6D736DFF6D736DFF6D736DFF6D736DFFFFFFFFFF6D736DFF6D736DFF6D736DFF6D736DFF6D736DFF6D736DFF6D736DFF6D736DFF6D736DFF6D736DFF6D736DFF6D736DFF6D736DFF6D736DFF6D736DFF
310
6D736DFF6D736DFF6D736DFF6D736DFF6D736DFF6D736DFF6D736DFF6D736DFF6D736DFF6D736DFF6D736DFF6D736DFF6D736DFF6D736DFF6D736DFFFFFFFFFF6D736DFF6D736DFF6D736DFF6D736DFF6D736DFF6D736DFF6D736DFF6D736DFF6D736DFF6D736DFF6D736DFF6D736DFF6D736DFF6D736DFF6D736DFF6D736D
310
FF6D736DFF6D736DFF6D736DFF6D736DFF6D736DFF6D736DFF6D736DFF6D736DFF6D736DFF6D736DFF6D736DFF6D736DFF6D736DFF6D736DFF6D736DFFFFFFFFFF6D736DFF6D736DFF6D736DFF6D736DFF6D736DFF6D736DFF6D736DFF6D736DFF6D736DFF6D736DFF6D736DFF6D736DFF6D736DFF6D736DFF6D736DFF6D73
310
6DFF6D736DFF6D736DFF6D736DFF6D736DFF6D736DFF6D736DFF6D736DFF6D736DFF6D736DFF6D736DFF6D736DFF6D736DFF6D736DFF6D736DFFFFFFFFFF6D736DFFFFFFFFFFFFFFFFFF6D736DFF6D736DFF6D736DFF6D736DFF6D736DFF6D736DFF6D736DFF6D736DFF6D736DFF6D736DFF6D736DFF6D736DFF6D736DFF6D
310
736DFF6D736DFF6D736DFF6D736DFF6D736DFF6D736DFF6D736DFF6D736DFF6D736DFF6D736DFF6D736DFF6D736DFF6D736DFF6D736DFFFFFFFFFF6D736DFF6D736DFF6D736DFF6D736DFFFFFFFFFFFFFFFFFF6D736DFF6D736DFF6D736DFF6D736DFF6D736DFF6D736DFF6D736DFF6D736DFF6D736DFF6D736DFF6D736DFF
310
6D736DFF6D736DFF6D736DFF6D736DFF6D736DFF6D736DFF6D736DFF6D736DFF6D736DFF6D736DFF6D736DFF6D736DFF6D736DFF6D736DFF6D736DFF6D736DFF6D736DFF6D736DFF6D736DFF6D736DFF6D736DFFFFFFFFFF6D736DFF6D736DFF6D736DFF6D736DFF6D736DFF6D736DFF6D736DFF6D736DFF6D736DFF6D736D
310
FF6D736DFF6D736DFF6D736DFF6D736DFF6D736DFF6D736DFF6D736DFF6D736DFF6D736DFF6D736DFF6D736DFF6D736DFF6D736DFF6D736DFF6D736DFF6D736DFF6D736DFF6D736DFF6D736DFF6D736DFF6D736DFF6D736DFFFFFFFFFFFFFFFFFF6D736DFF6D736DFF6D736DFF6D736DFF6D736DFF6D736DFF6D736DFF6D73
310
6DFF6D736DFF6D736DFF6D736DFF6D736DFF6D736DFF6D736DFF6D736DFF6D736DFF6D736DFF6D736DFF6D736DFF6D736DFF6D736DFF6D736DFF6D736DFF6D736DFF6D736DFF6D736DFF6D736DFF6D736DFF6D736DFF6D736DFF6D736DFF6D736DFFFFFFFFFFFFFFFFFF6D736DFF6D736DFF6D736DFF6D736DFF6D736DFF6D
310
736DFF6D736DFF6D736DFF6D736DFF6D736DFF6D736DFF6D736DFF6D736DFF6D736DFF6D736DFF6D736DFF6D736DFF6D736DFF6D736DFF6D736DFF6D736DFF6D736DFF6D736DFF6D736DFF6D736DFF6D736DFF6D736DFF6D736DFF6D736DFF6D736DFF6D736DFF6D736DFFFFFFFFFFFFFFFFFFFFFFFFFFFFFFFFFFFFFFFFFF
310
FFFFFFFFFFFFFFFFFFFFFFFFFFFFFFFFFFFFFFFFFFFFFFFFFFFFFFFFFFFFFFFFFFFFFFFFFFFFFFFFFFFFFFFFFFFFFFFFFFFFFFFF6D736DFF6D736DFF6D736DFF6D736DFF6D736DFF6D736DFF6D736DFF6D736DFF6D736DFF6D736DFF6D736DFF6D736DFF6D736DFF6D736DFF6D736DFFFFFFFFFFFFFFFFFFFFFFFFFFFFFFFF
310
FFFFFFFFFFFFFFFFFFFFFFFFFFFFFFFFFFFFFFFFFFFFFFFFFFFFFFFFFFFFFFFFFFFFFFFFFFFFFFFFFFFFFFFFFFFFFFFFFFFFFFFFFF6D736DFF6D736DFF6D736DFF6D736DFF6D736DFF6D736DFF6D736DFF6D736DFF6D736DFF6D736DFF6D736DFF6D736DFF6D736DFF6D736DFF6D736DFF6D736DFF6D736DFFFFFFFFFFFFFF
310
FFFFFFFFFFFFFFFFFFFFFFFFFFFFFFFFFFFFFFFFFFFFFFFFFFFFFFFFFFFFFFFFFFFFFFFFFFFFFFFFFFFFFFFFFFFFFFFFFFFFFFFFFFFF6D736DFF6D736DFF6D736DFF6D736DFF6D736DFF6D736DFF6D736DFF6D736DFF6D736DFF6D736DFF6D736DFF6D736DFF6D736DFF6D736DFF6D736DFF6D736DFF6D736DFF6D736DFF6D
310
736DFFFFFFFFFFFFFFFFFFFFFFFFFFFFFFFFFFFFFFFFFFFFFFFFFFFFFFFFFFFFFFFFFFFFFFFFFFFFFFFFFFFFFFFFFFFFFFFFFFFFFFFFFF6D736DFF6D736DFF6D736DFF6D736DFF6D736DFF6D736DFF6D736DFF6D736DFF6D736DFF6D736DFF6D736DFF6D736DFF6D736DFF6D736DFF6D736DFF6D736DFF6D736DFF6D736DFF
310
6D736DFF6D736DFF6D736DFFFFFFFFFFFFFFFFFFFFFFFFFFFFFFFFFFFFFFFFFFFFFFFFFFFFFFFFFFFFFFFFFFFFFFFFFFFFFFFFFFFFFFFFFF6D736DFF6D736DFF6D736DFF6D736DFF6D736DFF6D736DFF6D736DFF6D736DFF6D736DFF6D736DFF6D736DFF6D736DFF6D736DFF6D736DFF6D736DFF6D736DFF6D736DFF6D736D
310
FF6D736DFF6D736DFF6D736DFF6D736DFF6D736DFFFFFFFFFFFFFFFFFFFFFFFFFFFFFFFFFFFFFFFFFFFFFFFFFFFFFFFFFFFFFFFFFFFFFFFFFF6D736DFF6D736DFF6D736DFF6D736DFF6D736DFF6D736DFF6D736DFF6D736DFF6D736DFF6D736DFF6D736DFF6D736DFF6D736DFF6D736DFF6D736DFF6D736DFF6D736DFF6D73
310
6DFF6D736DFF6D736DFF6D736DFF6D736DFF6D736DFF6D736DFF6D736DFFFFFFFFFFFFFFFFFFFFFFFFFFFFFFFFFFFFFFFFFFFFFFFFFFFFFFFFFF6D736DFF6D736DFF6D736DFF6D736DFF6D736DFF6D736DFF6D736DFF6D736DFF6D736DFF6D736DFF6D736DFF6D736DFF6D736DFF6D736DFF6D736DFF6D736DFF6D736DFF6D
310
736DFF6D736DFF6D736DFF6D736DFF6D736DFF6D736DFF6D736DFF6D736DFF6D736DFF6D736DFFFFFFFFFFFFFFFFFFFFFFFFFFFFFFFFFFFFFFFFFF6D736DFF6D736DFF6D736DFF6D736DFF6D736DFF6D736DFF6D736DFF6D736DFF6D736DFF6D736DFF6D736DFF6D736DFF6D736DFF6D736DFF6D736DFF6D736DFF6D736DFF
310
6D736DFF6D736DFF6D736DFF6D736DFF6D736DFF6D736DFF6D736DFF6D736DFF6D736DFF6D736DFF6D736DFF6D736DFFFFFFFFFFFFFFFFFFFFFFFFFF6D736DFF6D736DFF6D736DFF6D736DFF6D736DFF6D736DFF6D736DFF6D736DFF6D736DFF6D736DFF6D736DFF6D736DFF6D736DFF6D736DFF6D736DFF6D736DFF6D736D
310
FF6D736DFF6D736DFF6D736DFF6D736DFF6D736DFF6D736DFF6D736DFF6D736DFF6D736DFF6D736DFF6D736DFF6D736DFF6D736DFF6D736DFFFFFFFFFF6D736DFF6D736DFF6D736DFF6D736DFF6D736DFF6D736DFF6D736DFF6D736DFF6D736DFF6D736DFF6D736DFF6D736DFF6D736DFF6D736DFF6D736DFF6D736DFF6D73
310
6DFF6D736DFF6D736DFF6D736DFF6D736DFF6D736DFF6D736DFF6D736DFF6D736DFF6D736DFF6D736DFF6D736DFF6D736DFF6D736DFF6D736DFF6D736DFF6D736DFF6D736DFF6D736DFF6D736DFF6D736DFF6D736DFF6D736DFF6D736DFF6D736DFF6D736DFF6D736DFF6D736DFF6D736DFF6D736DFF6D736DFF6D736DFF6D
310
736DFF6D736DFF6D736DFF6D736DFF6D736DFF6D736DFF6D736DFF6D736DFF6D736DFF6D736DFF6D736DFF6D736DFF6D736DFF6D736DFF6D736DFF6D736DFF6D736DFF6D736DFF6D736DFF6D736DFF6D736DFF6D736DFF6D736DFF6D736DFF6D736DFF6D736DFF6D736DFF6D736DFF6D736DFF6D736DFF6D736DFF6D736DFF
310
6D736DFF6D736DFF6D736DFF6D736DFF6D736DFF6D736DFF6D736DFF6D736DFF6D736DFF6D736DFF6D736DFF6D736DFF6D736DFF6D736DFF6D736DFF6D736DFF6D736DFF6D736DFF6D736DFF6D736DFF6D736DFF6D736DFF6D736DFF6D736DFF6D736DFF6D736DFF6D736DFF6D736DFF6D736DFF6D736DFF6D736DFF6D736D
310
FF6D736DFF6D736DFF6D736DFF6D736DFF6D736DFF6D736DFF6D736DFF6D736DFF6D736DFF6D736DFF6D736DFF6D736DFF6D736DFF6D736DFF6D736DFF6D736DFF6D736DFF6D736DFF6D736DFF6D736DFF6D736DFF6D736DFF6D736DFF6D736DFF6D736DFF6D736DFF6D736DFF6D736DFF6D736DFF6D736DFF6D736DFF6D73
310
6DFF6D736DFF6D736DFF6D736DFF6D736DFF6D736DFF6D736DFF6D736DFF6D736DFF6D736DFF6D736DFF6D736DFF6D736DFF6D736DFF6D736DFF6D736DFF6D736DFF6D736DFF6D736DFF6D736DFF6D736DFF6D736DFF6D736DFF6D736DFF6D736DFF6D736DFF6D736DFF6D736DFF6D736DFF6D736DFF6D736DFF6D736DFF6D
310
736DFF6D736DFF6D736DFF6D736DFF6D736DFF6D736DFF6D736DFF6D736DFF6D736DFF6D736DFF6D736DFF6D736DFF6D736DFF6D736DFF6D736DFF6D736DFF6D736DFF6D736DFF6D736DFF6D736DFF6D736DFF6D736DFF6D736DFF6D736DFF6D736DFF6D736DFF6D736DFF6D736DFF6D736DFF6D736DFF6D736DFF6D736DFF
310
6D736DFF6D736DFF6D736DFF6D736DFF6D736DFF6D736DFF6D736DFF6D736DFF6D736DFF6D736DFF6D736DFF6D736DFF6D736DFF6D736DFF6D736DFF6D736DFF6D736DFF6D736DFF
102
{BLKREFS
331
1B1AE
102
}
 70
     4
280
     1
281
     0
  0
BLOCK_RECORD
  5
1ADB1
330
1
100
AcDbSymbolTableRecord
100
AcDbBlockTableRecord
  2
KO_SPV_30_Dobbelkryssveksel
340
0
310
280000002000000020000000010020000000000000100000010000000100000000000000000000006D736DFF6D736DFF6D736DFF6D736DFF6D736DFF6D736DFF6D736DFF6D736DFF6D736DFF6D736DFF6D736DFF6D736DFF6D736DFF6D736DFF6D736DFF6D736DFF6D736DFF6D736DFF6D736DFF6D736DFF6D736DFF6D736D
310
FF6D736DFF6D736DFF6D736DFF6D736DFF6D736DFF6D736DFF6D736DFF6D736DFF6D736DFF6D736DFF6D736DFF6D736DFF6D736DFF6D736DFF6D736DFF6D736DFF6D736DFF6D736DFF6D736DFF6D736DFF6D736DFF6D736DFF6D736DFF6D736DFF6D736DFF6D736DFF6D736DFF6D736DFF6D736DFF6D736DFF6D736DFF6D73
310
6DFF6D736DFF6D736DFF6D736DFF6D736DFF6D736DFF6D736DFF6D736DFF6D736DFF6D736DFF6D736DFF6D736DFF6D736DFF6D736DFF6D736DFF6D736DFF6D736DFF6D736DFF6D736DFF6D736DFF6D736DFF6D736DFF6D736DFF6D736DFF6D736DFF6D736DFF6D736DFF6D736DFF6D736DFF6D736DFF6D736DFF6D736DFF6D
310
736DFF6D736DFF6D736DFF6D736DFF6D736DFF6D736DFF6D736DFF6D736DFF6D736DFF6D736DFF6D736DFF6D736DFF6D736DFF6D736DFF6D736DFF6D736DFF6D736DFF6D736DFF6D736DFF6D736DFF6D736DFF6D736DFF6D736DFF6D736DFF6D736DFF6D736DFF6D736DFF6D736DFF6D736DFF6D736DFF6D736DFF6D736DFF
310
6D736DFF6D736DFF6D736DFF6D736DFF6D736DFF6D736DFF6D736DFF6D736DFF6D736DFF6D736DFF6D736DFF6D736DFF6D736DFF6D736DFF6D736DFF6D736DFF6D736DFF6D736DFF6D736DFF6D736DFF6D736DFF6D736DFF6D736DFF6D736DFF6D736DFF6D736DFF6D736DFF6D736DFF6D736DFF6D736DFF6D736DFF6D736D
310
FF6D736DFF6D736DFF6D736DFF6D736DFF6D736DFF6D736DFF6D736DFF6D736DFF6D736DFF6D736DFF6D736DFF6D736DFF6D736DFF6D736DFF6D736DFF6D736DFF6D736DFF6D736DFF6D736DFF6D736DFF6D736DFF6D736DFF6D736DFF6D736DFF6D736DFF6D736DFF6D736DFF6D736DFF6D736DFF6D736DFF6D736DFF6D73
310
6DFF6D736DFF6D736DFF6D736DFF6D736DFF6D736DFF6D736DFF6D736DFF6D736DFF6D736DFF6D736DFF6D736DFF6D736DFF6D736DFF6D736DFF6D736DFF6D736DFF6D736DFF6D736DFF6D736DFF6D736DFF6D736DFF6D736DFF6D736DFF6D736DFF6D736DFF6D736DFF6D736DFF6D736DFF6D736DFF6D736DFF6D736DFF6D
310
736DFF6D736DFF6D736DFF6D736DFF6D736DFF6D736DFF6D736DFF6D736DFF6D736DFF6D736DFF6D736DFF6D736DFF6D736DFF6D736DFF6D736DFF6D736DFF6D736DFF6D736DFF6D736DFF6D736DFF6D736DFF6D736DFF6D736DFF6D736DFF6D736DFF6D736DFF6D736DFF6D736DFF6D736DFF6D736DFF6D736DFF6D736DFF
310
6D736DFF6D736DFF6D736DFF6D736DFF6D736DFF6D736DFF6D736DFF6D736DFF6D736DFF6D736DFF6D736DFF6D736DFF6D736DFF6D736DFF6D736DFFFFFFFFFF6D736DFF6D736DFF6D736DFF6D736DFF6D736DFF6D736DFF6D736DFF6D736DFF6D736DFF6D736DFF6D736DFF6D736DFF6D736DFF6D736DFF6D736DFF6D736D
310
FF6D736DFF6D736DFF6D736DFF6D736DFF6D736DFF6D736DFF6D736DFF6D736DFF6D736DFF6D736DFF6D736DFF6D736DFF6D736DFF6D736DFF6D736DFFFFFFFFFFFFFFFFFFFFFFFFFF6D736DFF6D736DFF6D736DFF6D736DFF6D736DFF6D736DFF6D736DFF6D736DFF6D736DFF6D736DFF6D736DFF6D736DFF6D736DFF6D73
310
6DFF6D736DFF6D736DFF6D736DFF6D736DFF6D736DFF6D736DFF6D736DFF6D736DFF6D736DFF6D736DFF6D736DFF6D736DFF6D736DFF6D736DFF6D736DFFFFFFFFFFFFFFFFFFFFFFFFFFFFFFFFFFFFFFFFFF6D736DFF6D736DFFFFFFFFFFFFFFFFFF6D736DFF6D736DFF6D736DFF6D736DFF6D736DFF6D736DFF6D736DFF6D
310
736DFF6D736DFF6D736DFF6D736DFF6D736DFF6D736DFF6D736DFF6D736DFF6D736DFF6D736DFF6D736DFF6D736DFF6D736DFF6D736DFF6D736DFFFFFFFFFFFFFFFFFFFFFFFFFFFFFFFFFFFFFFFFFFFFFFFFFFFFFFFFFF6D736DFF6D736DFF6D736DFFFFFFFFFFFFFFFFFFFFFFFFFF6D736DFF6D736DFF6D736DFF6D736DFF
310
6D736DFF6D736DFF6D736DFF6D736DFF6D736DFF6D736DFF6D736DFF6D736DFF6D736DFF6D736DFF6D736DFF6D736DFF6D736DFF6D736DFF6D736DFFFFFFFFFFFFFFFFFFFFFFFFFFFFFFFFFFFFFFFFFFFFFFFFFFFFFFFFFFFFFFFFFFFFFFFFFF6D736DFF6D736DFF6D736DFF6D736DFFFFFFFFFFFFFFFFFFFFFFFFFFFFFFFF
310
FF6D736DFF6D736DFF6D736DFF6D736DFF6D736DFF6D736DFF6D736DFF6D736DFF6D736DFF6D736DFF6D736DFF6D736DFF6D736DFF6D736DFF6D736DFFFFFFFFFFFFFFFFFFFFFFFFFFFFFFFFFFFFFFFFFFFFFFFFFFFFFFFFFFFFFFFFFFFFFFFFFFFFFFFFFF6D736DFF6D736DFF6D736DFF6D736DFF6D736DFF6D736DFF6D73
310
6DFFFFFFFFFFFFFFFFFFFFFFFFFF6D736DFF6D736DFF6D736DFF6D736DFF6D736DFF6D736DFF6D736DFF6D736DFF6D736DFF6D736DFF6D736DFF6D736DFFFFFFFFFFFFFFFFFFFFFFFFFFFFFFFFFFFFFFFFFFFFFFFFFFFFFFFFFFFFFFFFFFFFFFFFFFFFFFFFFFFFFFFFFFFFFFFFFF6D736DFF6D736DFF6D736DFF6D736DFF6D
310
736DFF6D736DFF6D736DFF6D736DFFFFFFFFFFFFFFFFFF6D736DFF6D736DFF6D736DFF6D736DFF6D736DFF6D736DFF6D736DFF6D736DFF6D736DFFFFFFFFFFFFFFFFFFFFFFFFFFFFFFFFFFFFFFFFFFFFFFFFFFFFFFFFFFFFFFFFFFFFFFFFFFFFFFFFFFFFFFFFFFFFFFFFFFFFFFFFFFFFFFFFFFFFFFFFFF6D736DFF6D736DFF
310
6D736DFF6D736DFF6D736DFF6D736DFF6D736DFF6D736DFF6D736DFF6D736DFF6D736DFF6D736DFF6D736DFF6D736DFF6D736DFF6D736DFF6D736DFFFFFFFFFFFFFFFFFFFFFFFFFFFFFFFFFFFFFFFFFFFFFFFFFFFFFFFFFFFFFFFFFFFFFFFFFFFFFFFFFFFFFFFFFFFFFFFFFFFFFFFFFFFFFFFFFFFFFFFFFFFFFFFFFFFFFFFF
310
FFFFFFFFFFFFFFFFFFFFFFFFFFFFFFFFFFFFFFFFFFFFFFFFFFFFFFFFFFFFFFFFFFFFFFFFFFFFFFFFFFFFFFFFFFFFFFFFFFFFFFFFFF6D736DFF6D736DFF6D736DFF6D736DFF6D736DFF6D736DFF6D736DFF6D736DFF6D736DFFFFFFFFFFFFFFFFFF6D736DFF6D736DFF6D736DFF6D736DFF6D736DFF6D736DFF6D736DFFFFFF
310
FFFFFFFFFFFFFFFFFFFFFFFFFFFFFFFFFFFFFFFFFFFFFFFFFFFFFFFFFFFFFFFFFFFFFFFFFFFFFFFFFFFFFFFFFFFFFFFFFFFFFFFFFFFF6D736DFF6D736DFF6D736DFF6D736DFF6D736DFF6D736DFF6D736DFF6D736DFF6D736DFF6D736DFF6D736DFFFFFFFFFFFFFFFFFFFFFFFFFF6D736DFF6D736DFF6D736DFF6D736DFF6D
310
736DFF6D736DFFFFFFFFFFFFFFFFFFFFFFFFFFFFFFFFFFFFFFFFFFFFFFFFFFFFFFFFFFFFFFFFFFFFFFFFFFFFFFFFFFFFFFFFFF6D736DFF6D736DFF6D736DFF6D736DFF6D736DFF6D736DFF6D736DFF6D736DFF6D736DFF6D736DFF6D736DFF6D736DFF6D736DFF6D736DFF6D736DFFFFFFFFFFFFFFFFFFFFFFFFFFFFFFFFFF
310
6D736DFF6D736DFF6D736DFF6D736DFFFFFFFFFFFFFFFFFFFFFFFFFFFFFFFFFFFFFFFFFFFFFFFFFFFFFFFFFFFFFFFFFFFFFFFFFF6D736DFF6D736DFF6D736DFF6D736DFF6D736DFF6D736DFF6D736DFF6D736DFF6D736DFF6D736DFF6D736DFF6D736DFF6D736DFF6D736DFF6D736DFF6D736DFF6D736DFF6D736DFF6D736D
310
FFFFFFFFFFFFFFFFFFFFFFFFFF6D736DFF6D736DFFFFFFFFFFFFFFFFFFFFFFFFFFFFFFFFFFFFFFFFFFFFFFFFFFFFFFFFFFFFFFFFFF6D736DFF6D736DFF6D736DFF6D736DFF6D736DFF6D736DFF6D736DFF6D736DFF6D736DFF6D736DFF6D736DFF6D736DFF6D736DFF6D736DFF6D736DFF6D736DFF6D736DFF6D736DFF6D73
310
6DFF6D736DFF6D736DFF6D736DFFFFFFFFFFFFFFFFFF6D736DFF6D736DFFFFFFFFFFFFFFFFFFFFFFFFFFFFFFFFFFFFFFFFFFFFFFFFFF6D736DFF6D736DFF6D736DFF6D736DFF6D736DFF6D736DFF6D736DFF6D736DFF6D736DFF6D736DFF6D736DFF6D736DFF6D736DFF6D736DFF6D736DFF6D736DFF6D736DFF6D736DFF6D
310
736DFF6D736DFF6D736DFF6D736DFF6D736DFF6D736DFF6D736DFF6D736DFF6D736DFF6D736DFFFFFFFFFFFFFFFFFFFFFFFFFF6D736DFF6D736DFF6D736DFF6D736DFF6D736DFF6D736DFF6D736DFF6D736DFF6D736DFF6D736DFF6D736DFF6D736DFF6D736DFF6D736DFF6D736DFF6D736DFF6D736DFF6D736DFF6D736DFF
310
6D736DFF6D736DFF6D736DFF6D736DFF6D736DFF6D736DFF6D736DFF6D736DFF6D736DFF6D736DFF6D736DFF6D736DFFFFFFFFFF6D736DFF6D736DFF6D736DFF6D736DFF6D736DFF6D736DFF6D736DFF6D736DFF6D736DFF6D736DFF6D736DFF6D736DFF6D736DFF6D736DFF6D736DFF6D736DFF6D736DFF6D736DFF6D736D
310
FF6D736DFF6D736DFF6D736DFF6D736DFF6D736DFF6D736DFF6D736DFF6D736DFF6D736DFF6D736DFF6D736DFF6D736DFF6D736DFF6D736DFF6D736DFF6D736DFF6D736DFF6D736DFF6D736DFF6D736DFF6D736DFF6D736DFF6D736DFF6D736DFF6D736DFF6D736DFF6D736DFF6D736DFF6D736DFF6D736DFF6D736DFF6D73
310
6DFF6D736DFF6D736DFF6D736DFF6D736DFF6D736DFF6D736DFF6D736DFF6D736DFF6D736DFF6D736DFF6D736DFF6D736DFF6D736DFF6D736DFF6D736DFF6D736DFF6D736DFF6D736DFF6D736DFF6D736DFF6D736DFF6D736DFF6D736DFF6D736DFF6D736DFF6D736DFF6D736DFF6D736DFF6D736DFF6D736DFF6D736DFF6D
310
736DFF6D736DFF6D736DFF6D736DFF6D736DFF6D736DFF6D736DFF6D736DFF6D736DFF6D736DFF6D736DFF6D736DFF6D736DFF6D736DFF6D736DFF6D736DFF6D736DFF6D736DFF6D736DFF6D736DFF6D736DFF6D736DFF6D736DFF6D736DFF6D736DFF6D736DFF6D736DFF6D736DFF6D736DFF6D736DFF6D736DFF6D736DFF
310
6D736DFF6D736DFF6D736DFF6D736DFF6D736DFF6D736DFF6D736DFF6D736DFF6D736DFF6D736DFF6D736DFF6D736DFF6D736DFF6D736DFF6D736DFF6D736DFF6D736DFF6D736DFF6D736DFF6D736DFF6D736DFF6D736DFF6D736DFF6D736DFF6D736DFF6D736DFF6D736DFF6D736DFF6D736DFF6D736DFF6D736DFF6D736D
310
FF6D736DFF6D736DFF6D736DFF6D736DFF6D736DFF6D736DFF6D736DFF6D736DFF6D736DFF6D736DFF6D736DFF6D736DFF6D736DFF6D736DFF6D736DFF6D736DFF6D736DFF6D736DFF6D736DFF6D736DFF6D736DFF6D736DFF6D736DFF6D736DFF6D736DFF6D736DFF6D736DFF6D736DFF6D736DFF6D736DFF6D736DFF6D73
310
6DFF6D736DFF6D736DFF6D736DFF6D736DFF6D736DFF6D736DFF6D736DFF6D736DFF6D736DFF6D736DFF6D736DFF6D736DFF6D736DFF6D736DFF6D736DFF6D736DFF6D736DFF6D736DFF6D736DFF6D736DFF6D736DFF6D736DFF6D736DFF6D736DFF6D736DFF6D736DFF6D736DFF6D736DFF6D736DFF6D736DFF6D736DFF6D
310
736DFF6D736DFF6D736DFF6D736DFF6D736DFF6D736DFF6D736DFF6D736DFF6D736DFF6D736DFF6D736DFF6D736DFF6D736DFF6D736DFF6D736DFF6D736DFF6D736DFF6D736DFF6D736DFF6D736DFF6D736DFF6D736DFF6D736DFF6D736DFF6D736DFF6D736DFF6D736DFF6D736DFF6D736DFF6D736DFF6D736DFF6D736DFF
310
6D736DFF6D736DFF6D736DFF6D736DFF6D736DFF6D736DFF6D736DFF6D736DFF6D736DFF6D736DFF6D736DFF6D736DFF6D736DFF6D736DFF6D736DFF6D736DFF6D736DFF6D736DFF
102
{BLKREFS
331
1B1AF
102
}
 70
     4
280
     1
281
     0
  0
BLOCK_RECORD
  5
1ADBA
330
1
100
AcDbSymbolTableRecord
100
AcDbBlockTableRecord
  2
KO_SPV_30_Enkelkryssveksel
340
0
310
280000002000000020000000010020000000000000100000010000000100000000000000000000006D736DFF6D736DFF6D736DFF6D736DFF6D736DFF6D736DFF6D736DFF6D736DFF6D736DFF6D736DFF6D736DFF6D736DFF6D736DFF6D736DFF6D736DFF6D736DFF6D736DFF6D736DFF6D736DFF6D736DFF6D736DFF6D736D
310
FF6D736DFF6D736DFF6D736DFF6D736DFF6D736DFF6D736DFF6D736DFF6D736DFF6D736DFF6D736DFF6D736DFF6D736DFF6D736DFF6D736DFF6D736DFF6D736DFF6D736DFF6D736DFF6D736DFF6D736DFF6D736DFF6D736DFF6D736DFF6D736DFF6D736DFF6D736DFF6D736DFF6D736DFF6D736DFF6D736DFF6D736DFF6D73
310
6DFF6D736DFF6D736DFF6D736DFF6D736DFF6D736DFF6D736DFF6D736DFF6D736DFF6D736DFF6D736DFF6D736DFF6D736DFF6D736DFF6D736DFF6D736DFF6D736DFF6D736DFF6D736DFF6D736DFF6D736DFF6D736DFF6D736DFF6D736DFF6D736DFF6D736DFF6D736DFF6D736DFF6D736DFF6D736DFF6D736DFF6D736DFF6D
310
736DFF6D736DFF6D736DFF6D736DFF6D736DFF6D736DFF6D736DFF6D736DFF6D736DFF6D736DFF6D736DFF6D736DFF6D736DFF6D736DFF6D736DFF6D736DFF6D736DFF6D736DFF6D736DFF6D736DFF6D736DFF6D736DFF6D736DFF6D736DFF6D736DFF6D736DFF6D736DFF6D736DFF6D736DFF6D736DFF6D736DFF6D736DFF
310
6D736DFF6D736DFF6D736DFF6D736DFF6D736DFF6D736DFF6D736DFF6D736DFF6D736DFF6D736DFF6D736DFF6D736DFF6D736DFF6D736DFF6D736DFF6D736DFF6D736DFF6D736DFF6D736DFF6D736DFF6D736DFF6D736DFF6D736DFF6D736DFF6D736DFF6D736DFF6D736DFF6D736DFF6D736DFF6D736DFF6D736DFF6D736D
310
FF6D736DFF6D736DFF6D736DFF6D736DFF6D736DFF6D736DFF6D736DFF6D736DFF6D736DFF6D736DFF6D736DFF6D736DFF6D736DFF6D736DFF6D736DFF6D736DFF6D736DFF6D736DFF6D736DFF6D736DFF6D736DFF6D736DFF6D736DFF6D736DFF6D736DFF6D736DFF6D736DFF6D736DFF6D736DFF6D736DFF6D736DFF6D73
310
6DFF6D736DFF6D736DFF6D736DFF6D736DFF6D736DFF6D736DFF6D736DFF6D736DFF6D736DFF6D736DFF6D736DFF6D736DFF6D736DFF6D736DFF6D736DFF6D736DFF6D736DFF6D736DFF6D736DFF6D736DFF6D736DFF6D736DFF6D736DFF6D736DFF6D736DFF6D736DFF6D736DFF6D736DFF6D736DFF6D736DFF6D736DFF6D
310
736DFF6D736DFF6D736DFF6D736DFF6D736DFF6D736DFF6D736DFF6D736DFF6D736DFF6D736DFF6D736DFF6D736DFF6D736DFF6D736DFF6D736DFF6D736DFF6D736DFF6D736DFF6D736DFF6D736DFF6D736DFF6D736DFF6D736DFF6D736DFF6D736DFF6D736DFF6D736DFF6D736DFF6D736DFF6D736DFF6D736DFF6D736DFF
310
6D736DFF6D736DFF6D736DFF6D736DFF6D736DFF6D736DFF6D736DFF6D736DFF6D736DFF6D736DFF6D736DFF6D736DFF6D736DFF6D736DFF6D736DFFFFFFFFFF6D736DFF6D736DFF6D736DFF6D736DFF6D736DFF6D736DFF6D736DFF6D736DFF6D736DFF6D736DFF6D736DFF6D736DFF6D736DFF6D736DFF6D736DFF6D736D
310
FF6D736DFF6D736DFF6D736DFF6D736DFF6D736DFF6D736DFF6D736DFF6D736DFF6D736DFF6D736DFF6D736DFF6D736DFF6D736DFF6D736DFF6D736DFFFFFFFFFFFFFFFFFFFFFFFFFF6D736DFF6D736DFF6D736DFF6D736DFF6D736DFF6D736DFF6D736DFF6D736DFF6D736DFF6D736DFF6D736DFF6D736DFF6D736DFF6D73
310
6DFF6D736DFF6D736DFF6D736DFF6D736DFF6D736DFF6D736DFF6D736DFF6D736DFF6D736DFF6D736DFF6D736DFF6D736DFF6D736DFF6D736DFFFFFFFFFFFFFFFFFFFFFFFFFFFFFFFFFFFFFFFFFFFFFFFFFF6D736DFF6D736DFF6D736DFF6D736DFF6D736DFF6D736DFF6D736DFF6D736DFF6D736DFF6D736DFF6D736DFF6D
310
736DFF6D736DFF6D736DFF6D736DFF6D736DFF6D736DFF6D736DFF6D736DFF6D736DFF6D736DFF6D736DFF6D736DFF6D736DFF6D736DFF6D736DFFFFFFFFFFFFFFFFFFFFFFFFFFFFFFFFFFFFFFFFFFFFFFFFFFFFFFFFFFFFFFFFFF6D736DFF6D736DFF6D736DFF6D736DFF6D736DFF6D736DFF6D736DFF6D736DFF6D736DFF
310
6D736DFF6D736DFF6D736DFF6D736DFF6D736DFF6D736DFF6D736DFF6D736DFF6D736DFF6D736DFF6D736DFF6D736DFF6D736DFF6D736DFF6D736DFFFFFFFFFFFFFFFFFFFFFFFFFFFFFFFFFFFFFFFFFFFFFFFFFFFFFFFFFFFFFFFFFFFFFFFFFFFFFFFFFF6D736DFF6D736DFF6D736DFF6D736DFF6D736DFF6D736DFF6D736D
310
FF6D736DFF6D736DFF6D736DFF6D736DFF6D736DFF6D736DFF6D736DFF6D736DFF6D736DFF6D736DFF6D736DFF6D736DFF6D736DFF6D736DFF6D736DFFFFFFFFFFFFFFFFFFFFFFFFFFFFFFFFFFFFFFFFFFFFFFFFFFFFFFFFFFFFFFFFFFFFFFFFFFFFFFFFFFFFFFFFFFFFFFFFFF6D736DFF6D736DFF6D736DFF6D736DFF6D73
310
6DFF6D736DFF6D736DFF6D736DFF6D736DFF6D736DFF6D736DFF6D736DFF6D736DFF6D736DFF6D736DFF6D736DFF6D736DFF6D736DFF6D736DFFFFFFFFFFFFFFFFFFFFFFFFFFFFFFFFFFFFFFFFFFFFFFFFFFFFFFFFFFFFFFFFFFFFFFFFFFFFFFFFFFFFFFFFFFFFFFFFFFFFFFFFFFFFFFFFFFFFFFFFFF6D736DFF6D736DFF6D
310
736DFF6D736DFF6D736DFF6D736DFF6D736DFF6D736DFF6D736DFF6D736DFF6D736DFF6D736DFF6D736DFF6D736DFF6D736DFF6D736DFF6D736DFFFFFFFFFFFFFFFFFFFFFFFFFFFFFFFFFFFFFFFFFFFFFFFFFFFFFFFFFFFFFFFFFFFFFFFFFFFFFFFFFFFFFFFFFFFFFFFFFFFFFFFFFFFFFFFFFFFFFFFFFFFFFFFFFFFFFFFFFF
310
FFFFFFFFFFFFFFFFFFFFFFFFFFFFFFFFFFFFFFFFFFFFFFFFFFFFFFFFFFFFFFFFFFFFFFFFFFFFFFFFFFFFFFFFFFFFFFFFFFFFFFFF6D736DFF6D736DFF6D736DFF6D736DFF6D736DFF6D736DFF6D736DFF6D736DFF6D736DFF6D736DFF6D736DFF6D736DFF6D736DFF6D736DFF6D736DFF6D736DFF6D736DFF6D736DFFFFFFFF
310
FFFFFFFFFFFFFFFFFFFFFFFFFFFFFFFFFFFFFFFFFFFFFFFFFFFFFFFFFFFFFFFFFFFFFFFFFFFFFFFFFFFFFFFFFFFFFFFFFFFFFFFFFF6D736DFF6D736DFF6D736DFF6D736DFF6D736DFF6D736DFF6D736DFF6D736DFF6D736DFFFFFFFFFFFFFFFFFF6D736DFF6D736DFF6D736DFF6D736DFF6D736DFF6D736DFF6D736DFF6D73
310
6DFF6D736DFFFFFFFFFFFFFFFFFFFFFFFFFFFFFFFFFFFFFFFFFFFFFFFFFFFFFFFFFFFFFFFFFFFFFFFFFFFFFFFFFFFFFFFFFFFFFFFFFF6D736DFF6D736DFF6D736DFF6D736DFF6D736DFF6D736DFF6D736DFF6D736DFF6D736DFF6D736DFF6D736DFFFFFFFFFFFFFFFFFFFFFFFFFF6D736DFF6D736DFF6D736DFF6D736DFF6D
310
736DFF6D736DFF6D736DFFFFFFFFFFFFFFFFFFFFFFFFFFFFFFFFFFFFFFFFFFFFFFFFFFFFFFFFFFFFFFFFFFFFFFFFFFFFFFFFFF6D736DFF6D736DFF6D736DFF6D736DFF6D736DFF6D736DFF6D736DFF6D736DFF6D736DFF6D736DFF6D736DFF6D736DFF6D736DFF6D736DFF6D736DFFFFFFFFFFFFFFFFFFFFFFFFFFFFFFFFFF
310
6D736DFF6D736DFF6D736DFF6D736DFF6D736DFFFFFFFFFFFFFFFFFFFFFFFFFFFFFFFFFFFFFFFFFFFFFFFFFFFFFFFFFFFFFFFFFF6D736DFF6D736DFF6D736DFF6D736DFF6D736DFF6D736DFF6D736DFF6D736DFF6D736DFF6D736DFF6D736DFF6D736DFF6D736DFF6D736DFF6D736DFF6D736DFF6D736DFF6D736DFF6D736D
310
FFFFFFFFFFFFFFFFFFFFFFFFFF6D736DFF6D736DFF6D736DFFFFFFFFFFFFFFFFFFFFFFFFFFFFFFFFFFFFFFFFFFFFFFFFFFFFFFFFFF6D736DFF6D736DFF6D736DFF6D736DFF6D736DFF6D736DFF6D736DFF6D736DFF6D736DFF6D736DFF6D736DFF6D736DFF6D736DFF6D736DFF6D736DFF6D736DFF6D736DFF6D736DFF6D73
310
6DFF6D736DFF6D736DFF6D736DFFFFFFFFFFFFFFFFFF6D736DFF6D736DFF6D736DFFFFFFFFFFFFFFFFFFFFFFFFFFFFFFFFFFFFFFFFFF6D736DFF6D736DFF6D736DFF6D736DFF6D736DFF6D736DFF6D736DFF6D736DFF6D736DFF6D736DFF6D736DFF6D736DFF6D736DFF6D736DFF6D736DFF6D736DFF6D736DFF6D736DFF6D
310
736DFF6D736DFF6D736DFF6D736DFF6D736DFF6D736DFF6D736DFF6D736DFF6D736DFF6D736DFFFFFFFFFFFFFFFFFFFFFFFFFF6D736DFF6D736DFF6D736DFF6D736DFF6D736DFF6D736DFF6D736DFF6D736DFF6D736DFF6D736DFF6D736DFF6D736DFF6D736DFF6D736DFF6D736DFF6D736DFF6D736DFF6D736DFF6D736DFF
310
6D736DFF6D736DFF6D736DFF6D736DFF6D736DFF6D736DFF6D736DFF6D736DFF6D736DFF6D736DFF6D736DFF6D736DFFFFFFFFFF6D736DFF6D736DFF6D736DFF6D736DFF6D736DFF6D736DFF6D736DFF6D736DFF6D736DFF6D736DFF6D736DFF6D736DFF6D736DFF6D736DFF6D736DFF6D736DFF6D736DFF6D736DFF6D736D
310
FF6D736DFF6D736DFF6D736DFF6D736DFF6D736DFF6D736DFF6D736DFF6D736DFF6D736DFF6D736DFF6D736DFF6D736DFF6D736DFF6D736DFF6D736DFF6D736DFF6D736DFF6D736DFF6D736DFF6D736DFF6D736DFF6D736DFF6D736DFF6D736DFF6D736DFF6D736DFF6D736DFF6D736DFF6D736DFF6D736DFF6D736DFF6D73
310
6DFF6D736DFF6D736DFF6D736DFF6D736DFF6D736DFF6D736DFF6D736DFF6D736DFF6D736DFF6D736DFF6D736DFF6D736DFF6D736DFF6D736DFF6D736DFF6D736DFF6D736DFF6D736DFF6D736DFF6D736DFF6D736DFF6D736DFF6D736DFF6D736DFF6D736DFF6D736DFF6D736DFF6D736DFF6D736DFF6D736DFF6D736DFF6D
310
736DFF6D736DFF6D736DFF6D736DFF6D736DFF6D736DFF6D736DFF6D736DFF6D736DFF6D736DFF6D736DFF6D736DFF6D736DFF6D736DFF6D736DFF6D736DFF6D736DFF6D736DFF6D736DFF6D736DFF6D736DFF6D736DFF6D736DFF6D736DFF6D736DFF6D736DFF6D736DFF6D736DFF6D736DFF6D736DFF6D736DFF6D736DFF
310
6D736DFF6D736DFF6D736DFF6D736DFF6D736DFF6D736DFF6D736DFF6D736DFF6D736DFF6D736DFF6D736DFF6D736DFF6D736DFF6D736DFF6D736DFF6D736DFF6D736DFF6D736DFF6D736DFF6D736DFF6D736DFF6D736DFF6D736DFF6D736DFF6D736DFF6D736DFF6D736DFF6D736DFF6D736DFF6D736DFF6D736DFF6D736D
310
FF6D736DFF6D736DFF6D736DFF6D736DFF6D736DFF6D736DFF6D736DFF6D736DFF6D736DFF6D736DFF6D736DFF6D736DFF6D736DFF6D736DFF6D736DFF6D736DFF6D736DFF6D736DFF6D736DFF6D736DFF6D736DFF6D736DFF6D736DFF6D736DFF6D736DFF6D736DFF6D736DFF6D736DFF6D736DFF6D736DFF6D736DFF6D73
310
6DFF6D736DFF6D736DFF6D736DFF6D736DFF6D736DFF6D736DFF6D736DFF6D736DFF6D736DFF6D736DFF6D736DFF6D736DFF6D736DFF6D736DFF6D736DFF6D736DFF6D736DFF6D736DFF6D736DFF6D736DFF6D736DFF6D736DFF6D736DFF6D736DFF6D736DFF6D736DFF6D736DFF6D736DFF6D736DFF6D736DFF6D736DFF6D
310
736DFF6D736DFF6D736DFF6D736DFF6D736DFF6D736DFF6D736DFF6D736DFF6D736DFF6D736DFF6D736DFF6D736DFF6D736DFF6D736DFF6D736DFF6D736DFF6D736DFF6D736DFF6D736DFF6D736DFF6D736DFF6D736DFF6D736DFF6D736DFF6D736DFF6D736DFF6D736DFF6D736DFF6D736DFF6D736DFF6D736DFF6D736DFF
310
6D736DFF6D736DFF6D736DFF6D736DFF6D736DFF6D736DFF6D736DFF6D736DFF6D736DFF6D736DFF6D736DFF6D736DFF6D736DFF6D736DFF6D736DFF6D736DFF6D736DFF6D736DFF
102
{BLKREFS
331
1B1B0
102
}
 70
     4
280
     1
281
     0
  0
BLOCK_RECORD
  5
1ADC2
330
1
100
AcDbSymbolTableRecord
100
AcDbBlockTableRecord
  2
KO_SPV_30_Dobbelkryssveksel_0
340
0
310
280000002000000020000000010020000000000000100000010000000100000000000000000000006D736DFF6D736DFF6D736DFF6D736DFF6D736DFF6D736DFF6D736DFF6D736DFF6D736DFF6D736DFF6D736DFF6D736DFF6D736DFF6D736DFF6D736DFF6D736DFF6D736DFF6D736DFF6D736DFF6D736DFF6D736DFF6D736D
310
FF6D736DFF6D736DFF6D736DFF6D736DFF6D736DFF6D736DFF6D736DFF6D736DFF6D736DFF6D736DFF6D736DFF6D736DFF6D736DFF6D736DFF6D736DFF6D736DFF6D736DFF6D736DFF6D736DFF6D736DFF6D736DFF6D736DFF6D736DFF6D736DFF6D736DFF6D736DFF6D736DFF6D736DFF6D736DFF6D736DFF6D736DFF6D73
310
6DFF6D736DFF6D736DFF6D736DFF6D736DFF6D736DFF6D736DFF6D736DFF6D736DFF6D736DFF6D736DFF6D736DFF6D736DFF6D736DFF6D736DFF6D736DFF6D736DFF6D736DFF6D736DFF6D736DFF6D736DFF6D736DFF6D736DFF6D736DFF6D736DFF6D736DFF6D736DFF6D736DFF6D736DFF6D736DFF6D736DFF6D736DFF6D
310
736DFF6D736DFF6D736DFF6D736DFF6D736DFF6D736DFF6D736DFF6D736DFF6D736DFF6D736DFF6D736DFF6D736DFF6D736DFF6D736DFF6D736DFF6D736DFF6D736DFF6D736DFF6D736DFF6D736DFF6D736DFF6D736DFF6D736DFF6D736DFF6D736DFF6D736DFF6D736DFF6D736DFF6D736DFF6D736DFF6D736DFF6D736DFF
310
6D736DFF6D736DFF6D736DFF6D736DFF6D736DFF6D736DFF6D736DFF6D736DFF6D736DFF6D736DFF6D736DFF6D736DFF6D736DFF6D736DFF6D736DFF6D736DFF6D736DFF6D736DFF6D736DFF6D736DFF6D736DFF6D736DFF6D736DFF6D736DFF6D736DFF6D736DFF6D736DFF6D736DFF6D736DFF6D736DFF6D736DFF6D736D
310
FF6D736DFF6D736DFF6D736DFF6D736DFF6D736DFF6D736DFF6D736DFF6D736DFF6D736DFF6D736DFF6D736DFF6D736DFF6D736DFF6D736DFF6D736DFF6D736DFFFFFFFFFFFFFFFFFF6D736DFF6D736DFF6D736DFF6D736DFF6D736DFF6D736DFF6D736DFF6D736DFF6D736DFF6D736DFF6D736DFF6D736DFF6D736DFF6D73
310
6DFF6D736DFF6D736DFF6D736DFF6D736DFF6D736DFF6D736DFF6D736DFF6D736DFF6D736DFF6D736DFF6D736DFF6D736DFF6D736DFF6D736DFF6D736DFF6D736DFF6D736DFF6D736DFFFFFFFFFFFFFFFFFFFFFFFFFFFFFFFFFF6D736DFF6D736DFF6D736DFF6D736DFF6D736DFF6D736DFF6D736DFF6D736DFF6D736DFF6D
310
736DFF6D736DFF6D736DFF6D736DFF6D736DFF6D736DFF6D736DFF6D736DFF6D736DFF6D736DFF6D736DFF6D736DFF6D736DFF6D736DFF6D736DFF6D736DFF6D736DFF6D736DFF6D736DFF6D736DFF6D736DFF6D736DFF6D736DFFFFFFFFFFFFFFFFFFFFFFFFFF6D736DFF6D736DFF6D736DFF6D736DFF6D736DFF6D736DFF
310
6D736DFF6D736DFF6D736DFF6D736DFF6D736DFF6D736DFF6D736DFF6D736DFF6D736DFF6D736DFF6D736DFF6D736DFF6D736DFF6D736DFF6D736DFF6D736DFF6D736DFF6D736DFF6D736DFF6D736DFF6D736DFF6D736DFF6D736DFF6D736DFF6D736DFF6D736DFFFFFFFFFFFFFFFFFFFFFFFFFFFFFFFFFF6D736DFF6D736D
310
FF6D736DFF6D736DFF6D736DFF6D736DFF6D736DFF6D736DFF6D736DFF6D736DFF6D736DFF6D736DFF6D736DFF6D736DFF6D736DFF6D736DFF6D736DFF6D736DFF6D736DFF6D736DFF6D736DFF6D736DFF6D736DFF6D736DFF6D736DFF6D736DFF6D736DFF6D736DFF6D736DFF6D736DFF6D736DFF6D736DFFFFFFFFFFFFFF
310
FFFFFFFFFFFFFFFFFFFF6D736DFF6D736DFF6D736DFF6D736DFF6D736DFF6D736DFF6D736DFF6D736DFF6D736DFF6D736DFF6D736DFF6D736DFF6D736DFF6D736DFF6D736DFF6D736DFF6D736DFF6D736DFF6D736DFF6D736DFF6D736DFF6D736DFF6D736DFF6D736DFF6D736DFF6D736DFF6D736DFF6D736DFF6D736DFF6D
310
736DFF6D736DFF6D736DFFFFFFFFFFFFFFFFFFFFFFFFFF6D736DFF6D736DFF6D736DFF6D736DFF6D736DFF6D736DFF6D736DFF6D736DFF6D736DFF6D736DFF6D736DFF6D736DFF6D736DFF6D736DFF6D736DFF6D736DFF6D736DFF6D736DFF6D736DFF6D736DFF6D736DFF6D736DFF6D736DFF6D736DFF6D736DFF6D736DFF
310
6D736DFF6D736DFF6D736DFF6D736DFF6D736DFF6D736DFFFFFFFFFFFFFFFFFFFFFFFFFFFFFFFFFF6D736DFF6D736DFF6D736DFF6D736DFF6D736DFF6D736DFF6D736DFF6D736DFF6D736DFF6D736DFF6D736DFF6D736DFF6D736DFF6D736DFF6D736DFF6D736DFF6D736DFF6D736DFF6D736DFF6D736DFF6D736DFF6D736D
310
FF6D736DFF6D736DFF6D736DFF6D736DFF6D736DFF6D736DFF6D736DFF6D736DFF6D736DFF6D736DFFFFFFFFFFFFFFFFFF6D736DFF6D736DFF6D736DFF6D736DFF6D736DFF6D736DFF6D736DFF6D736DFF6D736DFF6D736DFF6D736DFF6D736DFF6D736DFF6D736DFF6D736DFF6D736DFF6D736DFF6D736DFF6D736DFF6D73
310
6DFF6D736DFF6D736DFF6D736DFF6D736DFF6D736DFF6D736DFF6D736DFF6D736DFF6D736DFF6D736DFF6D736DFF6D736DFF6D736DFF6D736DFF6D736DFF6D736DFF6D736DFF6D736DFF6D736DFF6D736DFF6D736DFF6D736DFF6D736DFF6D736DFF6D736DFF6D736DFF6D736DFF6D736DFF6D736DFF6D736DFF6D736DFF6D
310
736DFF6D736DFF6D736DFF6D736DFF6D736DFF6D736DFF6D736DFF6D736DFF6D736DFF6D736DFF6D736DFF6D736DFF6D736DFF6D736DFF6D736DFF6D736DFF6D736DFF6D736DFF6D736DFF6D736DFF6D736DFF6D736DFF6D736DFF6D736DFF6D736DFF6D736DFF6D736DFF6D736DFF6D736DFF6D736DFF6D736DFF6D736DFF
310
6D736DFF6D736DFF6D736DFF6D736DFF6D736DFF6D736DFF6D736DFF6D736DFF6D736DFF6D736DFF6D736DFF6D736DFF6D736DFF6D736DFF6D736DFF6D736DFF6D736DFF6D736DFF6D736DFF6D736DFF6D736DFF6D736DFF6D736DFF6D736DFF6D736DFF6D736DFF6D736DFF6D736DFF6D736DFF6D736DFF6D736DFF6D736D
310
FF6D736DFF6D736DFF6D736DFF6D736DFF6D736DFF6D736DFF6D736DFF6D736DFF6D736DFF6D736DFF6D736DFF6D736DFF6D736DFF6D736DFF6D736DFF6D736DFF6D736DFF6D736DFF6D736DFF6D736DFF6D736DFF6D736DFF6D736DFF6D736DFF6D736DFF6D736DFF6D736DFF6D736DFF6D736DFF6D736DFF6D736DFF6D73
310
6DFF6D736DFF6D736DFF6D736DFF6D736DFF6D736DFF6D736DFF6D736DFF6D736DFF6D736DFF6D736DFF6D736DFF6D736DFF6D736DFF6D736DFF6D736DFF6D736DFF6D736DFF6D736DFF6D736DFF6D736DFF6D736DFF6D736DFF6D736DFF6D736DFF6D736DFF6D736DFF6D736DFF6D736DFF6D736DFF6D736DFF6D736DFF6D
310
736DFF6D736DFF6D736DFF6D736DFF6D736DFF6D736DFF6D736DFF6D736DFF6D736DFF6D736DFF6D736DFF6D736DFF6D736DFF6D736DFF6D736DFF6D736DFFFFFFFFFFFFFFFFFF6D736DFF6D736DFF6D736DFF6D736DFF6D736DFF6D736DFF6D736DFF6D736DFF6D736DFF6D736DFF6D736DFF6D736DFF6D736DFF6D736DFF
310
6D736DFF6D736DFF6D736DFF6D736DFF6D736DFF6D736DFF6D736DFF6D736DFF6D736DFF6D736DFF6D736DFF6D736DFF6D736DFF6D736DFF6D736DFF6D736DFF6D736DFF6D736DFFFFFFFFFFFFFFFFFFFFFFFFFFFFFFFFFF6D736DFF6D736DFF6D736DFF6D736DFF6D736DFF6D736DFF6D736DFF6D736DFF6D736DFF6D736D
310
FF6D736DFF6D736DFF6D736DFF6D736DFF6D736DFF6D736DFF6D736DFF6D736DFF6D736DFF6D736DFF6D736DFF6D736DFF6D736DFF6D736DFF6D736DFF6D736DFF6D736DFF6D736DFF6D736DFF6D736DFF6D736DFF6D736DFFFFFFFFFFFFFFFFFFFFFFFFFF6D736DFF6D736DFF6D736DFF6D736DFF6D736DFF6D736DFF6D73
310
6DFF6D736DFF6D736DFF6D736DFF6D736DFF6D736DFF6D736DFF6D736DFF6D736DFF6D736DFF6D736DFF6D736DFF6D736DFF6D736DFF6D736DFF6D736DFF6D736DFF6D736DFF6D736DFF6D736DFF6D736DFF6D736DFF6D736DFF6D736DFF6D736DFF6D736DFFFFFFFFFFFFFFFFFFFFFFFFFFFFFFFFFF6D736DFF6D736DFF6D
310
736DFF6D736DFF6D736DFF6D736DFF6D736DFF6D736DFF6D736DFF6D736DFF6D736DFF6D736DFF6D736DFF6D736DFF6D736DFF6D736DFF6D736DFF6D736DFF6D736DFF6D736DFF6D736DFF6D736DFF6D736DFF6D736DFF6D736DFF6D736DFF6D736DFF6D736DFF6D736DFF6D736DFF6D736DFF6D736DFFFFFFFFFFFFFFFFFF
310
FFFFFFFFFFFFFFFF6D736DFF6D736DFF6D736DFF6D736DFF6D736DFF6D736DFF6D736DFF6D736DFF6D736DFF6D736DFF6D736DFF6D736DFF6D736DFF6D736DFF6D736DFF6D736DFF6D736DFF6D736DFF6D736DFF6D736DFF6D736DFF6D736DFF6D736DFF6D736DFF6D736DFF6D736DFF6D736DFF6D736DFF6D736DFF6D736D
310
FF6D736DFF6D736DFFFFFFFFFFFFFFFFFFFFFFFFFF6D736DFF6D736DFF6D736DFF6D736DFF6D736DFF6D736DFF6D736DFF6D736DFF6D736DFF6D736DFF6D736DFF6D736DFF6D736DFF6D736DFF6D736DFF6D736DFF6D736DFF6D736DFF6D736DFF6D736DFF6D736DFF6D736DFF6D736DFF6D736DFF6D736DFF6D736DFF6D73
310
6DFF6D736DFF6D736DFF6D736DFF6D736DFF6D736DFFFFFFFFFFFFFFFFFFFFFFFFFFFFFFFFFF6D736DFF6D736DFF6D736DFF6D736DFF6D736DFF6D736DFF6D736DFF6D736DFF6D736DFF6D736DFF6D736DFF6D736DFF6D736DFF6D736DFF6D736DFF6D736DFF6D736DFF6D736DFF6D736DFF6D736DFF6D736DFF6D736DFF6D
310
736DFF6D736DFF6D736DFF6D736DFF6D736DFF6D736DFF6D736DFF6D736DFF6D736DFF6D736DFFFFFFFFFFFFFFFFFF6D736DFF6D736DFF6D736DFF6D736DFF6D736DFF6D736DFF6D736DFF6D736DFF6D736DFF6D736DFF6D736DFF6D736DFF6D736DFF6D736DFF6D736DFF6D736DFF6D736DFF6D736DFF6D736DFF6D736DFF
310
6D736DFF6D736DFF6D736DFF6D736DFF6D736DFF6D736DFF6D736DFF6D736DFF6D736DFF6D736DFF6D736DFF6D736DFF6D736DFF6D736DFF6D736DFF6D736DFF6D736DFF6D736DFF6D736DFF6D736DFF6D736DFF6D736DFF6D736DFF6D736DFF6D736DFF6D736DFF6D736DFF6D736DFF6D736DFF6D736DFF6D736DFF6D736D
310
FF6D736DFF6D736DFF6D736DFF6D736DFF6D736DFF6D736DFF6D736DFF6D736DFF6D736DFF6D736DFF6D736DFF6D736DFF6D736DFF6D736DFF6D736DFF6D736DFF6D736DFF6D736DFF6D736DFF6D736DFF6D736DFF6D736DFF6D736DFF6D736DFF6D736DFF6D736DFF6D736DFF6D736DFF6D736DFF6D736DFF6D736DFF6D73
310
6DFF6D736DFF6D736DFF6D736DFF6D736DFF6D736DFF6D736DFF6D736DFF6D736DFF6D736DFF6D736DFF6D736DFF6D736DFF6D736DFF6D736DFF6D736DFF6D736DFF6D736DFF6D736DFF6D736DFF6D736DFF6D736DFF6D736DFF6D736DFF6D736DFF6D736DFF6D736DFF6D736DFF6D736DFF6D736DFF6D736DFF6D736DFF6D
310
736DFF6D736DFF6D736DFF6D736DFF6D736DFF6D736DFF6D736DFF6D736DFF6D736DFF6D736DFF6D736DFF6D736DFF6D736DFF6D736DFF6D736DFF6D736DFF6D736DFF6D736DFF6D736DFF6D736DFF6D736DFF6D736DFF6D736DFF6D736DFF6D736DFF6D736DFF6D736DFF6D736DFF6D736DFF6D736DFF6D736DFF6D736DFF
310
6D736DFF6D736DFF6D736DFF6D736DFF6D736DFF6D736DFF6D736DFF6D736DFF6D736DFF6D736DFF6D736DFF6D736DFF6D736DFF6D736DFF6D736DFF6D736DFF6D736DFF6D736DFF
102
{BLKREFS
331
1B1B1
102
}
 70
     4
280
     1
281
     0
  0
BLOCK_RECORD
  5
1ADC7
330
1
100
AcDbSymbolTableRecord
100
AcDbBlockTableRecord
  2
KO_SPV_30_Enkelkryssveksel_0
340
0
310
280000002000000020000000010020000000000000100000010000000100000000000000000000006D736DFF6D736DFF6D736DFF6D736DFF6D736DFF6D736DFF6D736DFF6D736DFF6D736DFF6D736DFF6D736DFF6D736DFF6D736DFF6D736DFF6D736DFF6D736DFF6D736DFF6D736DFF6D736DFF6D736DFF6D736DFF6D736D
310
FF6D736DFF6D736DFF6D736DFF6D736DFF6D736DFF6D736DFF6D736DFF6D736DFF6D736DFF6D736DFF6D736DFF6D736DFF6D736DFF6D736DFF6D736DFF6D736DFF6D736DFF6D736DFF6D736DFF6D736DFF6D736DFF6D736DFF6D736DFF6D736DFF6D736DFF6D736DFF6D736DFF6D736DFF6D736DFF6D736DFF6D736DFF6D73
310
6DFF6D736DFF6D736DFF6D736DFF6D736DFF6D736DFF6D736DFF6D736DFF6D736DFF6D736DFF6D736DFF6D736DFF6D736DFF6D736DFF6D736DFF6D736DFF6D736DFF6D736DFF6D736DFF6D736DFF6D736DFF6D736DFF6D736DFF6D736DFF6D736DFF6D736DFF6D736DFF6D736DFF6D736DFF6D736DFF6D736DFF6D736DFF6D
310
736DFF6D736DFF6D736DFF6D736DFF6D736DFF6D736DFF6D736DFF6D736DFF6D736DFF6D736DFF6D736DFF6D736DFF6D736DFF6D736DFF6D736DFF6D736DFF6D736DFF6D736DFF6D736DFF6D736DFF6D736DFF6D736DFF6D736DFF6D736DFF6D736DFF6D736DFF6D736DFF6D736DFF6D736DFF6D736DFF6D736DFF6D736DFF
310
6D736DFF6D736DFF6D736DFF6D736DFF6D736DFF6D736DFF6D736DFF6D736DFF6D736DFF6D736DFF6D736DFF6D736DFF6D736DFF6D736DFF6D736DFF6D736DFF6D736DFF6D736DFF6D736DFF6D736DFF6D736DFF6D736DFF6D736DFF6D736DFF6D736DFF6D736DFF6D736DFF6D736DFF6D736DFF6D736DFF6D736DFF6D736D
310
FF6D736DFF6D736DFF6D736DFF6D736DFF6D736DFF6D736DFF6D736DFF6D736DFF6D736DFF6D736DFF6D736DFF6D736DFF6D736DFF6D736DFF6D736DFF6D736DFF6D736DFF6D736DFF6D736DFF6D736DFF6D736DFF6D736DFF6D736DFF6D736DFF6D736DFF6D736DFF6D736DFF6D736DFF6D736DFF6D736DFF6D736DFF6D73
310
6DFF6D736DFF6D736DFF6D736DFF6D736DFF6D736DFF6D736DFF6D736DFF6D736DFF6D736DFF6D736DFF6D736DFF6D736DFF6D736DFF6D736DFF6D736DFF6D736DFF6D736DFF6D736DFF6D736DFF6D736DFF6D736DFF6D736DFF6D736DFF6D736DFF6D736DFF6D736DFF6D736DFF6D736DFF6D736DFF6D736DFF6D736DFF6D
310
736DFF6D736DFF6D736DFF6D736DFF6D736DFF6D736DFF6D736DFF6D736DFF6D736DFF6D736DFF6D736DFF6D736DFF6D736DFF6D736DFF6D736DFF6D736DFF6D736DFF6D736DFF6D736DFF6D736DFF6D736DFF6D736DFF6D736DFF6D736DFF6D736DFF6D736DFF6D736DFF6D736DFF6D736DFF6D736DFF6D736DFF6D736DFF
310
6D736DFF6D736DFF6D736DFF6D736DFF6D736DFF6D736DFF6D736DFF6D736DFF6D736DFF6D736DFF6D736DFF6D736DFF6D736DFF6D736DFF6D736DFF6D736DFF6D736DFF6D736DFF6D736DFF6D736DFF6D736DFF6D736DFF6D736DFF6D736DFF6D736DFF6D736DFF6D736DFF6D736DFF6D736DFF6D736DFF6D736DFF6D736D
310
FF6D736DFF6D736DFF6D736DFF6D736DFF6D736DFF6D736DFF6D736DFF6D736DFF6D736DFF6D736DFF6D736DFF6D736DFF6D736DFF6D736DFF6D736DFF6D736DFF6D736DFF6D736DFF6D736DFF6D736DFF6D736DFF6D736DFF6D736DFF6D736DFF6D736DFF6D736DFF6D736DFF6D736DFF6D736DFF6D736DFF6D736DFF6D73
310
6DFF6D736DFF6D736DFF6D736DFF6D736DFF6D736DFF6D736DFF6D736DFF6D736DFF6D736DFF6D736DFF6D736DFF6D736DFF6D736DFF6D736DFF6D736DFF6D736DFF6D736DFF6D736DFF6D736DFF6D736DFF6D736DFF6D736DFF6D736DFF6D736DFF6D736DFF6D736DFF6D736DFF6D736DFF6D736DFF6D736DFF6D736DFF6D
310
736DFF6D736DFF6D736DFF6D736DFF6D736DFF6D736DFF6D736DFF6D736DFF6D736DFF6D736DFF6D736DFF6D736DFF6D736DFF6D736DFF6D736DFF6D736DFF6D736DFF6D736DFF6D736DFF6D736DFF6D736DFF6D736DFF6D736DFF6D736DFF6D736DFF6D736DFF6D736DFF6D736DFF6D736DFF6D736DFF6D736DFF6D736DFF
310
6D736DFF6D736DFF6D736DFF6D736DFF6D736DFF6D736DFF6D736DFF6D736DFF6D736DFF6D736DFF6D736DFF6D736DFF6D736DFF6D736DFFFFFFFFFFFFFFFFFFFFFFFFFF6D736DFF6D736DFF6D736DFF6D736DFF6D736DFF6D736DFF6D736DFF6D736DFF6D736DFF6D736DFF6D736DFF6D736DFF6D736DFF6D736DFF6D736D
310
FF6D736DFF6D736DFF6D736DFF6D736DFF6D736DFF6D736DFF6D736DFF6D736DFF6D736DFF6D736DFF6D736DFF6D736DFF6D736DFF6D736DFF6D736DFF6D736DFF6D736DFFFFFFFFFFFFFFFFFFFFFFFFFFFFFFFFFF6D736DFF6D736DFF6D736DFF6D736DFF6D736DFF6D736DFF6D736DFF6D736DFF6D736DFF6D736DFF6D73
310
6DFF6D736DFF6D736DFF6D736DFF6D736DFF6D736DFF6D736DFF6D736DFF6D736DFF6D736DFF6D736DFF6D736DFF6D736DFF6D736DFF6D736DFF6D736DFF6D736DFF6D736DFF6D736DFF6D736DFF6D736DFF6D736DFFFFFFFFFFFFFFFFFFFFFFFFFFFFFFFFFF6D736DFF6D736DFF6D736DFF6D736DFF6D736DFF6D736DFF6D
310
736DFF6D736DFF6D736DFF6D736DFF6D736DFF6D736DFF6D736DFF6D736DFF6D736DFF6D736DFF6D736DFF6D736DFF6D736DFF6D736DFF6D736DFF6D736DFF6D736DFF6D736DFF6D736DFF6D736DFF6D736DFF6D736DFF6D736DFF6D736DFF6D736DFF6D736DFFFFFFFFFFFFFFFFFFFFFFFFFFFFFFFFFF6D736DFF6D736DFF
310
6D736DFF6D736DFF6D736DFF6D736DFF6D736DFF6D736DFF6D736DFF6D736DFF6D736DFF6D736DFF6D736DFF6D736DFF6D736DFF6D736DFF6D736DFF6D736DFF6D736DFF6D736DFF6D736DFF6D736DFF6D736DFF6D736DFF6D736DFF6D736DFF6D736DFF6D736DFF6D736DFF6D736DFF6D736DFF6D736DFFFFFFFFFFFFFFFF
310
FFFFFFFFFFFFFFFFFF6D736DFF6D736DFF6D736DFF6D736DFF6D736DFF6D736DFF6D736DFF6D736DFF6D736DFF6D736DFF6D736DFF6D736DFF6D736DFF6D736DFF6D736DFF6D736DFF6D736DFF6D736DFF6D736DFF6D736DFF6D736DFF6D736DFF6D736DFF6D736DFF6D736DFF6D736DFF6D736DFF6D736DFF6D736DFF6D73
310
6DFF6D736DFF6D736DFFFFFFFFFFFFFFFFFFFFFFFFFFFFFFFFFF6D736DFF6D736DFF6D736DFF6D736DFF6D736DFF6D736DFF6D736DFF6D736DFF6D736DFF6D736DFF6D736DFF6D736DFF6D736DFF6D736DFF6D736DFF6D736DFF6D736DFF6D736DFF6D736DFF6D736DFF6D736DFF6D736DFF6D736DFF6D736DFF6D736DFF6D
310
736DFF6D736DFF6D736DFF6D736DFF6D736DFF6D736DFF6D736DFFFFFFFFFFFFFFFFFFFFFFFFFFFFFFFFFF6D736DFF6D736DFF6D736DFF6D736DFF6D736DFF6D736DFF6D736DFF6D736DFF6D736DFF6D736DFF6D736DFF6D736DFF6D736DFF6D736DFF6D736DFF6D736DFF6D736DFF6D736DFF6D736DFF6D736DFF6D736DFF
310
6D736DFF6D736DFF6D736DFF6D736DFF6D736DFF6D736DFF6D736DFF6D736DFF6D736DFF6D736DFF6D736DFFFFFFFFFFFFFFFFFFFFFFFFFF6D736DFF6D736DFF6D736DFF6D736DFF6D736DFF6D736DFF6D736DFF6D736DFF6D736DFF6D736DFF6D736DFF6D736DFF6D736DFF6D736DFF6D736DFF6D736DFF6D736DFF6D736D
310
FF6D736DFF6D736DFF6D736DFF6D736DFF6D736DFF6D736DFF6D736DFF6D736DFF6D736DFF6D736DFF6D736DFF6D736DFF6D736DFF6D736DFF6D736DFF6D736DFF6D736DFF6D736DFF6D736DFF6D736DFF6D736DFF6D736DFF6D736DFF6D736DFF6D736DFF6D736DFF6D736DFF6D736DFF6D736DFF6D736DFF6D736DFF6D73
310
6DFF6D736DFF6D736DFF6D736DFF6D736DFF6D736DFF6D736DFF6D736DFF6D736DFF6D736DFF6D736DFF6D736DFF6D736DFF6D736DFF6D736DFF6D736DFF6D736DFF6D736DFF6D736DFF6D736DFF6D736DFF6D736DFF6D736DFF6D736DFF6D736DFF6D736DFF6D736DFF6D736DFF6D736DFF6D736DFF6D736DFF6D736DFF6D
310
736DFF6D736DFF6D736DFF6D736DFF6D736DFF6D736DFF6D736DFF6D736DFF6D736DFF6D736DFF6D736DFF6D736DFF6D736DFF6D736DFF6D736DFF6D736DFF6D736DFF6D736DFF6D736DFF6D736DFF6D736DFF6D736DFF6D736DFF6D736DFF6D736DFF6D736DFF6D736DFF6D736DFF6D736DFF6D736DFF6D736DFF6D736DFF
310
6D736DFF6D736DFF6D736DFF6D736DFF6D736DFF6D736DFF6D736DFF6D736DFF6D736DFF6D736DFF6D736DFF6D736DFF6D736DFF6D736DFF6D736DFF6D736DFF6D736DFF6D736DFF6D736DFF6D736DFF6D736DFF6D736DFF6D736DFF6D736DFF6D736DFF6D736DFF6D736DFF6D736DFF6D736DFF6D736DFF6D736DFF6D736D
310
FF6D736DFF6D736DFF6D736DFF6D736DFF6D736DFF6D736DFF6D736DFF6D736DFF6D736DFF6D736DFF6D736DFF6D736DFF6D736DFF6D736DFF6D736DFF6D736DFF6D736DFF6D736DFF6D736DFF6D736DFF6D736DFF6D736DFF6D736DFF6D736DFF6D736DFF6D736DFF6D736DFF6D736DFF6D736DFF6D736DFF6D736DFF6D73
310
6DFF6D736DFF6D736DFF6D736DFF6D736DFF6D736DFF6D736DFF6D736DFF6D736DFF6D736DFF6D736DFF6D736DFF6D736DFF6D736DFF6D736DFF6D736DFF6D736DFF6D736DFF6D736DFF6D736DFF6D736DFF6D736DFF6D736DFF6D736DFF6D736DFF6D736DFF6D736DFF6D736DFF6D736DFF6D736DFF6D736DFF6D736DFF6D
310
736DFF6D736DFF6D736DFF6D736DFF6D736DFF6D736DFF6D736DFF6D736DFF6D736DFF6D736DFF6D736DFF6D736DFF6D736DFF6D736DFF6D736DFF6D736DFF6D736DFF6D736DFF6D736DFF6D736DFF6D736DFF6D736DFF6D736DFF6D736DFF6D736DFF6D736DFF6D736DFF6D736DFF6D736DFF6D736DFF6D736DFF6D736DFF
310
6D736DFF6D736DFF6D736DFF6D736DFF6D736DFF6D736DFF6D736DFF6D736DFF6D736DFF6D736DFF6D736DFF6D736DFF6D736DFF6D736DFF6D736DFF6D736DFF6D736DFF6D736DFF6D736DFF6D736DFF6D736DFF6D736DFF6D736DFF6D736DFF6D736DFF6D736DFF6D736DFF6D736DFF6D736DFF6D736DFF6D736DFF6D736D
310
FF6D736DFF6D736DFF6D736DFF6D736DFF6D736DFF6D736DFF6D736DFF6D736DFF6D736DFF6D736DFF6D736DFF6D736DFF6D736DFF6D736DFF6D736DFF6D736DFF6D736DFF6D736DFF6D736DFF6D736DFF6D736DFF6D736DFF6D736DFF6D736DFF6D736DFF6D736DFF6D736DFF6D736DFF6D736DFF6D736DFF6D736DFF6D73
310
6DFF6D736DFF6D736DFF6D736DFF6D736DFF6D736DFF6D736DFF6D736DFF6D736DFF6D736DFF6D736DFF6D736DFF6D736DFF6D736DFF6D736DFF6D736DFF6D736DFF6D736DFF6D736DFF6D736DFF6D736DFF6D736DFF6D736DFF6D736DFF6D736DFF6D736DFF6D736DFF6D736DFF6D736DFF6D736DFF6D736DFF6D736DFF6D
310
736DFF6D736DFF6D736DFF6D736DFF6D736DFF6D736DFF6D736DFF6D736DFF6D736DFF6D736DFF6D736DFF6D736DFF6D736DFF6D736DFF6D736DFF6D736DFF6D736DFF6D736DFF6D736DFF6D736DFF6D736DFF6D736DFF6D736DFF6D736DFF6D736DFF6D736DFF6D736DFF6D736DFF6D736DFF6D736DFF6D736DFF6D736DFF
310
6D736DFF6D736DFF6D736DFF6D736DFF6D736DFF6D736DFF6D736DFF6D736DFF6D736DFF6D736DFF6D736DFF6D736DFF6D736DFF6D736DFF6D736DFF6D736DFF6D736DFF6D736DFF
102
{BLKREFS
331
1B1B2
102
}
 70
     4
280
     1
281
     0
  0
BLOCK_RECORD
  5
1B389
102
{ACAD_XDICTIONARY
360
1B38E
102
}
330
1
100
AcDbSymbolTableRecord
100
AcDbBlockTableRecord
  2
*U37
340
0
102
{BLKREFS
331
1AC02
102
}
 70
     0
280
     0
281
     0
1001
AcDbBlockRepBTag
1070
     1
1005
19D4F
  0
BLOCK_RECORD
  5
1B436
102
{ACAD_XDICTIONARY
360
1B43B
102
}
330
1
100
AcDbSymbolTableRecord
100
AcDbBlockTableRecord
  2
*U38
340
0
102
{BLKREFS
331
1B8F8
102
}
 70
     0
280
     1
281
     0
1001
AcDbBlockRepBTag
1070
     1
1005
19A50
  0
BLOCK_RECORD
  5
1B4E4
102
{ACAD_XDICTIONARY
360
1BCD5
102
}
330
1
100
AcDbSymbolTableRecord
100
AcDbBlockTableRecord
  2
KO_Kurvepunkt
340
0
102
{BLKREFS
331
101CB8D
331
101CBD4
102
}
 70
     4
280
     0
281
     0
1001
AcDbDynamicBlockGUID
1000
{FB24CD09-F5C9-4F9E-89DB-D81C6C834A2A}
  0
BLOCK_RECORD
  5
1B50E
102
{ACAD_XDICTIONARY
360
1BCC3
102
}
330
1
100
AcDbSymbolTableRecord
100
AcDbBlockTableRecord
  2
KO_Sporpunkt
340
0
102
{BLKREFS
331
101CB90
331
101CBD7
331
1B9C9
331
1BA28
102
}
 70
     4
280
     0
281
     0
1001
AcDbDynamicBlockGUID
1000
{7E2264E7-2C7E-42F6-AAEF-F6094422F789}
  0
BLOCK_RECORD
  5
1B525
102
{ACAD_XDICTIONARY
360
1BED3
102
}
330
1
100
AcDbSymbolTableRecord
100
AcDbBlockTableRecord
  2
KO_KM
340
0
102
{BLKREFS
331
101CB93
331
101CBFE
102
}
 70
     4
280
     0
281
     0
1001
AcDbDynamicBlockGUID
1000
{2D87118D-17BE-413C-950C-84CF5E0E7FD5}
  0
BLOCK_RECORD
  5
1B623
102
{ACAD_XDICTIONARY
360
1B62C
102
}
330
1
100
AcDbSymbolTableRecord
100
AcDbBlockTableRecord
  2
KU_Bru
340
0
102
{BLKREFS
331
1B658
102
}
 70
     4
280
     0
281
     0
1001
AcDbBlockRepETag
1070
     1
1071
       27
1001
AcDbDynamicBlockTrueName
1000
KU_Bru
1001
AcDbDynamicBlockGUID
1000
{544EFB60-5CAC-A740-9482-897CBE2405E7}
  0
BLOCK_RECORD
  5
1B6AF
102
{ACAD_XDICTIONARY
360
1B6A0
102
}
330
1
100
AcDbSymbolTableRecord
100
AcDbBlockTableRecord
  2
KU_Bru vei
340
0
102
{BLKREFS
331
1B6C6
331
1B6C7
331
1B712
102
}
 70
     4
280
     1
281
     0
1001
AcDbBlockRepETag
1070
     1
1071
        2
1001
AcDbDynamicBlockTrueName
1000
KU_Bru vei
1001
AcDbDynamicBlockGUID
1000
{A542B781-7AEA-1445-83A4-D1AB839CFC47}
  0
BLOCK_RECORD
  5
1B6CB
102
{ACAD_XDICTIONARY
360
1B6D0
102
}
330
1
100
AcDbSymbolTableRecord
100
AcDbBlockTableRecord
  2
*U44
340
0
102
{BLKREFS
331
1B6CA
102
}
 70
     0
280
     0
281
     0
1001
AcDbBlockRepBTag
1070
     1
1005
1B623
  0
BLOCK_RECORD
  5
1B6F3
102
{ACAD_XDICTIONARY
360
1B6F8
102
}
330
1
100
AcDbSymbolTableRecord
100
AcDbBlockTableRecord
  2
*U45
340
0
102
{BLKREFS
331
1B6F2
102
}
 70
     0
280
     0
281
     0
1001
AcDbBlockRepBTag
1070
     1
1005
1B623
  0
BLOCK_RECORD
  5
1B787
102
{ACAD_XDICTIONARY
360
1B779
102
}
330
1
100
AcDbSymbolTableRecord
100
AcDbBlockTableRecord
  2
KU_TUN
340
0
102
{BLKREFS
331
1B79E
102
}
 70
     4
280
     1
281
     0
1001
AcDbBlockRepETag
1070
     1
1071
       17
1001
AcDbDynamicBlockTrueName
1000
KU_TUN
1001
AcDbDynamicBlockGUID
1000
{D2B4EF2C-8DA8-8A43-90E3-EA18AEB9582A}
  0
BLOCK_RECORD
  5
1B7A0
102
{ACAD_XDICTIONARY
360
1B7A6
102
}
330
1
100
AcDbSymbolTableRecord
100
AcDbBlockTableRecord
  2
*U47
340
0
102
{BLKREFS
331
1B79F
102
}
 70
     0
280
     1
281
     0
1001
AcDbBlockRepBTag
1070
     1
1005
1B787
  0
BLOCK_RECORD
  5
1B7DC
102
{ACAD_XDICTIONARY
360
1B7CD
102
}
330
1
100
AcDbSymbolTableRecord
100
AcDbBlockTableRecord
  2
KO_PLO
340
0
102
{BLKREFS
331
1B7F3
102
}
 70
     4
280
     1
281
     0
1001
AcDbBlockRepETag
1070
     1
1071
        2
1001
AcDbDynamicBlockTrueName
1000
KO_PLO
1001
AcDbDynamicBlockGUID
1000
{DAC5459C-B59C-D249-9DE4-5150E319CDA6}
  0
BLOCK_RECORD
  5
1B819
330
1
100
AcDbSymbolTableRecord
100
AcDbBlockTableRecord
  2
*Paper_Space49
340
1B822
 70
     0
280
     1
281
     0
  0
BLOCK_RECORD
  5
1BA2F
330
1
100
AcDbSymbolTableRecord
100
AcDbBlockTableRecord
  2
*Paper_Space50
340
1BA30
 70
     0
280
     1
281
     0
  0
BLOCK_RECORD
  5
101C7B9
330
1
100
AcDbSymbolTableRecord
100
AcDbBlockTableRecord
  2
*Paper_Space51
340
101C7C6
 70
     0
280
     1
281
     0
  0
BLOCK_RECORD
  5
1B83A
330
1
100
AcDbSymbolTableRecord
100
AcDbBlockTableRecord
  2
*Paper_Space52
340
1B843
 70
     0
280
     1
281
     0
  0
BLOCK_RECORD
  5
1B9D6
102
{ACAD_XDICTIONARY
360
1B9DB
102
}
330
1
100
AcDbSymbolTableRecord
100
AcDbBlockTableRecord
  2
*U53
340
0
102
{BLKREFS
331
1B9CE
102
}
 70
     0
280
     1
281
     0
1001
AcDbBlockRepBTag
1070
     1
1005
14200
  0
BLOCK_RECORD
  5
1B9F2
102
{ACAD_XDICTIONARY
360
1B9F7
102
}
330
1
100
AcDbSymbolTableRecord
100
AcDbBlockTableRecord
  2
*U54
340
0
102
{BLKREFS
331
1BC7C
331
1BC74
102
}
 70
     0
280
     1
281
     0
1001
AcDbBlockRepBTag
1070
     1
1005
19A50
  0
BLOCK_RECORD
  5
101C18F
330
1
100
AcDbSymbolTableRecord
100
AcDbBlockTableRecord
  2
*Paper_Space55
340
101C198
 70
     0
280
     1
281
     0
  0
BLOCK_RECORD
  5
1BF3E
102
{ACAD_XDICTIONARY
360
1BF3A
102
}
330
1
100
AcDbSymbolTableRecord
100
AcDbBlockTableRecord
  2
KO_Kjedebrudd
340
0
102
{BLKREFS
331
101CBA1
102
}
 70
     4
280
     0
281
     0
1001
AcDbDynamicBlockGUID
1000
{4F63DDFE-D3F3-4514-BBDA-8CA1F5701D20}
  0
BLOCK_RECORD
  5
101C034
102
{ACAD_XDICTIONARY
360
101C035
102
}
330
1
100
AcDbSymbolTableRecord
100
AcDbBlockTableRecord
  2
BaneNOR_logo
340
0
 70
     4
280
     0
281
     0
  0
BLOCK_RECORD
  5
1B845
330
1
100
AcDbSymbolTableRecord
100
AcDbBlockTableRecord
  2
*Paper_Space58
340
1B84E
 70
     0
280
     1
281
     0
  0
BLOCK_RECORD
  5
101C4B4
102
{ACAD_XDICTIONARY
360
101C543
102
}
330
1
100
AcDbSymbolTableRecord
100
AcDbBlockTableRecord
  2
Forside
340
0
310
2800000020000000200000000100200000000000001000000100000001000000000000000000000001000000554A3AFF554A3AFF554A3AFF554A3AFF554A3AFF554A3AFF554A3AFF554A3AFF554A3AFF554A3AFF554A3AFF554A3AFF554A3AFF554A3AFF554A3AFF554A3AFF554A3AFF554A3AFF554A3AFF554A3AFF554A3A
310
FF554A3AFF554A3AFF554A3AFF554A3AFF554A3AFF554A3AFF554A3AFF554A3AFF554A3AFF554A3AFF554A3AFF554A3AFF554A3AFF554A3AFF554A3AFF554A3AFFD0CACAFFD0CACAFFD0CACAFFD0CACAFFD0CACAFFD0CACAFFD0CACAFFD0CACAFFD0CACAFFD0CACAFFD0CACAFFD0CACAFFD0CACAFFD0CACAFFD0CACAFFD0CA
310
CAFFD0CACAFFD0CACAFFD0CACAFFD0CACAFFD0CACAFFD0CACAFF554A3AFF554A3AFF554A3AFF554A3AFF554A3AFF554A3AFF554A3AFF554A3AFF554A3AFF554A3AFFD0CACAFF554A3AFF554A3AFF554A3AFF554A3AFF554A3AFF554A3AFF554A3AFF554A3AFF554A3AFF554A3AFF554A3AFF554A3AFF554A3AFF554A3AFF55
310
4A3AFF554A3AFF554A3AFF554A3AFF554A3AFF554A3AFFD0CACAFF554A3AFF554A3AFF554A3AFF554A3AFF554A3AFF554A3AFF554A3AFF554A3AFF554A3AFF554A3AFFD0CACAFF554A3AFF554A3AFF554A3AFF554A3AFF554A3AFF554A3AFF554A3AFF554A3AFF554A3AFF554A3AFF554A3AFF554A3AFF554A3AFF554A3AFF
310
554A3AFF554A3AFF554A3AFF554A3AFF554A3AFF554A3AFFD0CACAFF554A3AFF554A3AFF554A3AFF554A3AFF554A3AFF554A3AFF554A3AFF554A3AFF554A3AFF554A3AFFD0CACAFF554A3AFF554A3AFF554A3AFF554A3AFF554A3AFF554A3AFF554A3AFF554A3AFFCDE100FFCDE100FFCDE100FF554A3AFF554A3AFF554A3A
310
FF554A3AFF554A3AFF554A3AFF554A3AFF554A3AFF554A3AFFD0CACAFF554A3AFF554A3AFF554A3AFF554A3AFF554A3AFF554A3AFF554A3AFF554A3AFF554A3AFF554A3AFFD0CACAFF554A3AFF554A3AFF554A3AFF554A3AFF554A3AFF554A3AFF554A3AFFCDE100FFCDE100FFCDE100FFCDE100FFCDE100FF554A3AFF554A
310
3AFF554A3AFF554A3AFF554A3AFF554A3AFF554A3AFF554A3AFFD0CACAFF554A3AFF554A3AFF554A3AFF554A3AFF554A3AFF554A3AFF554A3AFF554A3AFF554A3AFF554A3AFFD0CACAFF554A3AFF554A3AFF554A3AFF554A3AFF554A3AFF554A3AFF554A3AFFCDE100FFCDE100FFCDE100FFCDE100FFCDE100FFCDE100FF55
310
4A3AFF554A3AFF554A3AFF554A3AFF554A3AFF554A3AFF554A3AFFD0CACAFF554A3AFF554A3AFF554A3AFF554A3AFF554A3AFF554A3AFF554A3AFF554A3AFF554A3AFF554A3AFFD0CACAFF554A3AFF554A3AFF554A3AFF554A3AFF554A3AFF554A3AFF554A3AFFCDE100FFCDE100FFCDE100FFCDE100FFCDE100FFCDE100FF
310
CDE100FF554A3AFF554A3AFF554A3AFF554A3AFF554A3AFF554A3AFFD0CACAFF554A3AFF554A3AFF554A3AFF554A3AFF554A3AFF554A3AFF554A3AFF554A3AFF554A3AFF554A3AFFD0CACAFF554A3AFF554A3AFF554A3AFF554A3AFF554A3AFF554A3AFF554A3AFF554A3AFFCDE100FFCDE100FFCDE100FFCDE100FFCDE100
310
FFCDE100FFCDE100FF554A3AFF554A3AFF554A3AFF554A3AFF554A3AFFD0CACAFF554A3AFF554A3AFF554A3AFF554A3AFF554A3AFF554A3AFF554A3AFF554A3AFF554A3AFF554A3AFFD0CACAFF554A3AFF554A3AFF554A3AFF554A3AFF554A3AFF554A3AFF554A3AFF554A3AFFCDE100FFCDE100FFCDE100FFCDE100FFCDE1
310
00FFCDE100FFCDE100FFCDE100FF554A3AFF554A3AFF554A3AFF554A3AFFD0CACAFF554A3AFF554A3AFF554A3AFF554A3AFF554A3AFF554A3AFF554A3AFF554A3AFF554A3AFF554A3AFFD0CACAFF554A3AFF554A3AFF554A3AFF554A3AFF554A3AFF554A3AFF554A3AFF554A3AFF554A3AFFCDE100FFCDE100FFCDE100FFCD
310
E100FFCDE100FFCDE100FFCDE100FFCDE100FF554A3AFF554A3AFF554A3AFFD0CACAFF554A3AFF554A3AFF554A3AFF554A3AFF554A3AFF554A3AFF554A3AFF554A3AFF554A3AFF554A3AFFD0CACAFF554A3AFF554A3AFF554A3AFF554A3AFF554A3AFF554A3AFF554A3AFF554A3AFF554A3AFF554A3AFFCDE100FFCDE100FF
310
CDE100FFCDE100FFCDE100FFCDE100FFCDE100FFCDE100FF554A3AFF554A3AFFD0CACAFF554A3AFF554A3AFF554A3AFF554A3AFF554A3AFF554A3AFF554A3AFF554A3AFF554A3AFF554A3AFFD0CACAFF554A3AFF554A3AFF554A3AFF554A3AFF554A3AFF554A3AFF554A3AFF554A3AFF554A3AFF554A3AFF554A3AFFCDE100
310
FFCDE100FFCDE100FFCDE100FFCDE100FFCDE100FFCDE100FFCDE100FF554A3AFFD0CACAFF554A3AFF554A3AFF554A3AFF554A3AFF554A3AFF554A3AFF554A3AFF554A3AFF554A3AFF554A3AFFD0CACAFF554A3AFF554A3AFF554A3AFF554A3AFF554A3AFF554A3AFF554A3AFF554A3AFF554A3AFF554A3AFF554A3AFF554A
310
3AFFCDE100FFCDE100FFCDE100FFCDE100FFCDE100FFCDE100FFCDE100FFCDE100FFD0CACAFF554A3AFF554A3AFF554A3AFF554A3AFF554A3AFF554A3AFF554A3AFF554A3AFF554A3AFF554A3AFFD0CACAFF554A3AFF554A3AFF554A3AFF554A3AFF554A3AFF554A3AFF554A3AFF554A3AFF554A3AFF554A3AFF554A3AFF55
310
4A3AFF554A3AFFCDE100FFCDE100FFCDE100FFCDE100FFCDE100FFCDE100FFCDE100FFCDE100FF554A3AFF554A3AFF554A3AFF554A3AFF554A3AFF554A3AFF554A3AFF554A3AFF554A3AFF554A3AFFD0CACAFF554A3AFF554A3AFF554A3AFF554A3AFF554A3AFF554A3AFF554A3AFF554A3AFF554A3AFF554A3AFF554A3AFF
310
554A3AFF554A3AFF554A3AFFCDE100FFCDE100FFCDE100FFCDE100FFCDE100FFCDE100FFCDE100FF554A3AFF554A3AFF554A3AFF554A3AFF554A3AFF554A3AFF554A3AFF554A3AFF554A3AFF554A3AFFD0CACAFF554A3AFF554A3AFF554A3AFF554A3AFF554A3AFF554A3AFF554A3AFF554A3AFF554A3AFF554A3AFF554A3A
310
FF554A3AFF554A3AFF554A3AFF554A3AFFCDE100FFCDE100FFCDE100FFCDE100FFCDE100FFCDE100FF554A3AFF554A3AFF554A3AFF554A3AFF554A3AFF554A3AFF554A3AFF554A3AFF554A3AFF554A3AFFD0CACAFF554A3AFF554A3AFF554A3AFF554A3AFF554A3AFF554A3AFF554A3AFF554A3AFF554A3AFF554A3AFF554A
310
3AFF554A3AFF554A3AFF554A3AFF554A3AFF554A3AFFCDE100FFCDE100FFCDE100FFCDE100FFCDE100FF554A3AFF554A3AFF554A3AFF554A3AFF554A3AFF554A3AFF554A3AFF554A3AFF554A3AFF554A3AFFD0CACAFF554A3AFF554A3AFF554A3AFF554A3AFF554A3AFF554A3AFF554A3AFF554A3AFF554A3AFF554A3AFF55
310
4A3AFF554A3AFF554A3AFF554A3AFF554A3AFF554A3AFF554A3AFFCDE100FFCDE100FFCDE100FF00F5FFFF554A3AFF554A3AFF554A3AFF554A3AFF554A3AFF554A3AFF554A3AFF554A3AFF554A3AFF554A3AFFD0CACAFF554A3AFF554A3AFF554A3AFF554A3AFF554A3AFF554A3AFF554A3AFF554A3AFF554A3AFF554A3AFF
310
554A3AFF554A3AFF554A3AFF554A3AFF554A3AFF554A3AFF554A3AFF554A3AFFCDE100FF00F5FFFF00F5FFFF554A3AFF554A3AFF554A3AFF554A3AFF554A3AFF554A3AFF554A3AFF554A3AFF554A3AFF554A3AFFD0CACAFF554A3AFF554A3AFF554A3AFF554A3AFF554A3AFF554A3AFF554A3AFF554A3AFF554A3AFF554A3A
310
FF554A3AFF554A3AFF554A3AFF554A3AFF554A3AFF554A3AFF554A3AFF554A3AFF00F5FFFF00F5FFFF00F5FFFF554A3AFF554A3AFF554A3AFF554A3AFF554A3AFF554A3AFF554A3AFF554A3AFF554A3AFF554A3AFFD0CACAFF554A3AFF554A3AFF554A3AFF554A3AFF554A3AFF554A3AFF554A3AFF554A3AFF554A3AFF554A
310
3AFF554A3AFF554A3AFF554A3AFF554A3AFF554A3AFF554A3AFF554A3AFF00F5FFFF00F5FFFF00F5FFFF00F5FFFF554A3AFF554A3AFF554A3AFF554A3AFF554A3AFF554A3AFF554A3AFF554A3AFF554A3AFF554A3AFFD0CACAFF554A3AFF554A3AFF554A3AFF554A3AFF554A3AFF554A3AFF554A3AFF554A3AFF554A3AFF55
310
4A3AFF554A3AFF554A3AFF554A3AFF554A3AFF554A3AFF554A3AFF00F5FFFF00F5FFFF00F5FFFF00F5FFFF00F5FFFF554A3AFF554A3AFF554A3AFF554A3AFF554A3AFF554A3AFF554A3AFF554A3AFF554A3AFF554A3AFFD0CACAFF554A3AFF554A3AFF554A3AFF554A3AFF554A3AFF554A3AFF554A3AFF554A3AFF554A3AFF
310
554A3AFF554A3AFF554A3AFF554A3AFF554A3AFF554A3AFF00F5FFFF00F5FFFF00F5FFFF00F5FFFF00F5FFFF00F5FFFF554A3AFF554A3AFF554A3AFF554A3AFF554A3AFF554A3AFF554A3AFF554A3AFF554A3AFF554A3AFFD0CACAFF554A3AFF554A3AFF554A3AFF554A3AFF554A3AFF554A3AFF554A3AFF554A3AFF554A3A
310
FF554A3AFF554A3AFF554A3AFF554A3AFF554A3AFF00F5FFFF00F5FFFF00F5FFFF00F5FFFF00F5FFFF00F5FFFF00F5FFFF554A3AFF554A3AFF554A3AFF554A3AFF554A3AFF554A3AFF554A3AFF554A3AFF554A3AFF554A3AFFD0CACAFF554A3AFF554A3AFF554A3AFF554A3AFF554A3AFF554A3AFF554A3AFF554A3AFF554A
310
3AFF554A3AFF554A3AFF554A3AFF554A3AFF554A3AFF00F5FFFF00F5FFFF00F5FFFF00F5FFFF00F5FFFF00F5FFFF00F5FFFF554A3AFF554A3AFF554A3AFF554A3AFF554A3AFF554A3AFF554A3AFF554A3AFF554A3AFF554A3AFFD0CACAFF554A3AFF554A3AFF554A3AFF554A3AFF554A3AFF554A3AFF554A3AFF554A3AFF55
310
4A3AFF554A3AFF554A3AFF554A3AFF554A3AFF00F5FFFF00F5FFFF00F5FFFF00F5FFFF00F5FFFF00F5FFFF00F5FFFF00F5FFFF554A3AFF554A3AFF554A3AFF554A3AFF554A3AFF554A3AFF554A3AFF554A3AFF554A3AFF554A3AFFD0CACAFF554A3AFF554A3AFF554A3AFF554A3AFF554A3AFF554A3AFF554A3AFF554A3AFF
310
554A3AFF554A3AFF554A3AFF554A3AFF00F5FFFF00F5FFFF00F5FFFF00F5FFFF00F5FFFF00F5FFFF00F5FFFF00F5FFFFD0CACAFF554A3AFF554A3AFF554A3AFF554A3AFF554A3AFF554A3AFF554A3AFF554A3AFF554A3AFF554A3AFFD0CACAFF554A3AFF554A3AFF554A3AFF554A3AFF554A3AFF554A3AFF554A3AFF554A3A
310
FF554A3AFF554A3AFF554A3AFF00F5FFFF00F5FFFF00F5FFFF00F5FFFF00F5FFFF00F5FFFF00F5FFFF00F5FFFF554A3AFFD0CACAFF554A3AFF554A3AFF554A3AFF554A3AFF554A3AFF554A3AFF554A3AFF554A3AFF554A3AFF554A3AFFD0CACAFF554A3AFF554A3AFF554A3AFF554A3AFF554A3AFF554A3AFF554A3AFF554A
310
3AFF554A3AFF554A3AFF00F5FFFF00F5FFFF00F5FFFF00F5FFFF00F5FFFF00F5FFFF00F5FFFF00F5FFFF554A3AFF554A3AFFD0CACAFF554A3AFF554A3AFF554A3AFF554A3AFF554A3AFF554A3AFF554A3AFF554A3AFF554A3AFF554A3AFFD0CACAFFD0CACAFFD0CACAFFD0CACAFFD0CACAFFD0CACAFFD0CACAFFD0CACAFFD0
310
CACAFFD0CACAFF00F5FFFF00F5FFFF00F5FFFF00F5FFFF00F5FFFF00F5FFFF00F5FFFF00F5FFFFD0CACAFFD0CACAFFD0CACAFFD0CACAFF554A3AFF554A3AFF554A3AFF554A3AFF554A3AFF554A3AFF554A3AFF554A3AFF554A3AFF554A3AFF554A3AFF554A3AFF554A3AFF554A3AFF554A3AFF554A3AFF554A3AFF554A3AFF
310
554A3AFF554A3AFF554A3AFF554A3AFF554A3AFF554A3AFF554A3AFF554A3AFF554A3AFF554A3AFF554A3AFF554A3AFF554A3AFF554A3AFF554A3AFF554A3AFF554A3AFF554A3AFF
 70
     4
280
     1
281
     0
1001
AcDbDynamicBlockGUID
1000
{6147D652-3DBD-8C4B-A3F4-AAAEB4604CF5}
  0
BLOCK_RECORD
  5
1B82F
330
1
100
AcDbSymbolTableRecord
100
AcDbBlockTableRecord
  2
*Paper_Space60
340
1B838
 70
     0
280
     1
281
     0
  0
BLOCK_RECORD
  5
1A01B
330
1
100
AcDbSymbolTableRecord
100
AcDbBlockTableRecord
  2
*Paper_Space61
340
1A026
 70
     0
280
     1
281
     0
  0
BLOCK_RECORD
  5
101C99F
330
1
100
AcDbSymbolTableRecord
100
AcDbBlockTableRecord
  2
Bpdwginf
340
0
102
{BLKREFS
331
101CAFD
102
}
 70
     0
280
     1
281
     0
  0
BLOCK_RECORD
  5
101C9AC
102
{ACAD_XDICTIONARY
360
101CB0E
102
}
330
1
100
AcDbSymbolTableRecord
100
AcDbBlockTableRecord
  2
SA_Sporsperre
340
0
102
{BLKREFS
331
101CBB3
331
101CBC2
102
}
 70
     4
280
     1
281
     0
1001
AcDbDynamicBlockGUID
1000
{79ADE7E7-F83C-AF43-8DF1-8167517F47BE}
  0
BLOCK_RECORD
  5
101C9C4
102
{ACAD_XDICTIONARY
360
101CAE7
102
}
330
1
100
AcDbSymbolTableRecord
100
AcDbBlockTableRecord
  2
SA_Sporsperre dobbel
340
0
102
{BLKREFS
331
101CBB7
331
101CBC8
102
}
 70
     4
280
     1
281
     0
1001
AcDbDynamicBlockGUID
1000
{B77384A6-ED56-6641-95C4-11645555E085}
  0
ENDTAB
  0
ENDSEC
  0
SECTION
  2
BLOCKS
  0
BLOCK
  5
20
330
1F
100
AcDbEntity
  8
0
100
AcDbBlockBegin
  2
*Model_Space
 70
     0
 10
0.0
 20
0.0
 30
0.0
  3
*Model_Space
  1

  0
ENDBLK
  5
21
330
1F
100
AcDbEntity
  8
0
100
AcDbBlockEnd
  0
BLOCK
  5
101C173
330
101C172
100
AcDbEntity
 67
     1
  8
0
100
AcDbBlockBegin
  2
*Paper_Space
 70
     0
 10
0.0
 20
0.0
 30
0.0
  3
*Paper_Space
  1

  0
ENDBLK
  5
101C17A
330
101C172
100
AcDbEntity
 67
     1
  8
0
100
AcDbBlockEnd
  0
BLOCK
  5
854A
330
8548
100
AcDbEntity
  8
0
100
AcDbBlockBegin
  2
GENAXEH
 70
     0
 10
0.0
 20
0.0
 30
0.0
  3
GENAXEH
  1

  0
LINE
  5
1501B
330
8548
100
AcDbEntity
  8
0
100
AcDbLine
 10
-1.0
 20
0.0
 30
0.0
 11
1.0
 21
0.0
 31
0.0
  0
ENDBLK
  5
854B
330
8548
100
AcDbEntity
  8
0
100
AcDbBlockEnd
  0
BLOCK
  5
8557
330
8556
100
AcDbEntity
  8
0
100
AcDbBlockBegin
  2
_ACMFILLEDHALF
 70
     0
 10
0.0
 20
0.0
 30
0.0
  3
_ACMFILLEDHALF
  1

  0
TRACE
  5
BC11
330
8556
100
AcDbEntity
  8
0
 62
     0
100
AcDbTrace
 10
-0.8
 20
0.0
 30
0.0
 11
-1.0
 21
0.166666666
 31
0.0
 12
0.0
 22
0.0
 32
0.0
 13
0.0
 23
0.0
 33
0.0
  0
LINE
  5
BC12
330
8556
100
AcDbEntity
  8
0
 62
     0
100
AcDbLine
 10
-1.0
 20
0.0
 30
0.0
 11
-0.8
 21
0.0
 31
0.0
  0
CIRCLE
  5
BC13
330
8556
100
AcDbEntity
  8
0
100
AcDbCircle
 10
-0.3589243074962161
 20
0.1094314206600859
 30
0.0
 40
1.546008047798285
  0
CIRCLE
  5
BC14
330
8556
100
AcDbEntity
  8
0
100
AcDbCircle
 10
-1.822131277594842
 20
0.1044199947878654
 30
0.0
 40
1.142218390267071
  0
LINE
  5
BC18
330
8556
100
AcDbEntity
  8
0
100
AcDbLine
 10
-31.07302549273968
 20
-10.07660894846925
 30
0.0
 11
28.25795688755851
 21
10.37375067024799
 31
0.0
  0
ENDBLK
  5
8558
330
8556
100
AcDbEntity
  8
0
100
AcDbBlockEnd
  0
BLOCK
  5
106F7
330
106F6
100
AcDbEntity
  8
0
100
AcDbBlockBegin
  2
Undergang gang tnl.
 70
     0
 10
0.0
 20
0.0
 30
0.0
  3
Undergang gang tnl.
  1

  4
Undergang gangtunnel kulvert til plattform
  0
LWPOLYLINE
  5
1B3B4
330
106F6
100
AcDbEntity
  8
0
100
AcDbPolyline
 90
        4
 70
     0
 43
0.0
 10
-2.0
 20
-3.0
 10
-2.0
 20
0.0
 10
2.0
 20
0.0
 10
2.0
 20
-3.0
  0
ENDBLK
  5
106F8
330
106F6
100
AcDbEntity
  8
0
100
AcDbBlockEnd
  0
BLOCK
  5
12BD9
330
12BD8
100
AcDbEntity
  8
0
100
AcDbBlockBegin
  2
Gangbru
 70
     0
 10
0.0
 20
0.0
 30
0.0
  3
Gangbru
  1

  0
LWPOLYLINE
  5
14744
330
12BD8
100
AcDbEntity
  8
JBT_Objekter_0.18mm
100
AcDbPolyline
 90
        4
 70
     0
 43
0.0
 10
-3.763932019315234
 20
4.5
 10
-2.000000000913246
 20
3.618033988749857
 10
-1.999999996815063
 20
-12.61803398874986
 10
-3.763932019315234
 20
-13.5
1001
AcDbBlockRepETag
1070
     1
1071
        2
1005
14744
  0
LWPOLYLINE
  5
14745
330
12BD8
100
AcDbEntity
  8
JBT_Objekter_0.18mm
100
AcDbPolyline
 90
        4
 70
     0
 43
0.0
 10
3.763932017488741
 20
4.5
 10
1.999999999086753
 20
3.618033988749857
 10
1.99999999498857
 20
-12.61803398874986
 10
3.763932017488741
 20
-13.5
1001
AcDbBlockRepETag
1070
     1
1071
        3
1005
14745
  0
ENDBLK
  5
12BDA
330
12BD8
100
AcDbEntity
  8
0
100
AcDbBlockEnd
  0
BLOCK
  5
14201
330
14200
100
AcDbEntity
  8
0
100
AcDbBlockBegin
  2
Planovergang
 70
     0
 10
0.0
 20
0.0
 30
0.0
  3
Planovergang
  1

  0
LINE
  5
150D0
330
14200
100
AcDbEntity
  8
0
100
AcDbLine
 10
3.000000000000454
 20
-13.0
 30
0.0
 11
3.000000000000454
 21
4.0
 31
0.0
1001
AcDbBlockRepETag
1070
     1
1071
        0
1005
150D0
  0
LINE
  5
150D1
330
14200
100
AcDbEntity
  8
0
100
AcDbLine
 10
-2.999999999999545
 20
-13.0
 30
0.0
 11
-2.999999999999545
 21
4.0
 31
0.0
1001
AcDbBlockRepETag
1070
     1
1071
        1
1005
150D1
  0
ENDBLK
  5
14202
330
14200
100
AcDbEntity
  8
0
100
AcDbBlockEnd
  0
BLOCK
  5
14757
330
14756
100
AcDbEntity
  8
0
100
AcDbBlockBegin
  2
*U6
 70
     1
 10
0.0
 20
0.0
 30
0.0
  3
*U6
  1

  0
LWPOLYLINE
  5
14759
330
14756
100
AcDbEntity
  8
JBT_Objekter_0.18mm
100
AcDbPolyline
 90
        4
 70
     0
 43
0.0
 10
-3.763932019315234
 20
4.5
 10
-2.000000000913246
 20
3.618033988749857
 10
-1.999999996815063
 20
-12.61803399127391
 10
-3.763932019315234
 20
-13.50000000252405
1001
AcDbBlockRepETag
1070
     1
1071
        2
1005
14759
  0
LWPOLYLINE
  5
1475A
330
14756
100
AcDbEntity
  8
JBT_Objekter_0.18mm
100
AcDbPolyline
 90
        4
 70
     0
 43
0.0
 10
3.763932017488741
 20
4.5
 10
1.999999999086753
 20
3.618033988749857
 10
1.99999999498857
 20
-12.61803399127391
 10
3.763932017488741
 20
-13.50000000252405
1001
AcDbBlockRepETag
1070
     1
1071
        3
1005
1475A
  0
ENDBLK
  5
14758
330
14756
100
AcDbEntity
  8
0
100
AcDbBlockEnd
  0
BLOCK
  5
150E7
330
150E6
100
AcDbEntity
  8
0
100
AcDbBlockBegin
  2
*U7
 70
     1
 10
0.0
 20
0.0
 30
0.0
  3
*U7
  1

  0
LINE
  5
150E9
330
150E6
100
AcDbEntity
  8
0
100
AcDbLine
 10
3.000000000000454
 20
-4.000000000000001
 30
0.0
 11
3.000000000000454
 21
4.0
 31
0.0
1001
AcDbBlockRepETag
1070
     1
1071
        0
1005
150E9
  0
LINE
  5
150EA
330
150E6
100
AcDbEntity
  8
0
100
AcDbLine
 10
-2.999999999999545
 20
-4.000000000000001
 30
0.0
 11
-2.999999999999545
 21
4.0
 31
0.0
1001
AcDbBlockRepETag
1070
     1
1071
        1
1005
150EA
  0
ENDBLK
  5
150E8
330
150E6
100
AcDbEntity
  8
0
100
AcDbBlockEnd
  0
BLOCK
  5
162F9
330
162F8
100
AcDbEntity
  8
0
100
AcDbBlockBegin
  2
_None
 70
     0
 10
0.0
 20
0.0
 30
0.0
  3
_None
  1

  0
ENDBLK
  5
162FA
330
162F8
100
AcDbEntity
  8
0
100
AcDbBlockEnd
  0
BLOCK
  5
19A34
330
19A33
100
AcDbEntity
  8
0
100
AcDbBlockBegin
  2
Plattform
 70
     0
 10
0.0
 20
0.0
 30
0.0
  3
Plattform
  1

  0
HATCH
  5
19AC5
330
19A33
100
AcDbEntity
  8
JBT_Objekter_0.18mm
100
AcDbHatch
 10
0.0
 20
0.0
 30
0.0
210
0.0
220
0.0
230
1.0
  2
ANSI31
 70
     0
 71
     1
 91
        1
 92
        1
 93
        4
 72
     1
 10
0.0
 20
0.0
 11
29.0
 21
0.0
 72
     1
 10
29.0
 20
0.0
 11
29.0
 21
5.999999999999772
 72
     1
 10
29.0
 20
5.999999999999772
 11
0.0
 21
5.999999999999772
 72
     1
 10
0.0
 20
5.999999999999772
 11
0.0
 21
0.0
 97
        1
330
19AC6
 75
     1
 76
     1
 52
0.0
 41
10.0
 77
     0
 78
     1
 53
45.0
 43
308.0000000000002
 44
-88.53103209461471
 45
-0.8838834764831842
 46
0.8838834764831844
 79
     0
 98
        1
 10
-214.9999999999999
 20
-182.4999999999999
1001
GRADIENTCOLOR1ACI
1070
     5
1001
GRADIENTCOLOR2ACI
1070
     2
1001
ACAD
1010
0.0
1020
0.0
1030
0.0
1001
AcDbBlockRepETag
1070
     1
1071
        0
1005
19AC5
  0
LWPOLYLINE
  5
19AC6
102
{ACAD_REACTORS
330
19AC5
102
}
330
19A33
100
AcDbEntity
  8
JBT_Objekter_0.18mm
100
AcDbPolyline
 90
        4
 70
     1
 43
0.0
 10
0.0
 20
0.0
 10
29.0
 20
0.0
 10
29.0
 20
5.999999999999772
 10
0.0
 20
5.999999999999772
1001
AcDbBlockRepETag
1070
     1
1071
        1
1005
19AC6
  0
ENDBLK
  5
19A35
330
19A33
100
AcDbEntity
  8
0
100
AcDbBlockEnd
  0
BLOCK
  5
19A51
330
19A50
100
AcDbEntity
  8
0
100
AcDbBlockBegin
  2
Plattform2
 70
     0
 10
0.0
 20
0.0
 30
0.0
  3
Plattform2
  1

  0
HATCH
  5
1B427
330
19A50
100
AcDbEntity
  8
JBT_Skravur grey solid
100
AcDbHatch
 10
0.0
 20
0.0
 30
0.0
210
0.0
220
0.0
230
1.0
  2
SOLID
 70
     1
 71
     1
 91
        1
 92
        1
 93
        4
 72
     1
 10
0.0
 20
0.0
 11
29.0
 21
0.0
 72
     1
 10
29.0
 20
0.0
 11
29.0
 21
5.999999999999772
 72
     1
 10
29.0
 20
5.999999999999772
 11
0.0
 21
5.999999999999772
 72
     1
 10
0.0
 20
5.999999999999772
 11
0.0
 21
0.0
 97
        1
330
1B428
 75
     1
 76
     1
 98
        1
 10
-214.9999999999999
 20
-182.4999999999999
450
        0
451
        0
460
0.0
461
0.0
452
        0
462
1.0
453
        2
463
0.0
 63
     5
421
      255
463
1.0
 63
     2
421
 16776960
470
LINEAR
1001
GRADIENTCOLOR1ACI
1070
     5
1001
GRADIENTCOLOR2ACI
1070
     2
1001
ACAD
1010
0.0
1020
0.0
1030
0.0
1001
AcDbBlockRepETag
1070
     1
1071
        0
1005
1B427
  0
LWPOLYLINE
  5
1B428
102
{ACAD_REACTORS
330
1B427
102
}
330
19A50
100
AcDbEntity
  8
JBT_Objekter_0.10mm
100
AcDbPolyline
 90
        4
 70
     1
 43
0.0
 10
0.0
 20
0.0
 10
29.0
 20
0.0
 10
29.0
 20
5.999999999999772
 10
0.0
 20
5.999999999999772
1001
AcDbBlockRepETag
1070
     1
1071
        1
1005
1B428
  0
ENDBLK
  5
19A52
330
19A50
100
AcDbEntity
  8
0
100
AcDbBlockEnd
  0
BLOCK
  5
19BD6
330
19BD5
100
AcDbEntity
  8
0
100
AcDbBlockBegin
  2
Elv pil
 70
     0
 10
0.0
 20
0.0
 30
0.0
  3
Elv pil
  1

  0
LINE
  5
19BE0
330
19BD5
100
AcDbEntity
  8
0
100
AcDbLine
 10
0.9999999999991473
 20
1.0
 30
0.0
 11
-0.0000000000008527
 21
0.0
 31
0.0
  0
LINE
  5
19BE1
330
19BD5
100
AcDbEntity
  8
0
100
AcDbLine
 10
-1.0
 20
1.0
 30
0.0
 11
0.0
 21
0.0
 31
0.0
  0
LINE
  5
19BE2
330
19BD5
100
AcDbEntity
  8
0
100
AcDbLine
 10
0.9999999999991473
 20
1.0
 30
0.0
 11
-1.0
 21
1.0
 31
0.0
  0
SPLINE
  5
19BE3
330
19BD5
100
AcDbEntity
  8
0
100
AcDbSpline
210
0.0
220
0.0
230
1.0
 70
  1288
 71
     3
 72
    14
 73
    10
 74
     0
 42
0.000000001
 43
0.0000000001
 40
0.0
 40
0.0
 40
0.0
 40
0.0
 40
0.2744059430773857
 40
0.7433229909120463
 40
0.7433229909120463
 40
0.7433229909120463
 40
1.434054209652036
 40
2.91384405863779
 40
3.765910970288685
 40
3.765910970288685
 40
3.765910970288685
 40
3.765910970288685
 10
0.0069800478203774
 20
1.006512930527321
 30
0.0
 10
-0.0138265625064946
 20
1.115703844754051
 30
0.0
 10
-0.0701884315149073
 20
1.411485036783673
 30
0.0
 10
-0.0004428102989777
 20
1.538935229632613
 30
0.0
 10
0.0435554397212741
 20
1.619335767362997
 30
0.0
 10
0.2182058606873625
 20
1.842357942937809
 30
0.0
 10
0.7670190718312711
 20
2.543172264806997
 30
0.0
 10
-0.7533394435002379
 20
3.32937063950591
 30
0.0
 10
-0.2016052139175599
 20
4.04024466442253
 30
0.0
 10
-0.0000000000003411
 20
4.299999999830959
 30
0.0
  0
ENDBLK
  5
19BD7
330
19BD5
100
AcDbEntity
  8
0
100
AcDbBlockEnd
  0
BLOCK
  5
19D50
330
19D4F
100
AcDbEntity
  8
0
100
AcDbBlockBegin
  2
K_Bru jernbane 3
 70
     0
 10
0.0
 20
0.0
 30
0.0
  3
K_Bru jernbane 3
  1

  0
LWPOLYLINE
  5
1B36E
330
19D4F
100
AcDbEntity
  8
0
100
AcDbPolyline
 90
        5
 70
     0
 43
0.0
 10
13.89999999994534
 20
4.80000000122693
 10
13.89999999994534
 20
4.80000000122693
 10
13.0
 20
3.000000001336206
 10
-4.000000000000005
 20
3.000000005125047
 10
-4.900000000141917
 20
4.800000001226932
1001
AcDbBlockRepETag
1070
     1
1071
       19
1005
1B36E
  0
LWPOLYLINE
  5
1B36F
330
19D4F
100
AcDbEntity
  8
0
100
AcDbPolyline
 90
        4
 70
     0
 43
0.0
 10
13.89999999976853
 20
-13.80000000375107
 10
12.99999999982319
 20
-12.00000000386035
 10
-4.000000000176811
 20
-12.00000000764919
 10
-4.900000000318727
 20
-13.80000000375107
1001
AcDbBlockRepETag
1070
     1
1071
       26
1005
1B36F
  0
ENDBLK
  5
19D51
330
19D4F
100
AcDbEntity
  8
0
100
AcDbBlockEnd
  0
BLOCK
  5
5F
330
5D
100
AcDbEntity
 67
     1
  8
0
100
AcDbBlockBegin
  2
*Paper_Space13
 70
     0
 10
0.0
 20
0.0
 30
0.0
  3
*Paper_Space13
  1

  0
VIEWPORT
  5
289A
102
{ACAD_XDICTIONARY
360
289B
102
}
330
5D
100
AcDbEntity
 67
     1
  8
0
100
AcDbViewport
 10
111.3715507827763
 20
184.0947621557454
 30
0.0
 40
894.8802422535209
 41
404.9877838578066
 68
     0
 69
     0
 12
111.3715507827763
 22
184.0947621557454
 13
0.0
 23
0.0
 14
10.0
 24
10.0
 15
10.0
 25
10.0
 16
0.0
 26
0.0
 36
1.0
 17
0.0
 27
0.0
 37
0.0
 42
50.0
 43
0.0
 44
0.0
 45
404.9877838578066
 50
0.0
 51
0.0
 72
  1000
 90
   819232
  1

281
     0
 71
     1
 74
     0
110
0.0
120
0.0
130
0.0
111
1.0
121
0.0
131
0.0
112
0.0
122
1.0
132
0.0
 79
     0
146
0.0
170
     0
 61
     5
348
9F
292
     1
282
     1
141
0.0
142
0.0
 63
   250
421
  3355443
1001
GENIUS_GENSCREG_15
1000
PF
1040
1.0
1000
DF
1040
1.0
1000
MIN
1011
-257.0859705541643
1021
-320.7561116657018
1031
0.0
1000
MAX
1011
2652.347720122776
1021
692.7990032246334
1031
0.0
1000
FLAGS
1070
     4
1001
GENIUS_GENOBJ-N-SDF_13
1002
{
1000
OWNER
1000
GEN
1002
}
1001
GENIUS_GENODEF_13
1002
{
1000
HIER
1070
     0
1002
}
1002
{
1000
MANEDIT
1070
     0
1002
}
1002
{
1000
NOSEL
1070
     0
1002
}
1002
{
1000
BEHIND
1070
     0
1002
}
1002
{
1000
OTHER
1070
     0
1002
}
1002
{
1000
REACTOR
1002
}
  0
VIEWPORT
  5
289E
102
{ACAD_XDICTIONARY
360
289F
102
}
330
5D
100
AcDbEntity
 67
     1
  8
RAMME
100
AcDbViewport
 10
84.99999999999994
 20
138.713864117366
 30
0.0
 40
189.9999999999998
 41
277.427728234732
 68
     0
 69
     0
 12
-395.0000000000002
 22
138.5
 13
0.0
 23
0.0
 14
0.5
 24
0.5
 15
0.5
 25
0.5
 16
0.0
 26
0.0
 36
1.0
 17
0.0
 27
0.0
 37
0.0
 42
50.0
 43
0.0
 44
0.0
 45
277.4277282347318
 50
0.0
 51
0.0
 72
  1000
 90
   819296
  1

281
     0
 71
     1
 74
     0
110
0.0
120
0.0
130
0.0
111
1.0
121
0.0
131
0.0
112
0.0
122
1.0
132
0.0
 79
     0
146
0.0
170
     0
 61
     5
348
9F
292
     1
282
     1
141
0.0
142
0.0
 63
   250
421
  3355443
1001
GENIUS_GENSCREG_15
1000
PF
1040
0.0
1000
DF
1040
0.0
1000
MIN
1011
0.0
1021
0.0
1031
0.0
1000
MAX
1011
179.9999999999999
1021
277.427728234732
1031
0.0
1000
FLAGS
1070
     4
1001
GENIUS_GENOBJ-N-SDF_13
1002
{
1000
OWNER
1000
GEN
1002
}
1001
GENIUS_GENODEF_13
1002
{
1000
HIER
1070
     0
1002
}
1002
{
1000
MANEDIT
1070
     0
1002
}
1002
{
1000
NOSEL
1070
     0
1002
}
1002
{
1000
BEHIND
1070
     0
1002
}
1002
{
1000
OTHER
1070
     0
1002
}
1002
{
1000
REACTOR
1002
}
  0
ENDBLK
  5
60
330
5D
100
AcDbEntity
 67
     1
  8
0
100
AcDbBlockEnd
  0
BLOCK
  5
1ACBD
330
1ACB0
100
AcDbEntity
  8
0
100
AcDbBlockBegin
  2
FAST KRAN
 70
     0
 10
0.0
 20
0.0
 30
0.0
  3
FAST KRAN
  1

  0
LWPOLYLINE
  5
1ACBE
330
1ACB0
100
AcDbEntity
  8
0
100
AcDbPolyline
 90
        4
 70
     1
 43
0.0
 10
-0.0000000000000002
 20
-12.49999999998965
 10
1.499999999999999
 20
-12.49999999998965
 10
1.5
 20
3.500000000010345
 10
0.0
 20
3.500000000010345
1001
AcDbBlockRepETag
1070
     1
1071
        0
1005
1ACBE
  0
LINE
  5
1ACBF
330
1ACB0
100
AcDbEntity
  8
0
100
AcDbLine
 10
0.0
 20
3.000000000010345
 30
0.0
 11
-1.25
 21
3.000000000010345
 31
0.0
1001
AcDbBlockRepETag
1070
     1
1071
        1
1005
1ACBF
  0
LINE
  5
1ACC0
330
1ACB0
100
AcDbEntity
  8
0
100
AcDbLine
 10
1.5
 20
3.000000000010345
 30
0.0
 11
2.75
 21
3.000000000010345
 31
0.0
1001
AcDbBlockRepETag
1070
     1
1071
        2
1005
1ACC0
  0
LINE
  5
1ACC1
330
1ACB0
100
AcDbEntity
  8
0
100
AcDbLine
 10
1.5
 20
3.500000000010345
 30
0.0
 11
1.5
 21
0.6517616071858186
 31
0.0
1001
AcDbBlockRepETag
1070
     1
1071
        3
1005
1ACC1
  0
LINE
  5
1ACC2
330
1ACB0
100
AcDbEntity
  8
0
100
AcDbLine
 10
0.0
 20
3.100000000010345
 30
0.0
 11
-1.076794919243111
 21
3.100000000010345
 31
0.0
1001
AcDbBlockRepETag
1070
     1
1071
        4
1005
1ACC2
  0
LINE
  5
1ACC3
330
1ACB0
100
AcDbEntity
  8
0
100
AcDbLine
 10
-1.25
 20
3.000000000010345
 30
0.0
 11
-1.076794919243111
 21
3.100000000010345
 31
0.0
1001
AcDbBlockRepETag
1070
     1
1071
        5
1005
1ACC3
  0
LINE
  5
1ACC4
330
1ACB0
100
AcDbEntity
  8
0
100
AcDbLine
 10
0.0
 20
2.900000000010345
 30
0.0
 11
-1.076794919243111
 21
2.900000000010345
 31
0.0
1001
AcDbBlockRepETag
1070
     1
1071
        6
1005
1ACC4
  0
LINE
  5
1ACC5
330
1ACB0
100
AcDbEntity
  8
0
100
AcDbLine
 10
-1.25
 20
3.000000000010345
 30
0.0
 11
-1.076794919243111
 21
2.900000000010345
 31
0.0
1001
AcDbBlockRepETag
1070
     1
1071
        7
1005
1ACC5
  0
LINE
  5
1ACC6
330
1ACB0
100
AcDbEntity
  8
0
100
AcDbLine
 10
1.5
 20
3.100000000010345
 30
0.0
 11
2.576794919243111
 21
3.100000000010345
 31
0.0
1001
AcDbBlockRepETag
1070
     1
1071
        8
1005
1ACC6
  0
LINE
  5
1ACC7
330
1ACB0
100
AcDbEntity
  8
0
100
AcDbLine
 10
2.75
 20
3.000000000010345
 30
0.0
 11
2.576794919243111
 21
3.100000000010345
 31
0.0
1001
AcDbBlockRepETag
1070
     1
1071
        9
1005
1ACC7
  0
LINE
  5
1ACC8
330
1ACB0
100
AcDbEntity
  8
0
100
AcDbLine
 10
1.5
 20
2.900000000010345
 30
0.0
 11
2.576794919243111
 21
2.900000000010345
 31
0.0
1001
AcDbBlockRepETag
1070
     1
1071
       10
1005
1ACC8
  0
LINE
  5
1ACC9
330
1ACB0
100
AcDbEntity
  8
0
100
AcDbLine
 10
2.75
 20
3.000000000010345
 30
0.0
 11
2.576794919243111
 21
2.900000000010345
 31
0.0
1001
AcDbBlockRepETag
1070
     1
1071
       11
1005
1ACC9
  0
LINE
  5
1ACCA
330
1ACB0
100
AcDbEntity
  8
0
100
AcDbLine
 10
0.0
 20
-11.99999999998965
 30
0.0
 11
-1.25
 21
-11.99999999998965
 31
0.0
1001
AcDbBlockRepETag
1070
     1
1071
       12
1005
1ACCA
  0
LINE
  5
1ACCB
330
1ACB0
100
AcDbEntity
  8
0
100
AcDbLine
 10
0.0
 20
-12.09999999998965
 30
0.0
 11
-1.076794919243111
 21
-12.09999999998965
 31
0.0
1001
AcDbBlockRepETag
1070
     1
1071
       13
1005
1ACCB
  0
LINE
  5
1ACCC
330
1ACB0
100
AcDbEntity
  8
0
100
AcDbLine
 10
1.5
 20
-11.99999999998965
 30
0.0
 11
2.75
 21
-11.99999999998965
 31
0.0
1001
AcDbBlockRepETag
1070
     1
1071
       14
1005
1ACCC
  0
LINE
  5
1ACCD
330
1ACB0
100
AcDbEntity
  8
0
100
AcDbLine
 10
-1.25
 20
-11.99999999998965
 30
0.0
 11
-1.076794919243111
 21
-12.09999999998965
 31
0.0
1001
AcDbBlockRepETag
1070
     1
1071
       15
1005
1ACCD
  0
LINE
  5
1ACCE
330
1ACB0
100
AcDbEntity
  8
0
100
AcDbLine
 10
0.0
 20
-11.89999999998965
 30
0.0
 11
-1.076794919243111
 21
-11.89999999998965
 31
0.0
1001
AcDbBlockRepETag
1070
     1
1071
       16
1005
1ACCE
  0
LINE
  5
1ACCF
330
1ACB0
100
AcDbEntity
  8
0
100
AcDbLine
 10
-1.25
 20
-11.99999999998965
 30
0.0
 11
-1.076794919243111
 21
-11.89999999998965
 31
0.0
1001
AcDbBlockRepETag
1070
     1
1071
       17
1005
1ACCF
  0
LINE
  5
1ACD0
330
1ACB0
100
AcDbEntity
  8
0
100
AcDbLine
 10
1.5
 20
-12.09999999998965
 30
0.0
 11
2.576794919243111
 21
-12.09999999998965
 31
0.0
1001
AcDbBlockRepETag
1070
     1
1071
       18
1005
1ACD0
  0
LINE
  5
1ACD1
330
1ACB0
100
AcDbEntity
  8
0
100
AcDbLine
 10
2.75
 20
-11.99999999998965
 30
0.0
 11
2.576794919243111
 21
-12.09999999998965
 31
0.0
1001
AcDbBlockRepETag
1070
     1
1071
       19
1005
1ACD1
  0
LINE
  5
1ACD2
330
1ACB0
100
AcDbEntity
  8
0
100
AcDbLine
 10
1.5
 20
-11.89999999998965
 30
0.0
 11
2.576794919243111
 21
-11.89999999998965
 31
0.0
1001
AcDbBlockRepETag
1070
     1
1071
       20
1005
1ACD2
  0
LINE
  5
1ACD3
330
1ACB0
100
AcDbEntity
  8
0
100
AcDbLine
 10
2.75
 20
-11.99999999998965
 30
0.0
 11
2.576794919243111
 21
-11.89999999998965
 31
0.0
1001
AcDbBlockRepETag
1070
     1
1071
       21
1005
1ACD3
  0
ENDBLK
  5
1ACD4
330
1ACB0
100
AcDbEntity
  8
0
100
AcDbBlockEnd
  0
BLOCK
  5
1ACD7
330
1ACD5
100
AcDbEntity
  8
0
100
AcDbBlockBegin
  2
Vognvaskemaskin
 70
     0
 10
0.0
 20
0.0
 30
0.0
  3
Vognvaskemaskin
  1

  0
LWPOLYLINE
  5
1ACD8
330
1ACD5
100
AcDbEntity
  8
0
100
AcDbPolyline
 90
        4
 70
     0
 43
0.0
 10
0.0
 20
-1.5
 10
0.0
 20
-2.75
 10
7.0
 20
-2.75
 10
7.0
 20
-1.5
  0
CIRCLE
  5
1ACD9
330
1ACD5
100
AcDbEntity
  8
0
100
AcDbCircle
 10
1.25
 20
1.5
 30
0.0
 40
0.75
  0
CIRCLE
  5
1ACDA
330
1ACD5
100
AcDbEntity
  8
0
100
AcDbCircle
 10
5.75
 20
1.5
 30
0.0
 40
0.75
  0
CIRCLE
  5
1ACDB
330
1ACD5
100
AcDbEntity
  8
0
100
AcDbCircle
 10
1.25
 20
-1.5
 30
0.0
 40
0.75
  0
CIRCLE
  5
1ACDC
330
1ACD5
100
AcDbEntity
  8
0
100
AcDbCircle
 10
5.75
 20
-1.5
 30
0.0
 40
0.75
  0
LWPOLYLINE
  5
1ACDD
330
1ACD5
100
AcDbEntity
  8
0
100
AcDbPolyline
 90
        4
 70
     0
 43
0.0
 10
7.0
 20
1.5
 10
7.0
 20
2.75
 10
0.0
 20
2.75
 10
0.0
 20
1.5
  0
LINE
  5
1ACDE
330
1ACD5
100
AcDbEntity
  8
0
100
AcDbLine
 10
4.5
 20
0.0
 30
0.0
 11
3.0
 21
1.5
 31
0.0
  0
LINE
  5
1ACDF
330
1ACD5
100
AcDbEntity
  8
0
100
AcDbLine
 10
4.5
 20
0.0
 30
0.0
 11
3.0
 21
-1.5
 31
0.0
  0
ENDBLK
  5
1ACE0
330
1ACD5
100
AcDbEntity
  8
0
100
AcDbBlockEnd
  0
BLOCK
  5
1ACE2
330
1ACE1
100
AcDbEntity
  8
0
100
AcDbBlockBegin
  2
Vognvekt
 70
     0
 10
0.0
 20
0.0
 30
0.0
  3
Vognvekt
  1

  0
LINE
  5
1ACE3
330
1ACE1
100
AcDbEntity
  8
0
100
AcDbLine
 10
0.0
 20
-1.0
 30
0.0
 11
6.365217391304213
 21
-1.0
 31
0.0
  0
LINE
  5
1ACE4
330
1ACE1
100
AcDbEntity
  8
0
100
AcDbLine
 10
0.0
 20
1.0
 30
0.0
 11
6.365217391304213
 21
1.0
 31
0.0
  0
LINE
  5
1ACE5
330
1ACE1
100
AcDbEntity
  8
0
100
AcDbLine
 10
0.0
 20
1.200000000000045
 30
0.0
 11
6.365217391304213
 21
1.200000000000045
 31
0.0
  0
LINE
  5
1ACE6
330
1ACE1
100
AcDbEntity
  8
0
100
AcDbLine
 10
0.0
 20
1.400000000000034
 30
0.0
 11
6.365217391304213
 21
1.400000000000034
 31
0.0
  0
LINE
  5
1ACE7
330
1ACE1
100
AcDbEntity
  8
0
100
AcDbLine
 10
0.0
 20
1.600000000000022
 30
0.0
 11
6.365217391304213
 21
1.600000000000022
 31
0.0
  0
LWPOLYLINE
  5
1ACE8
330
1ACE1
100
AcDbEntity
  8
0
100
AcDbPolyline
 90
        4
 70
     1
 43
0.0
 10
0.0
 20
-1.600000000000022
 10
6.365217391304213
 20
-1.600000000000022
 10
6.365217391304213
 20
1.600000000000022
 10
0.0
 20
1.600000000000022
  0
LINE
  5
1ACE9
330
1ACE1
100
AcDbEntity
  8
0
100
AcDbLine
 10
0.0
 20
-1.0
 30
0.0
 11
6.365217391304213
 21
-1.0
 31
0.0
  0
LINE
  5
1ACEA
330
1ACE1
100
AcDbEntity
  8
0
100
AcDbLine
 10
0.0
 20
-1.199999999999988
 30
0.0
 11
6.365217391304213
 21
-1.199999999999988
 31
0.0
  0
LINE
  5
1ACEB
330
1ACE1
100
AcDbEntity
  8
0
100
AcDbLine
 10
0.0
 20
-1.399999999999977
 30
0.0
 11
6.365217391304213
 21
-1.399999999999977
 31
0.0
  0
LINE
  5
1ACEC
330
1ACE1
100
AcDbEntity
  8
0
100
AcDbLine
 10
0.0
 20
-1.600000000000022
 30
0.0
 11
6.365217391304213
 21
-1.600000000000022
 31
0.0
  0
ENDBLK
  5
1ACED
330
1ACE1
100
AcDbEntity
  8
0
100
AcDbBlockEnd
  0
BLOCK
  5
1ACF0
330
1ACEE
100
AcDbEntity
  8
0
100
AcDbBlockBegin
  2
STAPP001
 70
     0
 10
0.0
 20
0.0
 30
0.0
  3
STAPP001
  1

  0
LWPOLYLINE
  5
1ACF1
330
1ACEE
100
AcDbEntity
  8
0
  6
ByBlock
 62
     0
100
AcDbPolyline
 90
        2
 70
     0
 43
0.3
 10
-3.002499999999997
 20
1.5
 10
2.997500000000002
 20
1.5
  0
LWPOLYLINE
  5
1ACF2
330
1ACEE
100
AcDbEntity
  8
0
  6
ByBlock
 62
     0
100
AcDbPolyline
 90
        3
 70
     0
 43
0.0
 10
0.1378511602103032
 20
0.0
 42
1.0
 10
-0.1378511602103032
 20
0.0
 42
1.0
 10
0.1378511602103032
 20
0.0
 42
1.0
  0
LWPOLYLINE
  5
1ACF3
330
1ACEE
100
AcDbEntity
  8
0
  6
ByBlock
 62
     0
100
AcDbPolyline
 90
        3
 70
     0
 43
0.0
 10
0.4975000000000023
 20
0.0
 42
1.0
 10
-0.5024999999999978
 20
0.0
 42
1.0
 10
0.4975000000000023
 20
0.0
 42
1.0
  0
LWPOLYLINE
  5
1ACF4
330
1ACEE
100
AcDbEntity
  8
0
  6
ByBlock
 62
     0
100
AcDbPolyline
 90
        3
 70
     0
 43
0.0
 10
0.3125
 20
0.0
 42
1.0
 10
-0.3125
 20
0.0
 42
1.0
 10
0.3125
 20
0.0
 42
1.0
  0
ENDBLK
  5
1ACF5
330
1ACEE
100
AcDbEntity
  8
0
100
AcDbBlockEnd
  0
BLOCK
  5
1ACF9
330
1ACF6
100
AcDbEntity
  8
0
100
AcDbBlockBegin
  2
*U18
 70
     1
 10
0.0
 20
0.0
 30
0.0
  3
*U18
  1

  0
LWPOLYLINE
  5
1ACFA
330
1ACF6
100
AcDbEntity
  8
0
100
AcDbPolyline
 90
        4
 70
     1
 43
0.0
 10
-0.0000000000000003
 20
-3.499999999979308
 10
1.499999999999999
 20
-3.499999999979308
 10
1.5
 20
3.500000000010345
 10
0.0
 20
3.500000000010345
1001
AcDbBlockRepETag
1070
     1
1071
        0
1005
1ACFA
  0
LINE
  5
1ACFB
330
1ACF6
100
AcDbEntity
  8
0
100
AcDbLine
 10
0.0
 20
3.000000000010345
 30
0.0
 11
-1.25
 21
3.000000000010345
 31
0.0
1001
AcDbBlockRepETag
1070
     1
1071
        1
1005
1ACFB
  0
LINE
  5
1ACFC
330
1ACF6
100
AcDbEntity
  8
0
100
AcDbLine
 10
1.5
 20
3.000000000010345
 30
0.0
 11
2.75
 21
3.000000000010345
 31
0.0
1001
AcDbBlockRepETag
1070
     1
1071
        2
1005
1ACFC
  0
LINE
  5
1ACFD
330
1ACF6
100
AcDbEntity
  8
0
100
AcDbLine
 10
1.5
 20
3.500000000010345
 30
0.0
 11
1.5
 21
0.6517616071858186
 31
0.0
1001
AcDbBlockRepETag
1070
     1
1071
        3
1005
1ACFD
  0
LINE
  5
1ACFE
330
1ACF6
100
AcDbEntity
  8
0
100
AcDbLine
 10
0.0
 20
3.100000000010345
 30
0.0
 11
-1.076794919243111
 21
3.100000000010345
 31
0.0
1001
AcDbBlockRepETag
1070
     1
1071
        4
1005
1ACFE
  0
LINE
  5
1ACFF
330
1ACF6
100
AcDbEntity
  8
0
100
AcDbLine
 10
-1.25
 20
3.000000000010345
 30
0.0
 11
-1.076794919243111
 21
3.100000000010345
 31
0.0
1001
AcDbBlockRepETag
1070
     1
1071
        5
1005
1ACFF
  0
LINE
  5
1AD00
330
1ACF6
100
AcDbEntity
  8
0
100
AcDbLine
 10
0.0
 20
2.900000000010345
 30
0.0
 11
-1.076794919243111
 21
2.900000000010345
 31
0.0
1001
AcDbBlockRepETag
1070
     1
1071
        6
1005
1AD00
  0
LINE
  5
1AD01
330
1ACF6
100
AcDbEntity
  8
0
100
AcDbLine
 10
-1.25
 20
3.000000000010345
 30
0.0
 11
-1.076794919243111
 21
2.900000000010345
 31
0.0
1001
AcDbBlockRepETag
1070
     1
1071
        7
1005
1AD01
  0
LINE
  5
1AD02
330
1ACF6
100
AcDbEntity
  8
0
100
AcDbLine
 10
1.5
 20
3.100000000010345
 30
0.0
 11
2.576794919243111
 21
3.100000000010345
 31
0.0
1001
AcDbBlockRepETag
1070
     1
1071
        8
1005
1AD02
  0
LINE
  5
1AD03
330
1ACF6
100
AcDbEntity
  8
0
100
AcDbLine
 10
2.75
 20
3.000000000010345
 30
0.0
 11
2.576794919243111
 21
3.100000000010345
 31
0.0
1001
AcDbBlockRepETag
1070
     1
1071
        9
1005
1AD03
  0
LINE
  5
1AD04
330
1ACF6
100
AcDbEntity
  8
0
100
AcDbLine
 10
1.5
 20
2.900000000010345
 30
0.0
 11
2.576794919243111
 21
2.900000000010345
 31
0.0
1001
AcDbBlockRepETag
1070
     1
1071
       10
1005
1AD04
  0
LINE
  5
1AD05
330
1ACF6
100
AcDbEntity
  8
0
100
AcDbLine
 10
2.75
 20
3.000000000010345
 30
0.0
 11
2.576794919243111
 21
2.900000000010345
 31
0.0
1001
AcDbBlockRepETag
1070
     1
1071
       11
1005
1AD05
  0
LINE
  5
1AD06
330
1ACF6
100
AcDbEntity
  8
0
100
AcDbLine
 10
-0.0000000000000001
 20
-2.999999999979308
 30
0.0
 11
-1.25
 21
-2.999999999979308
 31
0.0
1001
AcDbBlockRepETag
1070
     1
1071
       12
1005
1AD06
  0
LINE
  5
1AD07
330
1ACF6
100
AcDbEntity
  8
0
100
AcDbLine
 10
-0.0000000000000001
 20
-3.099999999979308
 30
0.0
 11
-1.076794919243111
 21
-3.099999999979308
 31
0.0
1001
AcDbBlockRepETag
1070
     1
1071
       13
1005
1AD07
  0
LINE
  5
1AD08
330
1ACF6
100
AcDbEntity
  8
0
100
AcDbLine
 10
1.5
 20
-2.999999999979308
 30
0.0
 11
2.75
 21
-2.999999999979308
 31
0.0
1001
AcDbBlockRepETag
1070
     1
1071
       14
1005
1AD08
  0
LINE
  5
1AD09
330
1ACF6
100
AcDbEntity
  8
0
100
AcDbLine
 10
-1.25
 20
-2.999999999979308
 30
0.0
 11
-1.076794919243111
 21
-3.099999999979308
 31
0.0
1001
AcDbBlockRepETag
1070
     1
1071
       15
1005
1AD09
  0
LINE
  5
1AD0A
330
1ACF6
100
AcDbEntity
  8
0
100
AcDbLine
 10
-0.0000000000000001
 20
-2.899999999979309
 30
0.0
 11
-1.076794919243111
 21
-2.899999999979309
 31
0.0
1001
AcDbBlockRepETag
1070
     1
1071
       16
1005
1AD0A
  0
LINE
  5
1AD0B
330
1ACF6
100
AcDbEntity
  8
0
100
AcDbLine
 10
-1.25
 20
-2.999999999979308
 30
0.0
 11
-1.076794919243111
 21
-2.899999999979309
 31
0.0
1001
AcDbBlockRepETag
1070
     1
1071
       17
1005
1AD0B
  0
LINE
  5
1AD0C
330
1ACF6
100
AcDbEntity
  8
0
100
AcDbLine
 10
1.5
 20
-3.099999999979308
 30
0.0
 11
2.576794919243111
 21
-3.099999999979308
 31
0.0
1001
AcDbBlockRepETag
1070
     1
1071
       18
1005
1AD0C
  0
LINE
  5
1AD0D
330
1ACF6
100
AcDbEntity
  8
0
100
AcDbLine
 10
2.75
 20
-2.999999999979308
 30
0.0
 11
2.576794919243111
 21
-3.099999999979308
 31
0.0
1001
AcDbBlockRepETag
1070
     1
1071
       19
1005
1AD0D
  0
LINE
  5
1AD0E
330
1ACF6
100
AcDbEntity
  8
0
100
AcDbLine
 10
1.5
 20
-2.899999999979309
 30
0.0
 11
2.576794919243111
 21
-2.899999999979309
 31
0.0
1001
AcDbBlockRepETag
1070
     1
1071
       20
1005
1AD0E
  0
LINE
  5
1AD0F
330
1ACF6
100
AcDbEntity
  8
0
100
AcDbLine
 10
2.75
 20
-2.999999999979308
 30
0.0
 11
2.576794919243111
 21
-2.899999999979309
 31
0.0
1001
AcDbBlockRepETag
1070
     1
1071
       21
1005
1AD0F
  0
ENDBLK
  5
1AD10
330
1ACF6
100
AcDbEntity
  8
0
100
AcDbBlockEnd
  0
BLOCK
  5
1AD13
330
1AD11
100
AcDbEntity
  8
0
100
AcDbBlockBegin
  2
Stasjonsbygg
 70
     0
 10
0.0
 20
0.0
 30
0.0
  3
Stasjonsbygg
  1

  4
Stasjonsbygg
  0
LWPOLYLINE
  5
1BFAE
330
1AD11
100
AcDbEntity
  8
0
100
AcDbPolyline
 90
        4
 70
     1
 43
0.0
 10
-9.0
 20
0.0
 10
9.0
 20
0.0
 10
9.0
 20
9.999999999999943
 10
-9.0
 20
9.999999999999943
  0
TEXT
  5
1BFAF
330
1AD11
100
AcDbEntity
  8
0
100
AcDbText
 10
-2.905688976377953
 20
3.249999999999972
 30
0.0
 40
3.5
  1
St.
  7
ISO35
 72
     4
 11
0.0
 21
4.999999999999971
 31
0.0
100
AcDbText
  0
ENDBLK
  5
1AD16
330
1AD11
100
AcDbEntity
  8
0
100
AcDbBlockEnd
  0
BLOCK
  5
1AD60
330
1AD5E
100
AcDbEntity
  8
0
100
AcDbBlockBegin
  2
KU_Svingskive
 70
     0
 10
0.0
 20
0.0
 30
0.0
  3
KU_Svingskive
  1

  0
LINE
  5
1AD61
330
1AD5E
100
AcDbEntity
  8
0
100
AcDbLine
 10
-4.5
 20
0.0
 30
0.0
 11
4.5
 21
0.0
 31
0.0
  0
CIRCLE
  5
1AD62
330
1AD5E
100
AcDbEntity
  8
0
100
AcDbCircle
 10
0.0
 20
0.0
 30
0.0
 40
4.5
  0
ENDBLK
  5
1AD63
330
1AD5E
100
AcDbEntity
  8
0
100
AcDbBlockEnd
  0
BLOCK
  5
1AD66
330
1AD64
100
AcDbEntity
  8
0
100
AcDbBlockBegin
  2
KO_Buttspor
 70
     0
 10
0.0
 20
0.0
 30
0.0
  3
KO_Buttspor
  1

  0
LINE
  5
1AD67
330
1AD64
100
AcDbEntity
  8
0
100
AcDbLine
 10
0.0
 20
-1.5
 30
0.0
 11
0.0
 21
1.5
 31
0.0
  0
ENDBLK
  5
1AD68
330
1AD64
100
AcDbEntity
  8
0
100
AcDbBlockEnd
  0
BLOCK
  5
1AD6B
330
1AD69
100
AcDbEntity
  8
0
100
AcDbBlockBegin
  2
Km tekst linje
 70
     2
 10
0.0
 20
0.0
 30
0.0
  3
Km tekst linje
  1

  0
LINE
  5
1BE07
330
1AD69
100
AcDbEntity
  8
0
100
AcDbLine
 10
0.0
 20
-20.0
 30
0.0
 11
0.0
 21
0.0
 31
0.0
  0
ATTDEF
  5
1BE08
330
1AD69
100
AcDbEntity
  8
JBT_Tekst_25
100
AcDbText
 10
-0.7500000000000002
 20
-3.498749999999999
 30
0.0
 40
2.5
  1

 50
90.0
 41
0.9
  7
ISO25
 72
     2
 11
-0.75
 21
0.0
 31
0.0
100
AcDbAttributeDefinition
280
     0
  3
Km
  2
KM
 70
     0
280
     1
  0
ATTDEF
  5
1BE09
330
1AD69
100
AcDbEntity
  8
JBT_Tekst_25
100
AcDbText
 10
-0.75
 20
2.0
 30
0.0
 40
2.5
  1

 50
90.0
 41
0.9
  7
ISO25
100
AcDbAttributeDefinition
280
     0
  3
Tekst
  2
Tekst
 70
     0
280
     1
  0
ATTDEF
  5
1BE0A
330
1AD69
100
AcDbEntity
  8
JBT_Tekst_25
100
AcDbText
 10
3.249999999999999
 20
-9.253257874015748
 30
0.0
 40
2.5
  1

 50
90.0
 41
0.9
  7
ISO25
 72
     2
 11
3.25
 21
0.0
 31
0.0
100
AcDbAttributeDefinition
280
     0
  3
Tekst under
  2
Tekst2
 70
     0
280
     1
  0
ENDBLK
  5
1AD70
330
1AD69
100
AcDbEntity
  8
0
100
AcDbBlockEnd
  0
BLOCK
  5
1AD72
330
1AD71
100
AcDbEntity
  8
0
100
AcDbBlockBegin
  2
KO_SPV_Sporveksel
 70
     0
 10
0.0
 20
0.0
 30
0.0
  3
KO_SPV_Sporveksel
  1

  4
Sporveksel
  0
HATCH
  5
1AD73
330
1AD71
100
AcDbEntity
  8
0
100
AcDbHatch
 10
0.0
 20
0.0
 30
0.0
210
0.0
220
0.0
230
1.0
  2
_SOLID
 70
     1
 71
     1
 91
        1
 92
        1
 93
        3
 72
     1
 10
0.0000000000001137
 20
0.0000000000001137
 11
4.500000000000113
 21
0.0000000000001137
 72
     1
 10
4.500000000000113
 20
0.0000000000001137
 11
4.500000000000113
 21
4.500000000000625
 72
     1
 10
4.500000000000113
 20
4.500000000000625
 11
0.0000000000001137
 21
0.0000000000001137
 97
        1
330
1AD74
 75
     1
 76
     1
 98
        1
 10
816.323853728254
 20
90.5054138766278
450
        0
451
        0
460
0.0
461
0.0
452
        0
462
0.0
453
        2
463
0.0
 63
     5
421
      255
463
1.0
 63
     2
421
 16776960
470
LINEAR
1001
GRADIENTCOLOR1ACI
1070
     5
1001
GRADIENTCOLOR2ACI
1070
     2
1001
ACAD
1010
0.0
1020
0.0
1030
0.0
  0
LWPOLYLINE
  5
1AD74
102
{ACAD_REACTORS
330
1AD73
102
}
330
1AD71
100
AcDbEntity
  8
0
100
AcDbPolyline
 90
        4
 70
     0
 43
0.0
 10
0.0000000000001137
 20
0.0000000000001137
 10
4.500000000000113
 20
0.0000000000001137
 10
4.500000000000113
 20
4.500000000000625
 10
0.0000000000001137
 20
0.0000000000001137
  0
ENDBLK
  5
1AD75
330
1AD71
100
AcDbEntity
  8
0
100
AcDbBlockEnd
  0
BLOCK
  5
1AD77
330
1AD76
100
AcDbEntity
  8
0
100
AcDbBlockBegin
  2
KO_SPV_Rettveksel_SSK
 70
     0
 10
0.0
 20
0.0
 30
0.0
  3
KO_SPV_Rettveksel_SSK
  1

  4
Rettveksel med stokkskinneskjøt
  0
LINE
  5
1AD78
330
1AD76
100
AcDbEntity
  8
0
100
AcDbLine
 10
-4.499999999999998
 20
0.9999999999997726
 30
0.0
 11
-4.499999999999998
 21
-1.000000000000227
 31
0.0
  0
HATCH
  5
1AD79
330
1AD76
100
AcDbEntity
  8
0
100
AcDbHatch
 10
0.0
 20
0.0
 30
0.0
210
0.0
220
0.0
230
1.0
  2
_SOLID
 70
     1
 71
     1
 91
        1
 92
        1
 93
        3
 72
     1
 10
0.0
 20
0.0
 11
4.5
 21
0.0
 72
     1
 10
4.5
 20
0.0
 11
4.5
 21
4.500000000000511
 72
     1
 10
4.5
 20
4.500000000000511
 11
0.0
 21
0.0
 97
        1
330
1AD7A
 75
     1
 76
     1
 98
        1
 10
816.3238537282538
 20
90.5054138766277
450
        0
451
        0
460
0.0
461
0.0
452
        0
462
0.0
453
        2
463
0.0
 63
     5
421
      255
463
1.0
 63
     2
421
 16776960
470
LINEAR
1001
GRADIENTCOLOR1ACI
1070
     5
1001
GRADIENTCOLOR2ACI
1070
     2
1001
ACAD
1010
0.0
1020
0.0
1030
0.0
  0
LWPOLYLINE
  5
1AD7A
102
{ACAD_REACTORS
330
1AD79
102
}
330
1AD76
100
AcDbEntity
  8
0
100
AcDbPolyline
 90
        4
 70
     0
 43
0.0
 10
0.0
 20
0.0
 10
4.5
 20
0.0
 10
4.5
 20
4.500000000000511
 10
0.0
 20
0.0
  0
LINE
  5
1AD7B
330
1AD76
100
AcDbEntity
  8
0
100
AcDbLine
 10
0.0
 20
0.0
 30
0.0
 11
-4.499999999999998
 21
0.0
 31
0.0
  0
ENDBLK
  5
1AD7C
330
1AD76
100
AcDbEntity
  8
0
100
AcDbBlockEnd
  0
BLOCK
  5
1AD7E
330
1AD7D
100
AcDbEntity
  8
0
100
AcDbBlockBegin
  2
KO_SPV_Skråveksel_SSK
 70
     0
 10
0.0
 20
0.0
 30
0.0
  3
KO_SPV_Skråveksel_SSK
  1

  4
Skråveksel med stokkskineskjøt
  0
LINE
  5
1AD7F
330
1AD7D
100
AcDbEntity
  8
0
100
AcDbLine
 10
-3.889087296525405
 20
-2.474873734152993
 30
0.0
 11
-2.474873734152298
 21
-3.889087296526099
 31
0.0
  0
HATCH
  5
1AD80
330
1AD7D
100
AcDbEntity
  8
0
100
AcDbHatch
 10
0.0
 20
0.0
 30
0.0
210
0.0
220
0.0
230
1.0
  2
_SOLID
 70
     1
 71
     1
 91
        1
 92
        1
 93
        3
 72
     1
 10
0.0000000000001243
 20
0.0000000000001137
 11
4.500000000000124
 21
0.0000000000001137
 72
     1
 10
4.500000000000124
 20
0.0000000000001137
 11
4.500000000000124
 21
4.500000000000625
 72
     1
 10
4.500000000000124
 20
4.500000000000625
 11
0.0000000000001243
 21
0.0000000000001137
 97
        1
330
1AD81
 75
     1
 76
     1
 98
        1
 10
816.3238537282541
 20
90.5054138766278
450
        0
451
        0
460
0.0
461
0.0
452
        0
462
0.0
453
        2
463
0.0
 63
     5
421
      255
463
1.0
 63
     2
421
 16776960
470
LINEAR
1001
GRADIENTCOLOR1ACI
1070
     5
1001
GRADIENTCOLOR2ACI
1070
     2
1001
ACAD
1010
0.0
1020
0.0
1030
0.0
  0
LWPOLYLINE
  5
1AD81
102
{ACAD_REACTORS
330
1AD80
102
}
330
1AD7D
100
AcDbEntity
  8
0
100
AcDbPolyline
 90
        4
 70
     0
 43
0.0
 10
0.0000000000001243
 20
0.0000000000001137
 10
4.500000000000124
 20
0.0000000000001137
 10
4.500000000000124
 20
4.500000000000625
 10
0.0000000000001243
 20
0.0000000000001137
  0
LINE
  5
1AD82
330
1AD7D
100
AcDbEntity
  8
0
100
AcDbLine
 10
0.0000000000001243
 20
0.0000000000001137
 30
0.0
 11
-3.181980515338965
 21
-3.181980515339432
 31
0.0
  0
ENDBLK
  5
1AD83
330
1AD7D
100
AcDbEntity
  8
0
100
AcDbBlockEnd
  0
BLOCK
  5
1AD85
330
1AD84
100
AcDbEntity
  8
0
100
AcDbBlockBegin
  2
KO_SPV_Dobbelkryssveksel
 70
     0
 10
0.0
 20
0.0
 30
0.0
  3
KO_SPV_Dobbelkryssveksel
  1

  4
Dobbelkryssveksel
  0
HATCH
  5
1AD86
330
1AD84
100
AcDbEntity
  8
0
100
AcDbHatch
 10
0.0
 20
0.0
 30
0.0
210
0.0
220
0.0
230
1.0
  2
_SOLID
 70
     1
 71
     1
 91
        1
 92
        1
 93
        3
 72
     1
 10
0.0000000000004547
 20
0.0000000000002274
 11
4.500000000000454
 21
0.0000000000001137
 72
     1
 10
4.500000000000454
 20
0.0000000000001137
 11
3.181980515339546
 21
3.181980515339944
 72
     1
 10
3.181980515339546
 20
3.181980515339944
 11
0.0000000000004547
 21
0.0000000000002274
 97
        1
330
1AD87
 75
     1
 76
     1
 98
        1
 10
816.3238537282541
 20
90.50541387662793
450
        0
451
        0
460
0.0
461
0.0
452
        0
462
0.0
453
        2
463
0.0
 63
     5
421
      255
463
1.0
 63
     2
421
 16776960
470
LINEAR
1001
GRADIENTCOLOR1ACI
1070
     5
1001
GRADIENTCOLOR2ACI
1070
     2
1001
ACAD
1010
0.0
1020
0.0
1030
0.0
  0
LWPOLYLINE
  5
1AD87
102
{ACAD_REACTORS
330
1AD86
102
}
330
1AD84
100
AcDbEntity
  8
0
100
AcDbPolyline
 90
        4
 70
     0
 43
0.0
 10
0.0000000000004547
 20
0.0000000000002274
 10
4.500000000000454
 20
0.0000000000001137
 10
3.181980515339546
 20
3.181980515339944
 10
0.0000000000004547
 20
0.0000000000002274
  0
LINE
  5
1AD88
330
1AD84
100
AcDbEntity
  8
0
100
AcDbLine
 10
-2.999999999999545
 20
0.7500000000001137
 30
0.0
 11
1.59099025767
 21
2.651650429449944
 31
0.0
  0
LINE
  5
1AD89
330
1AD84
100
AcDbEntity
  8
0
100
AcDbLine
 10
-1.590990257669545
 20
-2.651650429449546
 30
0.0
 11
3.000000000000454
 21
-0.7499999999998579
 31
0.0
  0
HATCH
  5
1AD8A
330
1AD84
100
AcDbEntity
  8
0
100
AcDbHatch
 10
0.0
 20
0.0
 30
0.0
210
0.0
220
0.0
230
1.0
  2
_SOLID
 70
     1
 71
     1
 91
        1
 92
        1
 93
        3
 72
     1
 10
0.0
 20
0.0
 11
-3.181980515339091
 21
-3.181980515339375
 72
     1
 10
-3.181980515339091
 20
-3.181980515339375
 11
-4.499999999999545
 21
0.0000000000001137
 72
     1
 10
-4.499999999999545
 20
0.0000000000001137
 11
0.0
 21
0.0
 97
        1
330
1AD8B
 75
     1
 76
     1
 98
        1
 10
-641.2251245019761
 20
-513.2311407291584
450
        0
451
        0
460
0.0
461
0.0
452
        0
462
0.0
453
        2
463
0.0
 63
     5
421
      255
463
1.0
 63
     2
421
 16776960
470
LINEAR
1001
GRADIENTCOLOR1ACI
1070
     5
1001
GRADIENTCOLOR2ACI
1070
     2
1001
ACAD
1010
0.0
1020
0.0
1030
0.0
  0
LWPOLYLINE
  5
1AD8B
102
{ACAD_REACTORS
330
1AD8A
102
}
330
1AD84
100
AcDbEntity
  8
0
100
AcDbPolyline
 90
        4
 70
     0
 43
0.0
 10
0.0
 20
0.0
 10
-3.181980515339091
 20
-3.181980515339375
 10
-4.499999999999545
 20
0.0000000000001137
 10
0.0
 20
0.0
  0
ENDBLK
  5
1AD8C
330
1AD84
100
AcDbEntity
  8
0
100
AcDbBlockEnd
  0
BLOCK
  5
1AD8E
330
1AD8D
100
AcDbEntity
  8
0
100
AcDbBlockBegin
  2
KO_SPV_Enkelkryssveksel
 70
     0
 10
0.0
 20
0.0
 30
0.0
  3
KO_SPV_Enkelkryssveksel
  1

  4
Enkelkryssveksel
  0
HATCH
  5
1AD8F
330
1AD8D
100
AcDbEntity
  8
0
100
AcDbHatch
 10
0.0
 20
0.0
 30
0.0
210
0.0
220
0.0
230
1.0
  2
_SOLID
 70
     1
 71
     1
 91
        1
 92
        1
 93
        3
 72
     1
 10
0.0000000000004547
 20
0.0000000000002274
 11
4.500000000000454
 21
0.0000000000001137
 72
     1
 10
4.500000000000454
 20
0.0000000000001137
 11
3.181980515339546
 21
3.181980515339944
 72
     1
 10
3.181980515339546
 20
3.181980515339944
 11
0.0000000000004547
 21
0.0000000000002274
 97
        1
330
1AD90
 75
     1
 76
     1
 98
        1
 10
816.3238537282541
 20
90.50541387662793
450
        0
451
        0
460
0.0
461
0.0
452
        0
462
0.0
453
        2
463
0.0
 63
     5
421
      255
463
1.0
 63
     2
421
 16776960
470
LINEAR
1001
GRADIENTCOLOR1ACI
1070
     5
1001
GRADIENTCOLOR2ACI
1070
     2
1001
ACAD
1010
0.0
1020
0.0
1030
0.0
  0
LWPOLYLINE
  5
1AD90
102
{ACAD_REACTORS
330
1AD8F
102
}
330
1AD8D
100
AcDbEntity
  8
0
100
AcDbPolyline
 90
        4
 70
     0
 43
0.0
 10
0.0000000000004547
 20
0.0000000000002274
 10
4.500000000000454
 20
0.0000000000001137
 10
3.181980515339546
 20
3.181980515339944
 10
0.0000000000004547
 20
0.0000000000002274
  0
LINE
  5
1AD91
330
1AD8D
100
AcDbEntity
  8
0
100
AcDbLine
 10
-2.999999999999545
 20
0.7500000000001137
 30
0.0
 11
1.59099025767
 21
2.651650429449944
 31
0.0
  0
HATCH
  5
1AD92
330
1AD8D
100
AcDbEntity
  8
0
100
AcDbHatch
 10
0.0
 20
0.0
 30
0.0
210
0.0
220
0.0
230
1.0
  2
_SOLID
 70
     1
 71
     1
 91
        1
 92
        1
 93
        3
 72
     1
 10
0.0
 20
0.0
 11
-3.181980515339091
 21
-3.181980515339375
 72
     1
 10
-3.181980515339091
 20
-3.181980515339375
 11
-4.499999999999545
 21
0.0000000000001137
 72
     1
 10
-4.499999999999545
 20
0.0000000000001137
 11
0.0
 21
0.0
 97
        1
330
1AD93
 75
     1
 76
     1
 98
        1
 10
-641.2251245019761
 20
-513.2311407291584
450
        0
451
        0
460
0.0
461
0.0
452
        0
462
0.0
453
        2
463
0.0
 63
     5
421
      255
463
1.0
 63
     2
421
 16776960
470
LINEAR
1001
GRADIENTCOLOR1ACI
1070
     5
1001
GRADIENTCOLOR2ACI
1070
     2
1001
ACAD
1010
0.0
1020
0.0
1030
0.0
  0
LWPOLYLINE
  5
1AD93
102
{ACAD_REACTORS
330
1AD92
102
}
330
1AD8D
100
AcDbEntity
  8
0
100
AcDbPolyline
 90
        4
 70
     0
 43
0.0
 10
0.0
 20
0.0
 10
-3.181980515339091
 20
-3.181980515339375
 10
-4.499999999999545
 20
0.0000000000001137
 10
0.0
 20
0.0
  0
ENDBLK
  5
1AD94
330
1AD8D
100
AcDbEntity
  8
0
100
AcDbBlockEnd
  0
BLOCK
  5
1AD96
330
1AD95
100
AcDbEntity
  8
0
100
AcDbBlockBegin
  2
KO_SPV_Dobbelkryssveksel_0
 70
     0
 10
0.0
 20
0.0
 30
0.0
  3
KO_SPV_Dobbelkryssveksel_0
  1

  4
Dobbelkryssveksel
  0
LINE
  5
1AD97
330
1AD95
100
AcDbEntity
  8
0
100
AcDbLine
 10
-2.999999999999825
 20
0.75
 30
0.0
 11
1.590990257669719
 21
2.65165042944983
 31
0.0
  0
LINE
  5
1AD98
330
1AD95
100
AcDbEntity
  8
0
100
AcDbLine
 10
-1.590990257669826
 20
-2.651650429449659
 30
0.0
 11
3.000000000000174
 21
-0.7499999999999716
 31
0.0
  0
ENDBLK
  5
1AD99
330
1AD95
100
AcDbEntity
  8
0
100
AcDbBlockEnd
  0
BLOCK
  5
1AD9B
330
1AD9A
100
AcDbEntity
  8
0
100
AcDbBlockBegin
  2
KO_SPV_Enkelkryssveksel_0
 70
     0
 10
0.0
 20
0.0
 30
0.0
  3
KO_SPV_Enkelkryssveksel_0
  1

  4
Enkelkryssveksel
  0
LINE
  5
1AD9C
330
1AD9A
100
AcDbEntity
  8
0
100
AcDbLine
 10
-2.999999999999825
 20
0.75
 30
0.0
 11
1.590990257669719
 21
2.65165042944983
 31
0.0
  0
ENDBLK
  5
1AD9D
330
1AD9A
100
AcDbEntity
  8
0
100
AcDbBlockEnd
  0
BLOCK
  5
1AD9F
330
1AD9E
100
AcDbEntity
  8
0
100
AcDbBlockBegin
  2
KO_SPV_30_Sporveksel
 70
     0
 10
0.0
 20
0.0
 30
0.0
  3
KO_SPV_30_Sporveksel
  1

  4
30_Sporveksel
  0
HATCH
  5
1ADA0
330
1AD9E
100
AcDbEntity
  8
0
100
AcDbHatch
 10
0.0
 20
0.0
 30
0.0
210
0.0
220
0.0
230
1.0
  2
_SOLID
 70
     1
 71
     1
 91
        1
 92
        1
 93
        3
 72
     1
 10
0.0
 20
0.0
 11
6.0
 21
-0.0000000000001137
 72
     1
 10
6.0
 20
-0.0000000000001137
 11
6.0
 21
3.464101615138247
 72
     1
 10
6.0
 20
3.464101615138247
 11
0.0
 21
0.0
 97
        1
330
1ADA1
 75
     1
 76
     1
 98
        1
 10
816.323853728254
 20
90.5054138766277
450
        0
451
        0
460
0.0
461
0.0
452
        0
462
0.0
453
        2
463
0.0
 63
     5
421
      255
463
1.0
 63
     2
421
 16776960
470
LINEAR
1001
GRADIENTCOLOR1ACI
1070
     5
1001
GRADIENTCOLOR2ACI
1070
     2
1001
ACAD
1010
0.0
1020
0.0
1030
0.0
  0
LWPOLYLINE
  5
1ADA1
102
{ACAD_REACTORS
330
1ADA0
102
}
330
1AD9E
100
AcDbEntity
  8
0
100
AcDbPolyline
 90
        4
 70
     0
 43
0.0
 10
0.0
 20
0.0
 10
6.0
 20
-0.0000000000001137
 10
6.0
 20
3.464101615138247
 10
0.0
 20
0.0
  0
ENDBLK
  5
1ADA2
330
1AD9E
100
AcDbEntity
  8
0
100
AcDbBlockEnd
  0
BLOCK
  5
1ADA4
330
1ADA3
100
AcDbEntity
  8
0
100
AcDbBlockBegin
  2
KO_SPV_30_Rettveksel_SSK
 70
     0
 10
0.0
 20
0.0
 30
0.0
  3
KO_SPV_30_Rettveksel_SSK
  1

  4
30_Rettveksel_SSK
  0
LINE
  5
1ADA5
330
1ADA3
100
AcDbEntity
  8
0
100
AcDbLine
 10
-4.499999999999829
 20
0.9999999999998863
 30
0.0
 11
-4.499999999999829
 21
-1.000000000000113
 31
0.0
  0
HATCH
  5
1ADA6
330
1ADA3
100
AcDbEntity
  8
0
100
AcDbHatch
 10
0.0
 20
0.0
 30
0.0
210
0.0
220
0.0
230
1.0
  2
_SOLID
 70
     1
 71
     1
 91
        1
 92
        1
 93
        3
 72
     1
 10
0.0000000000001705
 20
0.0000000000001137
 11
6.00000000000017
 21
0.0
 72
     1
 10
6.00000000000017
 20
0.0
 11
6.00000000000017
 21
3.464101615138361
 72
     1
 10
6.00000000000017
 20
3.464101615138361
 11
0.0000000000001705
 21
0.0000000000001137
 97
        1
330
1ADA7
 75
     1
 76
     1
 98
        1
 10
816.3238537282541
 20
90.5054138766278
450
        0
451
        0
460
0.0
461
0.0
452
        0
462
0.0
453
        2
463
0.0
 63
     5
421
      255
463
1.0
 63
     2
421
 16776960
470
LINEAR
1001
GRADIENTCOLOR1ACI
1070
     5
1001
GRADIENTCOLOR2ACI
1070
     2
1001
ACAD
1010
0.0
1020
0.0
1030
0.0
  0
LWPOLYLINE
  5
1ADA7
102
{ACAD_REACTORS
330
1ADA6
102
}
330
1ADA3
100
AcDbEntity
  8
0
100
AcDbPolyline
 90
        4
 70
     0
 43
0.0
 10
0.0000000000001705
 20
0.0000000000001137
 10
6.00000000000017
 20
0.0
 10
6.00000000000017
 20
3.464101615138361
 10
0.0000000000001705
 20
0.0000000000001137
  0
LINE
  5
1ADA8
330
1ADA3
100
AcDbEntity
  8
0
100
AcDbLine
 10
0.0000000000001705
 20
0.0000000000001137
 30
0.0
 11
-4.499999999999829
 21
0.0000000000001137
 31
0.0
  0
ENDBLK
  5
1ADA9
330
1ADA3
100
AcDbEntity
  8
0
100
AcDbBlockEnd
  0
BLOCK
  5
1ADAB
330
1ADAA
100
AcDbEntity
  8
0
100
AcDbBlockBegin
  2
KO_SPV_30_Skråveksel_SSK
 70
     0
 10
0.0
 20
0.0
 30
0.0
  3
KO_SPV_30_Skråveksel_SSK
  1

  0
LINE
  5
1ADAC
330
1ADAA
100
AcDbEntity
  8
0
100
AcDbLine
 10
-4.397114317029547
 20
-1.38397459621575
 30
0.0
 11
-3.397114317029547
 21
-3.116025403784647
 31
0.0
  0
LINE
  5
1ADAD
330
1ADAA
100
AcDbEntity
  8
0
100
AcDbLine
 10
0.0000000000000568
 20
0.0000000000001137
 30
0.0
 11
-3.897114317029604
 21
-2.250000000000085
 31
0.0
  0
HATCH
  5
1ADAE
330
1ADAA
100
AcDbEntity
  8
0
100
AcDbHatch
 10
0.0
 20
0.0
 30
0.0
210
0.0
220
0.0
230
1.0
  2
_SOLID
 70
     1
 71
     1
 91
        1
 92
        1
 93
        3
 72
     1
 10
0.0
 20
0.0
 11
6.0
 21
-0.0000000000001137
 72
     1
 10
6.0
 20
-0.0000000000001137
 11
6.0
 21
3.464101615138247
 72
     1
 10
6.0
 20
3.464101615138247
 11
0.0
 21
0.0
 97
        1
330
1ADAF
 75
     1
 76
     1
 98
        1
 10
816.3238537282538
 20
90.5054138766277
450
        0
451
        0
460
0.0
461
0.0
452
        0
462
0.0
453
        2
463
0.0
 63
     5
421
      255
463
1.0
 63
     2
421
 16776960
470
LINEAR
1001
GRADIENTCOLOR1ACI
1070
     5
1001
GRADIENTCOLOR2ACI
1070
     2
1001
ACAD
1010
0.0
1020
0.0
1030
0.0
  0
LWPOLYLINE
  5
1ADAF
102
{ACAD_REACTORS
330
1ADAE
102
}
330
1ADAA
100
AcDbEntity
  8
0
100
AcDbPolyline
 90
        4
 70
     0
 43
0.0
 10
0.0
 20
0.0
 10
6.0
 20
-0.0000000000001137
 10
6.0
 20
3.464101615138247
 10
0.0
 20
0.0
  0
ENDBLK
  5
1ADB0
330
1ADAA
100
AcDbEntity
  8
0
100
AcDbBlockEnd
  0
BLOCK
  5
1ADB2
330
1ADB1
100
AcDbEntity
  8
0
100
AcDbBlockBegin
  2
KO_SPV_30_Dobbelkryssveksel
 70
     0
 10
0.0
 20
0.0
 30
0.0
  3
KO_SPV_30_Dobbelkryssveksel
  1

  4
30_Dobbelkryssveksel
  0
LINE
  5
1ADB3
330
1ADB1
100
AcDbEntity
  8
0
100
AcDbLine
 10
-3.000000000000454
 20
0.749999999999659
 30
0.0
 11
2.223076211352747
 21
2.149519052838286
 31
0.0
  0
LINE
  5
1ADB4
330
1ADB1
100
AcDbEntity
  8
0
100
AcDbLine
 10
-2.223076211352747
 20
-2.149519052838229
 30
0.0
 11
2.999999999999545
 21
-0.7500000000003127
 31
0.0
  0
HATCH
  5
1ADB5
330
1ADB1
100
AcDbEntity
  8
0
100
AcDbHatch
 10
0.0
 20
0.0
 30
0.0
210
0.0
220
0.0
230
1.0
  2
_SOLID
 70
     1
 71
     1
 91
        1
 92
        1
 93
        3
 72
     1
 10
0.0
 20
0.0
 11
6.000000000000056
 21
-0.0000000000001137
 72
     1
 10
6.000000000000056
 20
-0.0000000000001137
 11
5.196152422706518
 21
3.000000000000397
 72
     1
 10
5.196152422706518
 20
3.000000000000397
 11
0.0
 21
0.0
 97
        1
330
1ADB6
 75
     1
 76
     1
 98
        1
 10
816.3238537282536
 20
90.5054138766277
450
        0
451
        0
460
0.0
461
0.0
452
        0
462
0.0
453
        2
463
0.0
 63
     5
421
      255
463
1.0
 63
     2
421
 16776960
470
LINEAR
1001
GRADIENTCOLOR1ACI
1070
     5
1001
GRADIENTCOLOR2ACI
1070
     2
1001
ACAD
1010
0.0
1020
0.0
1030
0.0
  0
LWPOLYLINE
  5
1ADB6
102
{ACAD_REACTORS
330
1ADB5
102
}
330
1ADB1
100
AcDbEntity
  8
0
100
AcDbPolyline
 90
        4
 70
     0
 43
0.0
 10
0.0
 20
0.0
 10
6.000000000000056
 20
-0.0000000000001137
 10
5.196152422706518
 20
3.000000000000397
 10
0.0
 20
0.0
  0
HATCH
  5
1ADB7
330
1ADB1
100
AcDbEntity
  8
0
100
AcDbHatch
 10
0.0
 20
0.0
 30
0.0
210
0.0
220
0.0
230
1.0
  2
_SOLID
 70
     1
 71
     1
 91
        1
 92
        1
 93
        3
 72
     1
 10
-0.0000000000004547
 20
-0.0000000000002274
 11
-5.196152422706404
 21
-3.000000000000255
 72
     1
 10
-5.196152422706404
 20
-3.000000000000255
 11
-5.999999999999943
 21
-0.0000000000001137
 72
     1
 10
-5.999999999999943
 20
-0.0000000000001137
 11
-0.0000000000004547
 21
-0.0000000000002274
 97
        1
330
1ADB8
 75
     1
 76
     1
 98
        1
 10
-641.2251245019765
 20
-513.2311407291585
450
        0
451
        0
460
0.0
461
0.0
452
        0
462
0.0
453
        2
463
0.0
 63
     5
421
      255
463
1.0
 63
     2
421
 16776960
470
LINEAR
1001
GRADIENTCOLOR1ACI
1070
     5
1001
GRADIENTCOLOR2ACI
1070
     2
1001
ACAD
1010
0.0
1020
0.0
1030
0.0
  0
LWPOLYLINE
  5
1ADB8
102
{ACAD_REACTORS
330
1ADB7
102
}
330
1ADB1
100
AcDbEntity
  8
0
100
AcDbPolyline
 90
        4
 70
     0
 43
0.0
 10
-0.0000000000004547
 20
-0.0000000000002274
 10
-5.196152422706404
 20
-3.000000000000255
 10
-5.999999999999943
 20
-0.0000000000001137
 10
-0.0000000000004547
 20
-0.0000000000002274
  0
ENDBLK
  5
1ADB9
330
1ADB1
100
AcDbEntity
  8
0
100
AcDbBlockEnd
  0
BLOCK
  5
1ADBB
330
1ADBA
100
AcDbEntity
  8
0
100
AcDbBlockBegin
  2
KO_SPV_30_Enkelkryssveksel
 70
     0
 10
0.0
 20
0.0
 30
0.0
  3
KO_SPV_30_Enkelkryssveksel
  1

  4
30_Enkelkryssveksel
  0
LINE
  5
1ADBC
330
1ADBA
100
AcDbEntity
  8
0
100
AcDbLine
 10
-3.0
 20
0.7499999999998864
 30
0.0
 11
2.223076211353202
 21
2.149519052838513
 31
0.0
  0
HATCH
  5
1ADBD
330
1ADBA
100
AcDbEntity
  8
0
100
AcDbHatch
 10
0.0
 20
0.0
 30
0.0
210
0.0
220
0.0
230
1.0
  2
_SOLID
 70
     1
 71
     1
 91
        1
 92
        1
 93
        3
 72
     1
 10
0.0000000000004547
 20
0.0000000000002274
 11
6.000000000000511
 21
0.0000000000001137
 72
     1
 10
6.000000000000511
 20
0.0000000000001137
 11
5.196152422706973
 21
3.000000000000625
 72
     1
 10
5.196152422706973
 20
3.000000000000625
 11
0.0000000000004547
 21
0.0000000000002274
 97
        1
330
1ADBE
 75
     1
 76
     1
 98
        1
 10
816.3238537282541
 20
90.50541387662795
450
        0
451
        0
460
0.0
461
0.0
452
        0
462
0.0
453
        2
463
0.0
 63
     5
421
      255
463
1.0
 63
     2
421
 16776960
470
LINEAR
1001
GRADIENTCOLOR1ACI
1070
     5
1001
GRADIENTCOLOR2ACI
1070
     2
1001
ACAD
1010
0.0
1020
0.0
1030
0.0
  0
LWPOLYLINE
  5
1ADBE
102
{ACAD_REACTORS
330
1ADBD
102
}
330
1ADBA
100
AcDbEntity
  8
0
100
AcDbPolyline
 90
        4
 70
     0
 43
0.0
 10
0.0000000000004547
 20
0.0000000000002274
 10
6.000000000000511
 20
0.0000000000001137
 10
5.196152422706973
 20
3.000000000000625
 10
0.0000000000004547
 20
0.0000000000002274
  0
HATCH
  5
1ADBF
330
1ADBA
100
AcDbEntity
  8
0
100
AcDbHatch
 10
0.0
 20
0.0
 30
0.0
210
0.0
220
0.0
230
1.0
  2
_SOLID
 70
     1
 71
     1
 91
        1
 92
        1
 93
        3
 72
     1
 10
0.0
 20
0.0
 11
-5.196152422705949
 21
-3.000000000000028
 72
     1
 10
-5.196152422705949
 20
-3.000000000000028
 11
-5.999999999999488
 21
0.0000000000001137
 72
     1
 10
-5.999999999999488
 20
0.0000000000001137
 11
0.0
 21
0.0
 97
        1
330
1ADC0
 75
     1
 76
     1
 98
        1
 10
-641.2251245019761
 20
-513.2311407291584
450
        0
451
        0
460
0.0
461
0.0
452
        0
462
0.0
453
        2
463
0.0
 63
     5
421
      255
463
1.0
 63
     2
421
 16776960
470
LINEAR
1001
GRADIENTCOLOR1ACI
1070
     5
1001
GRADIENTCOLOR2ACI
1070
     2
1001
ACAD
1010
0.0
1020
0.0
1030
0.0
  0
LWPOLYLINE
  5
1ADC0
102
{ACAD_REACTORS
330
1ADBF
102
}
330
1ADBA
100
AcDbEntity
  8
0
100
AcDbPolyline
 90
        4
 70
     0
 43
0.0
 10
0.0
 20
0.0
 10
-5.196152422705949
 20
-3.000000000000028
 10
-5.999999999999488
 20
0.0000000000001137
 10
0.0
 20
0.0
  0
ENDBLK
  5
1ADC1
330
1ADBA
100
AcDbEntity
  8
0
100
AcDbBlockEnd
  0
BLOCK
  5
1ADC3
330
1ADC2
100
AcDbEntity
  8
0
100
AcDbBlockBegin
  2
KO_SPV_30_Dobbelkryssveksel_0
 70
     0
 10
0.0
 20
0.0
 30
0.0
  3
KO_SPV_30_Dobbelkryssveksel_0
  1

  4
30_Dobbelkryssveksel
  0
LINE
  5
1ADC4
330
1ADC2
100
AcDbEntity
  8
0
100
AcDbLine
 10
-3.0
 20
0.7499999999998864
 30
0.0
 11
2.223076211353202
 21
2.149519052838513
 31
0.0
  0
LINE
  5
1ADC5
330
1ADC2
100
AcDbEntity
  8
0
100
AcDbLine
 10
-2.223076211352292
 20
-2.149519052838002
 30
0.0
 11
3.0
 21
-0.7500000000000853
 31
0.0
  0
ENDBLK
  5
1ADC6
330
1ADC2
100
AcDbEntity
  8
0
100
AcDbBlockEnd
  0
BLOCK
  5
1ADC8
330
1ADC7
100
AcDbEntity
  8
0
100
AcDbBlockBegin
  2
KO_SPV_30_Enkelkryssveksel_0
 70
     0
 10
0.0
 20
0.0
 30
0.0
  3
KO_SPV_30_Enkelkryssveksel_0
  1

  4
30_Enkelkryssveksel
  0
LINE
  5
1ADC9
330
1ADC7
100
AcDbEntity
  8
0
100
AcDbLine
 10
-3.000000000000454
 20
0.749999999999659
 30
0.0
 11
2.223076211352747
 21
2.149519052838286
 31
0.0
  0
ENDBLK
  5
1ADCA
330
1ADC7
100
AcDbEntity
  8
0
100
AcDbBlockEnd
  0
BLOCK
  5
1B38A
330
1B389
100
AcDbEntity
  8
0
100
AcDbBlockBegin
  2
*U37
 70
     1
 10
0.0
 20
0.0
 30
0.0
  3
*U37
  1

  0
LWPOLYLINE
  5
1B38C
330
1B389
100
AcDbEntity
  8
0
100
AcDbPolyline
 90
        5
 70
     0
 43
0.0
 10
4.899999999945345
 20
4.800000001198585
 10
4.899999999945345
 20
4.800000001198585
 10
4.0
 20
3.000000001307861
 10
-4.000000000000005
 20
3.000000005125047
 10
-4.900000000141917
 20
4.800000001226932
1001
AcDbBlockRepETag
1070
     1
1071
       19
1005
1B38C
  0
LWPOLYLINE
  5
1B38D
330
1B389
100
AcDbEntity
  8
0
100
AcDbPolyline
 90
        4
 70
     0
 43
0.0
 10
4.899999999768535
 20
-4.800000003779418
 10
3.999999999823188
 20
-3.000000003888693
 10
-4.000000000176811
 20
-3.000000007649191
 10
-4.900000000318727
 20
-4.800000003751073
1001
AcDbBlockRepETag
1070
     1
1071
       26
1005
1B38D
  0
ENDBLK
  5
1B38B
330
1B389
100
AcDbEntity
  8
0
100
AcDbBlockEnd
  0
BLOCK
  5
1B437
330
1B436
100
AcDbEntity
  8
0
100
AcDbBlockBegin
  2
*U38
 70
     1
 10
0.0
 20
0.0
 30
0.0
  3
*U38
  1

  0
HATCH
  5
1B439
330
1B436
100
AcDbEntity
  8
JBT_Skravur grey solid
100
AcDbHatch
 10
0.0
 20
0.0
 30
0.0
210
0.0
220
0.0
230
1.0
  2
SOLID
 70
     1
 71
     1
 91
        1
 92
        1
 93
        4
 72
     1
 10
0.0
 20
0.0
 11
29.0
 21
0.0
 72
     1
 10
29.0
 20
0.0
 11
29.0
 21
5.999999999999772
 72
     1
 10
29.0
 20
5.999999999999772
 11
0.0
 21
5.999999999999772
 72
     1
 10
0.0
 20
5.999999999999772
 11
0.0
 21
0.0
 97
        1
330
1B43A
 75
     1
 76
     1
 98
        1
 10
-214.9999999999999
 20
-182.4999999999999
450
        0
451
        0
460
0.0
461
0.0
452
        0
462
1.0
453
        2
463
0.0
 63
     5
421
      255
463
1.0
 63
     2
421
 16776960
470
LINEAR
1001
GRADIENTCOLOR1ACI
1070
     5
1001
GRADIENTCOLOR2ACI
1070
     2
1001
ACAD
1010
0.0
1020
0.0
1030
0.0
1001
AcDbBlockRepETag
1070
     1
1071
        0
1005
1B439
  0
LWPOLYLINE
  5
1B43A
102
{ACAD_REACTORS
330
1B439
102
}
330
1B436
100
AcDbEntity
  8
JBT_Objekter_0.10mm
100
AcDbPolyline
 90
        4
 70
     1
 43
0.0
 10
0.0
 20
0.0
 10
29.0
 20
0.0
 10
29.0
 20
5.999999999999772
 10
0.0
 20
5.999999999999772
1001
AcDbBlockRepETag
1070
     1
1071
        1
1005
1B43A
  0
ENDBLK
  5
1B438
330
1B436
100
AcDbEntity
  8
0
100
AcDbBlockEnd
  0
BLOCK
  5
1B4E5
330
1B4E4
100
AcDbEntity
  8
0
100
AcDbBlockBegin
  2
KO_Kurvepunkt
 70
     2
 10
0.0
 20
0.0
 30
0.0
  3
KO_Kurvepunkt
  1

  0
LINE
  5
1BCD1
330
1B4E4
100
AcDbEntity
  8
0
 62
     7
100
AcDbLine
 10
0.0
 20
-1.0
 30
0.0
 11
0.0
 21
1.0
 31
0.0
  0
ATTDEF
  5
1BCD2
330
1B4E4
100
AcDbEntity
  8
0
 62
     2
100
AcDbText
 10
-1.805625000000001
 20
3.0
 30
0.0
 40
2.5
  1

 41
0.9
  7
ISO25
 72
     1
 11
0.0
 21
3.0
 31
0.0
100
AcDbAttributeDefinition
280
     0
  3
Kurvepunkt
  2
KP
 70
     0
280
     1
  0
CIRCLE
  5
1BCD3
330
1B4E4
100
AcDbEntity
  8
0
 62
     2
100
AcDbCircle
 10
0.0
 20
1.5
 30
0.0
 40
0.5
  0
CIRCLE
  5
1BCD4
330
1B4E4
100
AcDbEntity
  8
0
 62
     2
100
AcDbCircle
 10
0.0
 20
-1.5
 30
0.0
 40
0.5
  0
ENDBLK
  5
1B4E6
330
1B4E4
100
AcDbEntity
  8
0
100
AcDbBlockEnd
  0
BLOCK
  5
1B50F
330
1B50E
100
AcDbEntity
  8
0
100
AcDbBlockBegin
  2
KO_Sporpunkt
 70
     2
 10
0.0
 20
0.0
 30
0.0
  3
KO_Sporpunkt
  1

  0
LINE
  5
1BCC1
330
1B50E
100
AcDbEntity
  8
0
 62
     7
100
AcDbLine
 10
0.0
 20
-1.0
 30
0.0
 11
0.0
 21
1.0
 31
0.0
  0
ATTDEF
  5
1BCC2
330
1B50E
100
AcDbEntity
  8
0
 62
     2
100
AcDbText
 10
-7.155442913385829
 20
3.0
 30
0.0
 40
2.5
  1

 41
0.9
  7
ISO25
 72
     1
 11
0.0
 21
3.0
 31
0.0
100
AcDbAttributeDefinition
280
     0
  3
Spor geometri
  2
SPORGEOM
 70
     0
280
     1
  0
ENDBLK
  5
1B510
330
1B50E
100
AcDbEntity
  8
0
100
AcDbBlockEnd
  0
BLOCK
  5
1B526
330
1B525
100
AcDbEntity
  8
0
100
AcDbBlockBegin
  2
KO_KM
 70
     2
 10
0.0
 20
0.0
 30
0.0
  3
KO_KM
  1

  0
LINE
  5
1BED1
330
1B525
100
AcDbEntity
  8
0
100
AcDbLine
 10
0.0
 20
-1.5
 30
0.0
 11
0.0
 21
1.5
 31
0.0
  0
ATTDEF
  5
1BED2
330
1B525
100
AcDbEntity
  8
JBT_Tekst_35
100
AcDbText
 10
-2.983750000000001
 20
8.0
 30
0.0
 40
3.5
  1

  7
ISO35
 72
     1
 11
0.0
 21
8.0
 31
0.0
100
AcDbAttributeDefinition
280
     0
  3
Hele km
  2
KM
 70
     0
280
     1
  0
ENDBLK
  5
1B527
330
1B525
100
AcDbEntity
  8
0
100
AcDbBlockEnd
  0
BLOCK
  5
1B624
330
1B623
100
AcDbEntity
  8
0
100
AcDbBlockBegin
  2
KU_Bru
 70
     0
 10
0.0
 20
0.0
 30
0.0
  3
KU_Bru
  1

  0
LWPOLYLINE
  5
1B62A
330
1B623
100
AcDbEntity
  8
0
100
AcDbPolyline
 90
        5
 70
     0
 43
0.0
 10
13.89999999994534
 20
4.80000000122693
 10
13.89999999994534
 20
4.80000000122693
 10
13.0
 20
3.000000001336206
 10
-4.000000000000005
 20
3.000000005125047
 10
-4.900000000141917
 20
4.800000001226932
1001
AcDbBlockRepETag
1070
     1
1071
       19
1005
1B62A
  0
LWPOLYLINE
  5
1B62B
330
1B623
100
AcDbEntity
  8
0
100
AcDbPolyline
 90
        4
 70
     0
 43
0.0
 10
13.89999999976853
 20
-13.80000000375107
 10
12.99999999982319
 20
-12.00000000386035
 10
-4.000000000176811
 20
-12.00000000764919
 10
-4.900000000318727
 20
-13.80000000375107
1001
AcDbBlockRepETag
1070
     1
1071
       26
1005
1B62B
  0
ENDBLK
  5
1B625
330
1B623
100
AcDbEntity
  8
0
100
AcDbBlockEnd
  0
BLOCK
  5
1B6B0
330
1B6AF
100
AcDbEntity
  8
0
100
AcDbBlockBegin
  2
KU_Bru vei
 70
     0
 10
0.0
 20
0.0
 30
0.0
  3
KU_Bru vei
  1

  0
LINE
  5
1B69E
330
1B6AF
100
AcDbEntity
  8
0
100
AcDbLine
 10
3.000000000000454
 20
-17.0
 30
0.0
 11
3.000000000000454
 21
8.0
 31
0.0
1001
AcDbBlockRepETag
1070
     1
1071
        0
1005
1B69E
  0
LINE
  5
1B69F
330
1B6AF
100
AcDbEntity
  8
0
100
AcDbLine
 10
-2.999999999999545
 20
-17.0
 30
0.0
 11
-2.999999999999545
 21
8.0
 31
0.0
1001
AcDbBlockRepETag
1070
     1
1071
        1
1005
1B69F
  0
ENDBLK
  5
1B6B1
330
1B6AF
100
AcDbEntity
  8
0
100
AcDbBlockEnd
  0
BLOCK
  5
1B6CC
330
1B6CB
100
AcDbEntity
  8
0
100
AcDbBlockBegin
  2
*U44
 70
     1
 10
0.0
 20
0.0
 30
0.0
  3
*U44
  1

  0
LWPOLYLINE
  5
1B6CE
330
1B6CB
100
AcDbEntity
  8
0
100
AcDbPolyline
 90
        5
 70
     0
 43
0.0
 10
4.899999999945345
 20
4.800000001198585
 10
4.899999999945345
 20
4.800000001198585
 10
4.0
 20
3.000000001307861
 10
-4.000000000000005
 20
3.000000005125047
 10
-4.900000000141917
 20
4.800000001226932
1001
AcDbBlockRepETag
1070
     1
1071
       19
1005
1B6CE
  0
LWPOLYLINE
  5
1B6CF
330
1B6CB
100
AcDbEntity
  8
0
100
AcDbPolyline
 90
        4
 70
     0
 43
0.0
 10
4.899999999768535
 20
-4.800000003779418
 10
3.999999999823188
 20
-3.000000003888693
 10
-4.000000000176811
 20
-3.000000007649191
 10
-4.900000000318727
 20
-4.800000003751073
1001
AcDbBlockRepETag
1070
     1
1071
       26
1005
1B6CF
  0
ENDBLK
  5
1B6CD
330
1B6CB
100
AcDbEntity
  8
0
100
AcDbBlockEnd
  0
BLOCK
  5
1B6F4
330
1B6F3
100
AcDbEntity
  8
0
100
AcDbBlockBegin
  2
*U45
 70
     1
 10
0.0
 20
0.0
 30
0.0
  3
*U45
  1

  0
LWPOLYLINE
  5
1B6F6
330
1B6F3
100
AcDbEntity
  8
0
100
AcDbPolyline
 90
        5
 70
     0
 43
0.0
 10
13.89999999994534
 20
4.80000000122693
 10
13.89999999994534
 20
4.80000000122693
 10
13.0
 20
3.000000001336206
 10
-4.000000000000005
 20
3.000000005125047
 10
-4.900000000141917
 20
4.800000001226932
1001
AcDbBlockRepETag
1070
     1
1071
       19
1005
1B6F6
  0
LWPOLYLINE
  5
1B6F7
330
1B6F3
100
AcDbEntity
  8
0
100
AcDbPolyline
 90
        4
 70
     0
 43
0.0
 10
13.89999999976853
 20
-5.300000003751073
 10
12.99999999982319
 20
-3.500000003860348
 10
-4.000000000176811
 20
-3.500000007649191
 10
-4.900000000318727
 20
-5.300000003751073
1001
AcDbBlockRepETag
1070
     1
1071
       26
1005
1B6F7
  0
ENDBLK
  5
1B6F5
330
1B6F3
100
AcDbEntity
  8
0
100
AcDbBlockEnd
  0
BLOCK
  5
1B788
330
1B787
100
AcDbEntity
  8
0
100
AcDbBlockBegin
  2
KU_TUN
 70
     0
 10
0.0
 20
0.0
 30
0.0
  3
KU_TUN
  1

  0
LWPOLYLINE
  5
1B776
330
1B787
100
AcDbEntity
  8
0
100
AcDbPolyline
 90
        8
 70
     1
 43
0.0
 10
-3.000000000000002
 20
-12.7
 10
-0.0000000000000016
 20
-12.7
 10
0.0000000000000002
 20
3.7
 10
-3.0
 20
3.7
 10
-3.0
 20
3.0
 10
-0.7000000000000011
 20
3.000000000000001
 10
-0.7000000000000057
 20
-12.0
 10
-3.000000000000002
 20
-12.0
1001
AcDbBlockRepETag
1070
     1
1071
        8
1005
1B776
  0
LWPOLYLINE
  5
1B777
330
1B787
100
AcDbEntity
  8
0
100
AcDbPolyline
 90
        8
 70
     1
 43
0.0
 10
-2.860000000000002
 20
-12.56
 10
-0.1400000000000015
 20
-12.56
 10
-0.1399999999999999
 20
3.56
 10
-2.859999999999999
 20
3.56
 10
-2.859999999999999
 20
3.140000000000001
 10
-0.560000000000001
 20
3.140000000000001
 10
-0.5600000000000058
 20
-12.14
 10
-2.860000000000001
 20
-12.14
1001
AcDbBlockRepETag
1070
     1
1071
       15
1005
1B777
  0
LWPOLYLINE
  5
1B778
330
1B787
100
AcDbEntity
  8
0
100
AcDbPolyline
 90
        8
 70
     1
 43
0.0
 10
-2.720000000000001
 20
-12.42
 10
-0.2800000000000016
 20
-12.42
 10
-0.2799999999999998
 20
3.419999999999999
 10
-2.719999999999999
 20
3.419999999999999
 10
-2.719999999999999
 20
3.280000000000002
 10
-0.4200000000000009
 20
3.280000000000001
 10
-0.4200000000000058
 20
-12.28
 10
-2.720000000000001
 20
-12.28
1001
AcDbBlockRepETag
1070
     1
1071
       16
1005
1B778
  0
ENDBLK
  5
1B789
330
1B787
100
AcDbEntity
  8
0
100
AcDbBlockEnd
  0
BLOCK
  5
1B7A1
330
1B7A0
100
AcDbEntity
  8
0
100
AcDbBlockBegin
  2
*U47
 70
     1
 10
0.0
 20
0.0
 30
0.0
  3
*U47
  1

  0
LWPOLYLINE
  5
1B7A3
330
1B7A0
100
AcDbEntity
  8
0
100
AcDbPolyline
 90
        8
 70
     1
 43
0.0
 10
-2.999999995901816
 20
-3.700000000000001
 10
0.0000000040981842
 20
-3.700000000000001
 10
0.0000000000000002
 20
3.7
 10
-3.0
 20
3.7
 10
-3.0
 20
3.0
 10
-0.7000000000000011
 20
3.000000000000001
 10
-0.6999999959018199
 20
-3.0
 10
-2.999999995901816
 20
-3.0
1001
AcDbBlockRepETag
1070
     1
1071
        8
1005
1B7A3
  0
LWPOLYLINE
  5
1B7A4
330
1B7A0
100
AcDbEntity
  8
0
100
AcDbPolyline
 90
        8
 70
     1
 43
0.0
 10
-2.859999995901816
 20
-3.56
 10
-0.1399999959018157
 20
-3.56
 10
-0.1399999999999999
 20
3.56
 10
-2.859999999999999
 20
3.56
 10
-2.859999999999999
 20
3.140000000000001
 10
-0.560000000000001
 20
3.140000000000001
 10
-0.55999999590182
 20
-3.14
 10
-2.859999995901815
 20
-3.14
1001
AcDbBlockRepETag
1070
     1
1071
       15
1005
1B7A4
  0
LWPOLYLINE
  5
1B7A5
330
1B7A0
100
AcDbEntity
  8
0
100
AcDbPolyline
 90
        8
 70
     1
 43
0.0
 10
-2.719999995901816
 20
-3.419999999999999
 10
-0.2799999959018158
 20
-3.419999999999999
 10
-0.2799999999999998
 20
3.419999999999999
 10
-2.719999999999999
 20
3.419999999999999
 10
-2.719999999999999
 20
3.280000000000002
 10
-0.4200000000000009
 20
3.280000000000001
 10
-0.41999999590182
 20
-3.279999999999999
 10
-2.719999995901815
 20
-3.280000000000001
1001
AcDbBlockRepETag
1070
     1
1071
       16
1005
1B7A5
  0
ENDBLK
  5
1B7A2
330
1B7A0
100
AcDbEntity
  8
0
100
AcDbBlockEnd
  0
BLOCK
  5
1B7DD
330
1B7DC
100
AcDbEntity
  8
0
100
AcDbBlockBegin
  2
KO_PLO
 70
     0
 10
0.0
 20
0.0
 30
0.0
  3
KO_PLO
  1

  0
LINE
  5
1B7CB
330
1B7DC
100
AcDbEntity
  8
0
100
AcDbLine
 10
3.000000000000454
 20
-13.0
 30
0.0
 11
3.000000000000454
 21
4.0
 31
0.0
1001
AcDbBlockRepETag
1070
     1
1071
        0
1005
1B7CB
  0
LINE
  5
1B7CC
330
1B7DC
100
AcDbEntity
  8
0
100
AcDbLine
 10
-2.999999999999545
 20
-13.0
 30
0.0
 11
-2.999999999999545
 21
4.0
 31
0.0
1001
AcDbBlockRepETag
1070
     1
1071
        1
1005
1B7CC
  0
ENDBLK
  5
1B7DE
330
1B7DC
100
AcDbEntity
  8
0
100
AcDbBlockEnd
  0
BLOCK
  5
1B81A
330
1B819
100
AcDbEntity
 67
     1
  8
0
100
AcDbBlockBegin
  2
*Paper_Space49
 70
     0
 10
0.0
 20
0.0
 30
0.0
  3
*Paper_Space49
  1

  0
VIEWPORT
  5
1B81B
102
{ACAD_XDICTIONARY
360
1B81C
102
}
330
1B819
100
AcDbEntity
 67
     1
  8
0
100
AcDbViewport
 10
114.3220296560159
 20
185.4300334510235
 30
0.0
 40
900.7812000000001
 41
407.6583264483627
 68
     0
 69
     0
 12
114.3220296560159
 22
185.4300334510235
 13
0.0
 23
0.0
 14
10.0
 24
10.0
 15
10.0
 25
10.0
 16
0.0
 26
0.0
 36
1.0
 17
0.0
 27
0.0
 37
0.0
 42
50.0
 43
0.0
 44
0.0
 45
407.6583264483627
 50
0.0
 51
0.0
 72
  1000
 90
   819232
  1

281
     0
 71
     1
 74
     0
110
0.0
120
0.0
130
0.0
111
1.0
121
0.0
131
0.0
112
0.0
122
1.0
132
0.0
 79
     0
146
0.0
170
     0
 61
     5
348
9F
292
     1
282
     1
141
0.0
142
0.0
 63
   250
421
  3355443
1001
GENIUS_GENSCREG_15
1000
PF
1040
1.0
1000
DF
1040
1.0
1000
MIN
1011
-257.0859705541643
1021
-320.7561116657018
1031
0.0
1000
MAX
1011
2652.347720122776
1021
692.7990032246334
1031
0.0
1000
FLAGS
1070
     4
1001
GENIUS_GENOBJ-N-SDF_13
1002
{
1000
OWNER
1000
GEN
1002
}
1001
GENIUS_GENODEF_13
1002
{
1000
HIER
1070
     0
1002
}
1002
{
1000
MANEDIT
1070
     0
1002
}
1002
{
1000
NOSEL
1070
     0
1002
}
1002
{
1000
BEHIND
1070
     0
1002
}
1002
{
1000
OTHER
1070
     0
1002
}
1002
{
1000
REACTOR
1002
}
  0
VIEWPORT
  5
1B81E
102
{ACAD_XDICTIONARY
360
1B81F
102
}
330
1B819
100
AcDbEntity
 67
     1
  8
RAMME
100
AcDbViewport
 10
84.99999999999994
 20
138.713864117366
 30
0.0
 40
189.9999999999998
 41
277.427728234732
 68
     0
 69
     0
 12
-604.9999999999998
 22
138.5
 13
0.0
 23
0.0
 14
0.5
 24
0.5
 15
0.5
 25
0.5
 16
0.0
 26
0.0
 36
1.0
 17
0.0
 27
0.0
 37
0.0
 42
50.0
 43
0.0
 44
0.0
 45
277.4277282347318
 50
0.0
 51
0.0
 72
  1000
 90
   819296
  1

281
     0
 71
     1
 74
     0
110
0.0
120
0.0
130
0.0
111
1.0
121
0.0
131
0.0
112
0.0
122
1.0
132
0.0
 79
     0
146
0.0
170
     0
 61
     5
348
9F
292
     1
282
     1
141
0.0
142
0.0
 63
   250
421
  3355443
1001
GENIUS_GENSCREG_15
1000
PF
1040
0.0
1000
DF
1040
0.0
1000
MIN
1011
0.0
1021
0.0
1031
0.0
1000
MAX
1011
179.9999999999999
1021
277.427728234732
1031
0.0
1000
FLAGS
1070
     4
1001
GENIUS_GENOBJ-N-SDF_13
1002
{
1000
OWNER
1000
GEN
1002
}
1001
GENIUS_GENODEF_13
1002
{
1000
HIER
1070
     0
1002
}
1002
{
1000
MANEDIT
1070
     0
1002
}
1002
{
1000
NOSEL
1070
     0
1002
}
1002
{
1000
BEHIND
1070
     0
1002
}
1002
{
1000
OTHER
1070
     0
1002
}
1002
{
1000
REACTOR
1002
}
  0
ENDBLK
  5
1B821
330
1B819
100
AcDbEntity
 67
     1
  8
0
100
AcDbBlockEnd
  0
BLOCK
  5
1BA31
330
1BA2F
100
AcDbEntity
 67
     1
  8
0
100
AcDbBlockBegin
  2
*Paper_Space50
 70
     0
 10
0.0
 20
0.0
 30
0.0
  3
*Paper_Space50
  1

  0
VIEWPORT
  5
1BA3E
102
{ACAD_XDICTIONARY
360
1BA3F
102
}
330
1BA2F
100
AcDbEntity
 67
     1
  8
0
100
AcDbViewport
 10
221.8218917844462
 20
187.4683457729443
 30
0.0
 40
910.7552478892735
 41
412.1721902706283
 68
     0
 69
     0
 12
221.8218917844462
 22
187.4683457729443
 13
0.0
 23
0.0
 14
10.0
 24
10.0
 15
10.0
 25
10.0
 16
0.0
 26
0.0
 36
1.0
 17
0.0
 27
0.0
 37
0.0
 42
50.0
 43
0.0
 44
0.0
 45
412.1721902706283
 50
0.0
 51
0.0
 72
  1000
 90
   819232
  1

281
     0
 71
     1
 74
     0
110
0.0
120
0.0
130
0.0
111
1.0
121
0.0
131
0.0
112
0.0
122
1.0
132
0.0
 79
     0
146
0.0
170
     0
 61
     5
348
9F
292
     1
282
     1
141
0.0
142
0.0
 63
   250
421
  3355443
  0
VIEWPORT
  5
1BA64
102
{ACAD_XDICTIONARY
360
1BA65
102
}
330
1BA2F
100
AcDbEntity
 67
     1
  8
RAMME
100
AcDbViewport
 10
195.0
 20
138.5
 30
0.0
 40
390.0
 41
277.0
 68
     0
 69
     0
 12
195.0
 22
138.5
 13
0.0
 23
0.0
 14
0.5
 24
0.5
 15
0.5
 25
0.5
 16
0.0
 26
0.0
 36
1.0
 17
0.0
 27
0.0
 37
0.0
 42
50.0
 43
0.0
 44
0.0
 45
277.0
 50
0.0
 51
0.0
 72
  1000
 90
   819296
  1

281
     0
 71
     1
 74
     0
110
0.0
120
0.0
130
0.0
111
1.0
121
0.0
131
0.0
112
0.0
122
1.0
132
0.0
 79
     0
146
0.0
170
     0
 61
     5
348
9F
292
     1
282
     1
141
0.0
142
0.0
 63
   250
421
  3355443
1001
GENIUS_GENSCREG_15
1000
PF
1040
0.0
1000
DF
1040
0.0
1000
MIN
1011
-100.0
1021
0.0
1031
0.0
1000
MAX
1011
290.0
1021
277.0
1031
0.0
1000
FLAGS
1070
     4
1001
GENIUS_GENOBJ-N-SDF_13
1002
{
1000
OWNER
1000
GEN
1002
}
1001
GENIUS_GENODEF_13
1002
{
1000
HIER
1070
     0
1002
}
1002
{
1000
MANEDIT
1070
     0
1002
}
1002
{
1000
NOSEL
1070
     0
1002
}
1002
{
1000
BEHIND
1070
     0
1002
}
1002
{
1000
OTHER
1070
     0
1002
}
1002
{
1000
REACTOR
1002
}
  0
LINE
  5
1BA69
330
1BA2F
100
AcDbEntity
 67
     1
  8
JBT_Objekter_0.10mm
100
AcDbLine
 10
-10.0
 20
0.0
 30
0.0
 11
-15.0
 21
0.0
 31
0.0
  0
LINE
  5
1BA6A
330
1BA2F
100
AcDbEntity
 67
     1
  8
JBT_Objekter_0.10mm
100
AcDbLine
 10
-15.0
 20
0.0
 30
0.0
 11
-15.0
 21
4.999999999999999
 31
0.0
  0
LINE
  5
1BA74
330
1BA2F
100
AcDbEntity
 67
     1
  8
JBT_Objekter_0.10mm
100
AcDbLine
 10
-10.0
 20
277.0
 30
0.0
 11
-15.0
 21
277.0
 31
0.0
  0
LINE
  5
1BA75
330
1BA2F
100
AcDbEntity
 67
     1
  8
JBT_Objekter_0.10mm
100
AcDbLine
 10
-15.0
 20
277.0
 30
0.0
 11
-15.0
 21
272.0
 31
0.0
  0
ENDBLK
  5
1BA32
330
1BA2F
100
AcDbEntity
 67
     1
  8
0
100
AcDbBlockEnd
  0
BLOCK
  5
101C7BA
330
101C7B9
100
AcDbEntity
 67
     1
  8
0
100
AcDbBlockBegin
  2
*Paper_Space51
 70
     0
 10
0.0
 20
0.0
 30
0.0
  3
*Paper_Space51
  1

  0
VIEWPORT
  5
101C7BB
102
{ACAD_XDICTIONARY
360
101C7BC
102
}
330
101C7B9
100
AcDbEntity
 67
     1
  8
0
100
AcDbViewport
 10
332.7314113147908
 20
207.1442872496886
 30
0.0
 40
594.1809602407082
 41
268.9030542147285
 68
     0
 69
     0
 12
332.7314113147908
 22
207.1442872496886
 13
0.0
 23
0.0
 14
10.0
 24
10.0
 15
10.0
 25
10.0
 16
0.0
 26
0.0
 36
1.0
 17
0.0
 27
0.0
 37
0.0
 42
50.0
 43
0.0
 44
0.0
 45
268.9030542147285
 50
0.0
 51
0.0
 72
  1000
 90
   819232
  1

281
     0
 71
     1
 74
     0
110
0.0
120
0.0
130
0.0
111
1.0
121
0.0
131
0.0
112
0.0
122
1.0
132
0.0
 79
     0
146
0.0
170
     0
 61
     5
348
9F
292
     1
282
     1
141
0.0
142
0.0
 63
   250
421
  3355443
  0
VIEWPORT
  5
101C7BE
102
{ACAD_XDICTIONARY
360
101C7BF
102
}
330
101C7B9
100
AcDbEntity
 67
     1
  8
RAMME
100
AcDbViewport
 10
195.0
 20
182.0
 30
0.0
 40
277.0
 41
190.0
 68
     0
 69
     0
 12
195.0
 22
182.0
 13
0.0
 23
0.0
 14
0.5
 24
0.5
 15
0.5
 25
0.5
 16
0.0
 26
0.0
 36
1.0
 17
0.0
 27
0.0
 37
0.0
 42
50.0
 43
0.0
 44
0.0
 45
190.0
 50
0.0
 51
0.0
 72
  1000
 90
   819296
  1

281
     0
 71
     1
 74
     0
110
0.0
120
0.0
130
0.0
111
1.0
121
0.0
131
0.0
112
0.0
122
1.0
132
0.0
 79
     0
146
0.0
170
     0
 61
     5
348
9F
292
     1
282
     1
141
0.0
142
0.0
 63
   250
421
  3355443
1001
GENIUS_GENSCREG_15
1000
PF
1040
0.0
1000
DF
1040
0.0
1000
MIN
1011
-100.0
1021
0.0
1031
0.0
1000
MAX
1011
290.0
1021
277.0
1031
0.0
1000
FLAGS
1070
     4
1001
GENIUS_GENOBJ-N-SDF_13
1002
{
1000
OWNER
1000
GEN
1002
}
1001
GENIUS_GENODEF_13
1002
{
1000
HIER
1070
     0
1002
}
1002
{
1000
MANEDIT
1070
     0
1002
}
1002
{
1000
NOSEL
1070
     0
1002
}
1002
{
1000
BEHIND
1070
     0
1002
}
1002
{
1000
OTHER
1070
     0
1002
}
1002
{
1000
REACTOR
1002
}
  0
ENDBLK
  5
101C7C5
330
101C7B9
100
AcDbEntity
 67
     1
  8
0
100
AcDbBlockEnd
  0
BLOCK
  5
1B83B
330
1B83A
100
AcDbEntity
 67
     1
  8
0
100
AcDbBlockBegin
  2
*Paper_Space52
 70
     0
 10
0.0
 20
0.0
 30
0.0
  3
*Paper_Space52
  1

  0
VIEWPORT
  5
1B83C
102
{ACAD_XDICTIONARY
360
1B83D
102
}
330
1B83A
100
AcDbEntity
 67
     1
  8
0
100
AcDbViewport
 10
111.3724455229527
 20
199.8436702767243
 30
0.0
 40
894.9106039590644
 41
436.4962612327693
 68
     1
 69
     1
 12
111.3724455229527
 22
199.8436702767243
 13
0.0
 23
0.0
 14
10.0
 24
10.0
 15
10.0
 25
10.0
 16
0.0
 26
0.0
 36
1.0
 17
0.0
 27
0.0
 37
0.0
 42
50.0
 43
0.0
 44
0.0
 45
436.4962612327693
 50
0.0
 51
0.0
 72
  1000
 90
   819232
  1

281
     0
 71
     1
 74
     0
110
0.0
120
0.0
130
0.0
111
1.0
121
0.0
131
0.0
112
0.0
122
1.0
132
0.0
 79
     0
146
0.0
170
     0
 61
     5
348
9F
292
     1
282
     1
141
0.0
142
0.0
 63
   250
421
  3355443
1001
GENIUS_GENOBJ-N-SDF_13
1002
{
1000
OWNER
1000
GEN
1002
}
1001
GENIUS_GENODEF_13
1002
{
1000
HIER
1070
     0
1002
}
1002
{
1000
MANEDIT
1070
     0
1002
}
1002
{
1000
NOSEL
1070
     0
1002
}
1002
{
1000
BEHIND
1070
     0
1002
}
1002
{
1000
OTHER
1070
     0
1002
}
1002
{
1000
REACTOR
1002
}
1001
GENIUS_GENSCREG_15
1000
PF
1040
1.0
1000
DF
1040
1.0
1000
MIN
1011
-336.0828564565794
1021
-18.40446033966026
1031
0.0
1000
MAX
1011
558.8277475024849
1021
386.5970640381195
1031
0.0
1000
FLAGS
1070
     4
  0
VIEWPORT
  5
1B83F
102
{ACAD_XDICTIONARY
360
1B840
102
}
330
1B83A
100
AcDbEntity
 67
     1
  8
RAMME
100
AcDbViewport
 10
84.99999999999994
 20
138.713864117366
 30
0.0
 40
189.9999999999998
 41
277.427728234732
 68
     2
 69
     2
 12
-605.0000000000001
 22
445.5
 13
0.0
 23
0.0
 14
0.5
 24
0.5
 15
0.5
 25
0.5
 16
0.0
 26
0.0
 36
1.0
 17
0.0
 27
0.0
 37
0.0
 42
50.0
 43
0.0
 44
0.0
 45
277.4277282347318
 50
0.0
 51
0.0
 72
  1000
 90
   819296
  1

281
     0
 71
     1
 74
     0
110
0.0
120
0.0
130
0.0
111
1.0
121
0.0
131
0.0
112
0.0
122
1.0
132
0.0
 79
     0
146
0.0
170
     0
 61
     5
348
9F
292
     1
282
     1
141
0.0
142
0.0
 63
   250
421
  3355443
1001
GENIUS_GENOBJ-N-SDF_13
1002
{
1000
OWNER
1000
GEN
1002
}
1001
GENIUS_GENODEF_13
1002
{
1000
HIER
1070
     0
1002
}
1002
{
1000
MANEDIT
1070
     0
1002
}
1002
{
1000
NOSEL
1070
     0
1002
}
1002
{
1000
BEHIND
1070
     0
1002
}
1002
{
1000
OTHER
1070
     0
1002
}
1002
{
1000
REACTOR
1002
}
1001
GENIUS_GENSCREG_15
1000
PF
1040
0.0
1000
DF
1040
0.0
1000
MIN
1011
-10.0
1021
0.0
1031
0.0
1000
MAX
1011
179.9999999999999
1021
277.427728234732
1031
0.0
1000
FLAGS
1070
     4
  0
ENDBLK
  5
1B842
330
1B83A
100
AcDbEntity
 67
     1
  8
0
100
AcDbBlockEnd
  0
BLOCK
  5
1B9D7
330
1B9D6
100
AcDbEntity
  8
0
100
AcDbBlockBegin
  2
*U53
 70
     1
 10
0.0
 20
0.0
 30
0.0
  3
*U53
  1

  0
LINE
  5
1B9D9
330
1B9D6
100
AcDbEntity
  8
0
100
AcDbLine
 10
3.000000000000454
 20
-13.0
 30
0.0
 11
3.000000000000454
 21
4.0
 31
0.0
1001
AcDbBlockRepETag
1070
     1
1071
        0
1005
1B9D9
  0
LINE
  5
1B9DA
330
1B9D6
100
AcDbEntity
  8
0
100
AcDbLine
 10
-2.999999999999545
 20
-13.0
 30
0.0
 11
-2.999999999999545
 21
4.0
 31
0.0
1001
AcDbBlockRepETag
1070
     1
1071
        1
1005
1B9DA
  0
ENDBLK
  5
1B9D8
330
1B9D6
100
AcDbEntity
  8
0
100
AcDbBlockEnd
  0
BLOCK
  5
1B9F3
330
1B9F2
100
AcDbEntity
  8
0
100
AcDbBlockBegin
  2
*U54
 70
     1
 10
0.0
 20
0.0
 30
0.0
  3
*U54
  1

  0
HATCH
  5
1B9F5
330
1B9F2
100
AcDbEntity
  8
JBT_Skravur grey solid
100
AcDbHatch
 10
0.0
 20
0.0
 30
0.0
210
0.0
220
0.0
230
1.0
  2
SOLID
 70
     1
 71
     1
 91
        1
 92
        1
 93
        4
 72
     1
 10
0.0
 20
0.0
 11
71.87983726608971
 21
0.0
 72
     1
 10
71.87983726608971
 20
0.0
 11
71.87983726608971
 21
5.999999999999772
 72
     1
 10
71.87983726608971
 20
5.999999999999772
 11
0.0
 21
5.999999999999772
 72
     1
 10
0.0
 20
5.999999999999772
 11
0.0
 21
0.0
 97
        1
330
1B9F6
 75
     1
 76
     1
 98
        1
 10
-172.1201627339102
 20
-182.4999999999999
450
        0
451
        0
460
0.0
461
0.0
452
        0
462
1.0
453
        2
463
0.0
 63
     5
421
      255
463
1.0
 63
     2
421
 16776960
470
LINEAR
1001
GRADIENTCOLOR1ACI
1070
     5
1001
GRADIENTCOLOR2ACI
1070
     2
1001
ACAD
1010
0.0
1020
0.0
1030
0.0
1001
AcDbBlockRepETag
1070
     1
1071
        0
1005
1B9F5
  0
LWPOLYLINE
  5
1B9F6
102
{ACAD_REACTORS
330
1B9F5
102
}
330
1B9F2
100
AcDbEntity
  8
JBT_Objekter_0.10mm
100
AcDbPolyline
 90
        4
 70
     1
 43
0.0
 10
0.0
 20
0.0
 10
71.87983726608971
 20
0.0
 10
71.87983726608971
 20
5.999999999999772
 10
0.0
 20
5.999999999999772
1001
AcDbBlockRepETag
1070
     1
1071
        1
1005
1B9F6
  0
ENDBLK
  5
1B9F4
330
1B9F2
100
AcDbEntity
  8
0
100
AcDbBlockEnd
  0
BLOCK
  5
101C190
330
101C18F
100
AcDbEntity
 67
     1
  8
0
100
AcDbBlockBegin
  2
*Paper_Space55
 70
     0
 10
0.0
 20
0.0
 30
0.0
  3
*Paper_Space55
  1

  0
VIEWPORT
  5
101C191
102
{ACAD_XDICTIONARY
360
101C192
102
}
330
101C18F
100
AcDbEntity
 67
     1
  8
0
100
AcDbViewport
 10
201.7457558383825
 20
183.3501347888194
 30
0.0
 40
973.3415018960139
 41
474.7512484495409
 68
     1
 69
     1
 12
201.7457558383825
 22
183.3501347888194
 13
0.0
 23
0.0
 14
10.0
 24
10.0
 15
10.0
 25
10.0
 16
0.0
 26
0.0
 36
1.0
 17
0.0
 27
0.0
 37
0.0
 42
50.0
 43
0.0
 44
0.0
 45
474.7512484495409
 50
0.0
 51
0.0
 72
  1000
 90
   819232
  1

281
     0
 71
     1
 74
     0
110
0.0
120
0.0
130
0.0
111
1.0
121
0.0
131
0.0
112
0.0
122
1.0
132
0.0
 79
     0
146
0.0
170
     0
 61
     5
348
9F
292
     1
282
     1
141
0.0
142
0.0
 63
   250
421
  3355443
1001
GENIUS_GENOBJ-N-SDF_13
1002
{
1000
OWNER
1000
GEN
1002
}
1001
GENIUS_GENODEF_13
1002
{
1000
HIER
1070
     0
1002
}
1002
{
1000
MANEDIT
1070
     0
1002
}
1002
{
1000
NOSEL
1070
     0
1002
}
1002
{
1000
BEHIND
1070
     0
1002
}
1002
{
1000
OTHER
1070
     0
1002
}
1002
{
1000
REACTOR
1002
}
1001
GENIUS_GENSCREG_15
1000
PF
1040
1.0
1000
DF
1040
1.0
1000
MIN
1011
-284.9249951096244
1021
-54.02548943595104
1031
0.0
1000
MAX
1011
617.7270496398318
1021
420.7257590135899
1031
0.0
1000
FLAGS
1070
     4
  0
VIEWPORT
  5
101C194
102
{ACAD_XDICTIONARY
360
101C195
102
}
330
101C18F
100
AcDbEntity
 67
     1
  8
RAMME
100
AcDbViewport
 10
84.99999999999994
 20
138.713864117366
 30
0.0
 40
189.9999999999998
 41
277.427728234732
 68
     2
 69
     2
 12
-395.0000000000001
 22
752.5
 13
0.0
 23
0.0
 14
0.5
 24
0.5
 15
0.5
 25
0.5
 16
0.0
 26
0.0
 36
1.0
 17
0.0
 27
0.0
 37
0.0
 42
50.0
 43
0.0
 44
0.0
 45
277.4277282347318
 50
0.0
 51
0.0
 72
  1000
 90
   819296
  1

281
     0
 71
     1
 74
     0
110
0.0
120
0.0
130
0.0
111
1.0
121
0.0
131
0.0
112
0.0
122
1.0
132
0.0
 79
     0
146
0.0
170
     0
 61
     5
348
9F
292
     1
282
     1
141
0.0
142
0.0
 63
   250
421
  3355443
1001
GENIUS_GENOBJ-N-SDF_13
1002
{
1000
OWNER
1000
GEN
1002
}
1001
GENIUS_GENODEF_13
1002
{
1000
HIER
1070
     0
1002
}
1002
{
1000
MANEDIT
1070
     0
1002
}
1002
{
1000
NOSEL
1070
     0
1002
}
1002
{
1000
BEHIND
1070
     0
1002
}
1002
{
1000
OTHER
1070
     0
1002
}
1002
{
1000
REACTOR
1002
}
1001
GENIUS_GENSCREG_15
1000
PF
1040
0.0
1000
DF
1040
0.0
1000
MIN
1011
-10.0
1021
0.0
1031
0.0
1000
MAX
1011
179.9999999999999
1021
277.427728234732
1031
0.0
1000
FLAGS
1070
     4
  0
ENDBLK
  5
101C197
330
101C18F
100
AcDbEntity
 67
     1
  8
0
100
AcDbBlockEnd
  0
BLOCK
  5
1BF3F
330
1BF3E
100
AcDbEntity
  8
0
100
AcDbBlockBegin
  2
KO_Kjedebrudd
 70
     2
 10
0.0
 20
0.0
 30
0.0
  3
KO_Kjedebrudd
  1

  0
TEXT
  5
1BF33
330
1BF3E
100
AcDbEntity
  8
0
  6
ByBlock
 62
     4
100
AcDbText
 10
-6.206183035509234
 20
14.75000000000022
 30
0.0
 40
1.8
  1
KJEDEBRUDD
 41
0.9
  7
ISO25
 72
     1
 11
0.0000000000000711
 21
14.75000000000022
 31
0.0
100
AcDbText
  0
ATTDEF
  5
1BF34
330
1BF3E
100
AcDbEntity
  8
0
 62
     2
100
AcDbText
 10
-0.9999999999999991
 20
1.499999999999999
 30
0.0
 40
2.5
  1

 50
90.0
 41
0.9
  7
ISO25
 11
-2.249999999999999
 21
1.5
 31
0.0
100
AcDbAttributeDefinition
280
     0
  3
Fra km
  2
KB-FRA
 70
     0
 74
     2
280
     1
  0
ATTDEF
  5
1BF35
330
1BF3E
100
AcDbEntity
  8
0
 62
     2
100
AcDbText
 10
3.5
 20
1.5
 30
0.0
 40
2.5
  1

 50
90.0
 41
0.9
  7
ISO25
 11
2.25
 21
1.5
 31
0.0
100
AcDbAttributeDefinition
280
     0
  3
Til km
  2
KB-TIL
 70
     0
 74
     2
280
     1
  0
ATTDEF
  5
1BF36
330
1BF3E
100
AcDbEntity
  8
0
 62
     2
100
AcDbText
 10
-3.605624999999928
 20
18.50000000000022
 30
0.0
 40
2.5
  1

 41
0.9
  7
ISO25
 72
     1
 11
0.0000000000000711
 21
18.50000000000022
 31
0.0
100
AcDbAttributeDefinition
280
     0
  3
Bruddlengde i meter
  2
KB-M
 70
     0
280
     1
  0
LINE
  5
1BF37
330
1BF3E
100
AcDbEntity
  8
0
 62
     4
100
AcDbLine
 10
0.0000000000000711
 20
14.00000000000023
 30
0.0
 11
0.0
 21
0.0
 31
0.0
  0
LINE
  5
1BF38
330
1BF3E
100
AcDbEntity
  8
0
 62
     4
100
AcDbLine
 10
0.0
 20
0.0
 30
0.0
 11
-0.0000000000000007
 21
-4.0
 31
0.0
  0
LWPOLYLINE
  5
1BF39
330
1BF3E
100
AcDbEntity
  8
0
100
AcDbPolyline
 90
        4
 70
     1
 10
-8.432615316309927
 20
14.00000000000023
 40
0.5
 41
0.5
 10
6.567384683690073
 20
14.00000000000023
 40
0.1
 41
0.1
 10
8.199461487232571
 20
17.50000000000023
 40
0.5
 41
0.5
 10
-6.800538512767431
 20
17.50000000000023
 40
0.1
 41
0.1
  0
ENDBLK
  5
1BF40
330
1BF3E
100
AcDbEntity
  8
0
100
AcDbBlockEnd
  0
BLOCK
  5
101C037
330
101C034
100
AcDbEntity
  8
0
100
AcDbBlockBegin
  2
BaneNOR_logo
 70
     0
 10
0.0
 20
0.0
 30
0.0
  3
BaneNOR_logo
  1

  0
HATCH
  5
101C038
330
101C034
100
AcDbEntity
  8
0
 62
   179
420
  1976410
100
AcDbHatch
 10
0.0
 20
0.0
 30
0.0
210
0.0
220
0.0
230
1.0
  2
SOLID
 70
     1
 71
     0
 91
        2
 92
        1
 93
        1
 72
     4
 94
        3
 73
     0
 74
     0
 95
       35
 96
       31
 40
0.0
 40
0.0
 40
0.0
 40
0.0
 40
1.0
 40
1.0
 40
1.0
 40
2.0
 40
2.0
 40
2.0
 40
3.0
 40
3.0
 40
3.0
 40
4.0
 40
4.0
 40
4.0
 40
5.0
 40
5.0
 40
5.0
 40
6.0
 40
6.0
 40
6.0
 40
7.0
 40
7.0
 40
7.0
 40
8.0
 40
8.0
 40
8.0
 40
9.0
 40
9.0
 40
9.0
 40
10.0
 40
10.0
 40
10.0
 40
10.0
 10
43.67775227683887
 20
-8.275795791447244
 10
43.67775227683887
 20
-8.275795791447244
 10
42.51395270498323
 20
-6.225790411866846
 10
42.51395270498323
 20
-6.225790411866846
 10
43.08337457704328
 20
-5.977985446264874
 10
43.23708808350784
 20
-5.51132622965445
 10
43.23708808350784
 20
-4.943285441735433
 10
43.23708808350784
 20
-4.331414974891167
 10
42.87972166311374
 20
-3.677818974414485
 10
41.77204432783037
 20
-3.677818974414485
 10
41.77204432783037
 20
-3.677818974414485
 10
39.80960828957177
 20
-3.677818974414485
 10
39.80960828957177
 20
-3.677818974414485
 10
39.80960828957177
 20
-3.677818974414485
 10
39.80960828957177
 20
-8.276023637375992
 10
39.80960828957177
 20
-8.276023637375992
 10
39.80960828957177
 20
-8.276023637375992
 10
40.92826482478995
 20
-8.275957744965062
 10
40.92826482478995
 20
-8.275957744965062
 10
40.92826482478995
 20
-8.275957744965062
 10
40.92826482478995
 20
-6.374384051108727
 10
40.92826482478995
 20
-6.374384051108727
 10
40.92826482478995
 20
-6.374384051108727
 10
41.54364018220803
 20
-6.374384051108727
 10
41.54364018220803
 20
-6.374384051108727
 10
41.54364018220803
 20
-6.374384051108727
 10
42.4626960013702
 20
-8.275795791447244
 10
42.4626960013702
 20
-8.275795791447244
 10
42.4626960013702
 20
-8.275795791447244
 10
43.67775227683887
 20
-8.275795791447244
 10
43.67775227683887
 20
-8.275795791447244
 97
        0
 97
        0
 92
       16
 93
        1
 72
     4
 94
        3
 73
     0
 74
     0
 95
       23
 96
       19
 40
0.0
 40
0.0
 40
0.0
 40
0.0
 40
1.0
 40
1.0
 40
1.0
 40
2.0
 40
2.0
 40
2.0
 40
3.0
 40
3.0
 40
3.0
 40
4.0
 40
4.0
 40
4.0
 40
5.0
 40
5.0
 40
5.0
 40
6.0
 40
6.0
 40
6.0
 40
6.0
 10
40.92826482478995
 20
-4.55354425505714
 10
40.92826482478995
 20
-4.55354425505714
 10
41.66849094612553
 20
-4.55354425505714
 10
41.66849094612553
 20
-4.55354425505714
 10
41.92931619608134
 20
-4.55354425505714
 10
42.14075291882181
 20
-4.764985196150455
 10
42.14075291882181
 20
-5.025797791036829
 10
42.14075291882181
 20
-5.025797791036829
 10
42.14075291882181
 20
-5.026405234486382
 10
42.14075291882181
 20
-5.026405234486382
 10
42.14075291882181
 20
-5.287226266085717
 10
41.92931619608134
 20
-5.498658770466072
 10
41.66849094612553
 20
-5.498658770466072
 10
41.66849094612553
 20
-5.498658770466072
 10
40.92826482478995
 20
-5.498658770466072
 10
40.92826482478995
 20
-5.498658770466072
 10
40.92826482478995
 20
-5.498658770466072
 10
40.92826482478995
 20
-4.55354425505714
 10
40.92826482478995
 20
-4.55354425505714
 97
        0
 97
        0
 75
     1
 76
     1
 98
        1
 10
-691.3769457934104
 20
-81.91873912891235
450
        0
451
        0
460
0.0
461
0.0
452
        0
462
0.0
453
        2
463
0.0
 63
     5
421
      255
463
1.0
 63
     2
421
 16776960
470
LINEAR
1001
GRADIENTCOLOR1ACI
1070
     5
1001
GRADIENTCOLOR2ACI
1070
     2
1001
ACAD
1010
0.0
1020
0.0
1030
0.0
  0
SPLINE
  5
101C039
330
101C034
100
AcDbEntity
  8
Kontur_Logo
370
     0
100
AcDbSpline
210
0.0
220
0.0
230
1.0
 70
    24
 71
     3
 72
     8
 73
     4
 74
     0
 42
0.000000001
 43
0.0000000001
 40
0.0
 40
0.0
 40
0.0
 40
0.0
 40
1.0
 40
1.0
 40
1.0
 40
1.0
 10
43.67775227683887
 20
-8.275795791439968
 30
0.0
 10
43.67775227683887
 20
-8.275795791439968
 30
0.0
 10
42.51395270498323
 20
-6.22579041185957
 30
0.0
 10
42.51395270498323
 20
-6.22579041185957
 30
0.0
  0
SPLINE
  5
101C03A
330
101C034
100
AcDbEntity
  8
Kontur_Logo
370
     0
100
AcDbSpline
210
0.0
220
0.0
230
1.0
 70
     8
 71
     3
 72
    11
 73
     7
 74
     0
 42
0.000000001
 43
0.0000000001
 40
1.0
 40
1.0
 40
1.0
 40
1.0
 40
2.0
 40
2.0
 40
2.0
 40
3.0
 40
3.0
 40
3.0
 40
3.0
 10
42.51395270498323
 20
-6.22579041185957
 30
0.0
 10
43.08337457704328
 20
-5.977985446257598
 30
0.0
 10
43.23708808350784
 20
-5.511326229647174
 30
0.0
 10
43.23708808350784
 20
-4.943285441728157
 30
0.0
 10
43.23708808350784
 20
-4.331414974883891
 30
0.0
 10
42.87972166311374
 20
-3.677818974407209
 30
0.0
 10
41.77204432783037
 20
-3.677818974407209
 30
0.0
  0
SPLINE
  5
101C03B
330
101C034
100
AcDbEntity
  8
Kontur_Logo
370
     0
100
AcDbSpline
210
0.0
220
0.0
230
1.0
 70
    24
 71
     3
 72
     8
 73
     4
 74
     0
 42
0.000000001
 43
0.0000000001
 40
3.0
 40
3.0
 40
3.0
 40
3.0
 40
4.0
 40
4.0
 40
4.0
 40
4.0
 10
41.77204432783037
 20
-3.677818974407209
 30
0.0
 10
41.77204432783037
 20
-3.677818974407209
 30
0.0
 10
39.80960828957177
 20
-3.677818974407209
 30
0.0
 10
39.80960828957177
 20
-3.677818974407209
 30
0.0
  0
SPLINE
  5
101C03C
330
101C034
100
AcDbEntity
  8
Kontur_Logo
370
     0
100
AcDbSpline
210
0.0
220
0.0
230
1.0
 70
    24
 71
     3
 72
     8
 73
     4
 74
     0
 42
0.000000001
 43
0.0000000001
 40
4.0
 40
4.0
 40
4.0
 40
4.0
 40
5.0
 40
5.0
 40
5.0
 40
5.0
 10
39.80960828957177
 20
-3.677818974407209
 30
0.0
 10
39.80960828957177
 20
-3.677818974407209
 30
0.0
 10
39.80960828957177
 20
-8.276023637368716
 30
0.0
 10
39.80960828957177
 20
-8.276023637368716
 30
0.0
  0
SPLINE
  5
101C03D
330
101C034
100
AcDbEntity
  8
Kontur_Logo
370
     0
100
AcDbSpline
210
0.0
220
0.0
230
1.0
 70
    24
 71
     3
 72
     8
 73
     4
 74
     0
 42
0.000000001
 43
0.0000000001
 40
5.0
 40
5.0
 40
5.0
 40
5.0
 40
6.0
 40
6.0
 40
6.0
 40
6.0
 10
39.80960828957177
 20
-8.276023637368716
 30
0.0
 10
39.80960828957177
 20
-8.276023637368716
 30
0.0
 10
40.92826482478995
 20
-8.275957744957786
 30
0.0
 10
40.92826482478995
 20
-8.275957744957786
 30
0.0
  0
SPLINE
  5
101C03E
330
101C034
100
AcDbEntity
  8
Kontur_Logo
370
     0
100
AcDbSpline
210
0.0
220
0.0
230
1.0
 70
    24
 71
     3
 72
     8
 73
     4
 74
     0
 42
0.000000001
 43
0.0000000001
 40
6.0
 40
6.0
 40
6.0
 40
6.0
 40
7.0
 40
7.0
 40
7.0
 40
7.0
 10
40.92826482478995
 20
-8.275957744957786
 30
0.0
 10
40.92826482478995
 20
-8.275957744957786
 30
0.0
 10
40.92826482478995
 20
-6.374384051101451
 30
0.0
 10
40.92826482478995
 20
-6.374384051101451
 30
0.0
  0
SPLINE
  5
101C03F
330
101C034
100
AcDbEntity
  8
Kontur_Logo
370
     0
100
AcDbSpline
210
0.0
220
0.0
230
1.0
 70
    24
 71
     3
 72
     8
 73
     4
 74
     0
 42
0.000000001
 43
0.0000000001
 40
7.0
 40
7.0
 40
7.0
 40
7.0
 40
8.0
 40
8.0
 40
8.0
 40
8.0
 10
40.92826482478995
 20
-6.374384051101451
 30
0.0
 10
40.92826482478995
 20
-6.374384051101451
 30
0.0
 10
41.54364018220803
 20
-6.374384051101451
 30
0.0
 10
41.54364018220803
 20
-6.374384051101451
 30
0.0
  0
SPLINE
  5
101C040
330
101C034
100
AcDbEntity
  8
Kontur_Logo
370
     0
100
AcDbSpline
210
0.0
220
0.0
230
1.0
 70
    24
 71
     3
 72
     8
 73
     4
 74
     0
 42
0.000000001
 43
0.0000000001
 40
8.0
 40
8.0
 40
8.0
 40
8.0
 40
9.0
 40
9.0
 40
9.0
 40
9.0
 10
41.54364018220803
 20
-6.374384051101451
 30
0.0
 10
41.54364018220803
 20
-6.374384051101451
 30
0.0
 10
42.4626960013702
 20
-8.275795791439968
 30
0.0
 10
42.4626960013702
 20
-8.275795791439968
 30
0.0
  0
SPLINE
  5
101C041
330
101C034
100
AcDbEntity
  8
Kontur_Logo
370
     0
100
AcDbSpline
210
0.0
220
0.0
230
1.0
 70
    24
 71
     3
 72
     8
 73
     4
 74
     0
 42
0.000000001
 43
0.0000000001
 40
9.0
 40
9.0
 40
9.0
 40
9.0
 40
10.0
 40
10.0
 40
10.0
 40
10.0
 10
42.4626960013702
 20
-8.275795791439968
 30
0.0
 10
42.4626960013702
 20
-8.275795791439968
 30
0.0
 10
43.67775227683887
 20
-8.275795791439968
 30
0.0
 10
43.67775227683887
 20
-8.275795791439968
 30
0.0
  0
SPLINE
  5
101C042
330
101C034
100
AcDbEntity
  8
Kontur_Logo
370
     0
100
AcDbSpline
210
0.0
220
0.0
230
1.0
 70
    11
 71
     3
 72
    23
 73
    19
 74
     0
 42
0.000000001
 43
0.0000000001
 40
0.0
 40
0.0
 40
0.0
 40
0.0
 40
1.0
 40
1.0
 40
1.0
 40
2.0
 40
2.0
 40
2.0
 40
3.0
 40
3.0
 40
3.0
 40
4.0
 40
4.0
 40
4.0
 40
5.0
 40
5.0
 40
5.0
 40
6.0
 40
6.0
 40
6.0
 40
6.0
 10
40.92826482478995
 20
-4.553544255049864
 30
0.0
 10
40.92826482478995
 20
-4.553544255049864
 30
0.0
 10
41.66849094612553
 20
-4.553544255049864
 30
0.0
 10
41.66849094612553
 20
-4.553544255049864
 30
0.0
 10
41.92931619608134
 20
-4.553544255049864
 30
0.0
 10
42.14075291882181
 20
-4.764985196143179
 30
0.0
 10
42.14075291882181
 20
-5.025797791029553
 30
0.0
 10
42.14075291882181
 20
-5.025797791029553
 30
0.0
 10
42.14075291882181
 20
-5.026405234479106
 30
0.0
 10
42.14075291882181
 20
-5.026405234479106
 30
0.0
 10
42.14075291882181
 20
-5.287226266078441
 30
0.0
 10
41.92931619608134
 20
-5.498658770458796
 30
0.0
 10
41.66849094612553
 20
-5.498658770458796
 30
0.0
 10
41.66849094612553
 20
-5.498658770458796
 30
0.0
 10
40.92826482478995
 20
-5.498658770458796
 30
0.0
 10
40.92826482478995
 20
-5.498658770458796
 30
0.0
 10
40.92826482478995
 20
-5.498658770458796
 30
0.0
 10
40.92826482478995
 20
-4.553544255049864
 30
0.0
 10
40.92826482478995
 20
-4.553544255049864
 30
0.0
  0
HATCH
  5
101C043
330
101C034
100
AcDbEntity
  8
0
 62
   179
420
  1976410
100
AcDbHatch
 10
0.0
 20
0.0
 30
0.0
210
0.0
220
0.0
230
1.0
  2
_SOLID
 70
     1
 71
     1
 91
        1
 92
        1
 93
       10
 72
     1
 10
31.04766115784878
 20
-8.276539743801485
 11
28.46003402300267
 21
-5.357862769946159
 72
     1
 10
28.46003402300267
 20
-5.357862769946159
 11
28.46003402300267
 21
-8.276692163235502
 72
     1
 10
28.46003402300267
 20
-8.276692163235502
 11
27.34137490152352
 21
-8.276758055799227
 72
     1
 10
27.34137490152352
 20
-8.276758055799227
 11
27.34137490152352
 21
-3.677726703983289
 72
     1
 10
27.34137490152352
 20
-3.677726703983289
 11
28.24364392667485
 21
-3.677726703983289
 72
     1
 10
28.24364392667485
 20
-3.677726703983289
 11
30.54398467818828
 21
-6.273621463518729
 72
     1
 10
30.54398467818828
 20
-6.273621463518729
 11
30.54385361210734
 21
-3.677726703983289
 72
     1
 10
30.54385361210734
 20
-3.677726703983289
 11
31.66264201328886
 21
-3.677726703983289
 72
     1
 10
31.66264201328886
 20
-3.677726703983289
 11
31.66264201328886
 21
-8.276503519482439
 72
     1
 10
31.66264201328886
 20
-8.276503519482439
 11
31.04766115784878
 21
-8.276539743801485
 97
        1
330
101C044
 75
     1
 76
     1
 98
        1
 10
-54.13902464031707
 20
-27.22385600354385
450
        0
451
        0
460
0.0
461
0.0
452
        0
462
0.0
453
        2
463
0.0
 63
     5
421
      255
463
1.0
 63
     2
421
 16776960
470
LINEAR
1001
GRADIENTCOLOR1ACI
1070
     5
1001
GRADIENTCOLOR2ACI
1070
     2
1001
ACAD
1010
0.0
1020
0.0
1030
0.0
  0
POLYLINE
  5
101C044
102
{ACAD_REACTORS
330
101C043
102
}
330
101C034
100
AcDbEntity
  8
Kontur_Logo
 62
     4
370
     0
100
AcDb2dPolyline
 66
     1
 10
0.0
 20
0.0
 30
0.0
  0
VERTEX
  5
101C045
330
101C044
100
AcDbEntity
  8
Kontur_Logo
 62
     4
370
     0
100
AcDbVertex
100
AcDb2dVertex
 10
31.04766115784878
 20
-8.276539743801485
 30
0.0
  0
VERTEX
  5
101C046
330
101C044
100
AcDbEntity
  8
Kontur_Logo
 62
     4
370
     0
100
AcDbVertex
100
AcDb2dVertex
 10
28.46003402300267
 20
-5.357862769946159
 30
0.0
  0
VERTEX
  5
101C047
330
101C044
100
AcDbEntity
  8
Kontur_Logo
 62
     4
370
     0
100
AcDbVertex
100
AcDb2dVertex
 10
28.46003402300267
 20
-8.276692163235502
 30
0.0
  0
VERTEX
  5
101C048
330
101C044
100
AcDbEntity
  8
Kontur_Logo
 62
     4
370
     0
100
AcDbVertex
100
AcDb2dVertex
 10
27.34137490152352
 20
-8.276758055799227
 30
0.0
  0
VERTEX
  5
101C049
330
101C044
100
AcDbEntity
  8
Kontur_Logo
 62
     4
370
     0
100
AcDbVertex
100
AcDb2dVertex
 10
27.34137490152352
 20
-3.677726703983289
 30
0.0
  0
VERTEX
  5
101C04A
330
101C044
100
AcDbEntity
  8
Kontur_Logo
 62
     4
370
     0
100
AcDbVertex
100
AcDb2dVertex
 10
28.24364392667485
 20
-3.677726703983289
 30
0.0
  0
VERTEX
  5
101C04B
330
101C044
100
AcDbEntity
  8
Kontur_Logo
 62
     4
370
     0
100
AcDbVertex
100
AcDb2dVertex
 10
30.54398467818828
 20
-6.273621463518729
 30
0.0
  0
VERTEX
  5
101C04C
330
101C044
100
AcDbEntity
  8
Kontur_Logo
 62
     4
370
     0
100
AcDbVertex
100
AcDb2dVertex
 10
30.54385361210734
 20
-3.677726703983289
 30
0.0
  0
VERTEX
  5
101C04D
330
101C044
100
AcDbEntity
  8
Kontur_Logo
 62
     4
370
     0
100
AcDbVertex
100
AcDb2dVertex
 10
31.66264201328886
 20
-3.677726703983289
 30
0.0
  0
VERTEX
  5
101C04E
330
101C044
100
AcDbEntity
  8
Kontur_Logo
 62
     4
370
     0
100
AcDbVertex
100
AcDb2dVertex
 10
31.66264201328886
 20
-8.276503519482439
 30
0.0
  0
VERTEX
  5
101C04F
330
101C044
100
AcDbEntity
  8
Kontur_Logo
 62
     4
370
     0
100
AcDbVertex
100
AcDb2dVertex
 10
31.04766115784878
 20
-8.276539743801485
 30
0.0
  0
SEQEND
  5
101C050
330
101C044
100
AcDbEntity
  8
Kontur_Logo
 62
     4
370
     0
  0
HATCH
  5
101C051
330
101C034
100
AcDbEntity
  8
0
 62
   179
420
  1976410
100
AcDbHatch
 10
0.0
 20
0.0
 30
0.0
210
0.0
220
0.0
230
1.0
  2
_SOLID
 70
     1
 71
     0
 91
        2
 92
        1
 93
       10
 72
     1
 10
17.49886810433963
 20
-8.277337810628459
 11
14.91053342311033
 21
-5.357862769955069
 72
     1
 10
14.91053342311352
 20
-5.357862769953435
 11
14.91053342311352
 21
-8.277490271736404
 72
     1
 10
14.91053342311352
 20
-8.277490271739161
 11
13.79187430163134
 21
-8.277556164304037
 72
     1
 10
13.7918743016271
 20
-8.277556164302886
 11
13.7918743016271
 21
-3.677726703992782
 72
     1
 10
13.7918743016271
 20
-3.677726703990565
 11
14.69414332677542
 21
-3.677726703990565
 72
     1
 10
14.69414332677843
 20
-3.677726703990565
 11
16.99448407829632
 21
-6.27362146352295
 72
     1
 10
16.99448407829186
 20
-6.273621463526005
 11
16.99435301221226
 21
-3.67772670399362
 72
     1
 10
16.9943530122182
 20
-3.677726703990565
 11
18.11314141339676
 21
-3.677726703990565
 72
     1
 10
18.11314141339244
 20
-3.677726703990565
 11
18.11314141339244
 21
-8.277301627983
 72
     1
 10
18.11314141339244
 20
-8.277301627986098
 11
17.49886810433875
 21
-8.277337810629312
 97
        0
 92
       33
 93
        1
 72
     1
 10
20.20190630212892
 20
-8.277178593118087
 11
20.20190630212892
 21
-3.677732547238242
 97
        0
 75
     1
 76
     1
 98
        1
 10
-54.13902464031707
 20
-27.22385600354385
450
        0
451
        0
460
0.0
461
0.0
452
        0
462
0.0
453
        2
463
0.0
 63
     5
421
      255
463
1.0
 63
     2
421
 16776960
470
LINEAR
1001
GRADIENTCOLOR1ACI
1070
     5
1001
GRADIENTCOLOR2ACI
1070
     2
1001
ACAD
1010
0.0
1020
0.0
1030
0.0
  0
LWPOLYLINE
  5
101C052
330
101C034
100
AcDbEntity
  8
Kontur_Logo
370
     0
100
AcDbPolyline
 90
       11
 70
     0
 43
0.0
 10
17.49886810433963
 20
-8.277337810621183
 10
14.91053342311352
 20
-5.357862769946159
 10
14.91053342311352
 20
-8.277490271731885
 10
13.7918743016271
 20
-8.27755616429561
 10
13.7918743016271
 20
-3.677726703983289
 10
14.69414332677843
 20
-3.677726703983289
 10
16.99448407829186
 20
-6.273621463518729
 10
16.9943530122182
 20
-3.677726703983289
 10
18.11314141339244
 20
-3.677726703983289
 10
18.11314141339244
 20
-8.277301627978822
 10
17.49886810433963
 20
-8.277337810621183
  0
HATCH
  5
101C053
330
101C034
100
AcDbEntity
  8
0
 62
   179
420
  1976410
100
AcDbHatch
 10
0.0
 20
0.0
 30
0.0
210
0.0
220
0.0
230
1.0
  2
SOLID
 70
     1
 71
     0
 91
        3
 92
        1
 93
        1
 72
     4
 94
        3
 73
     1
 74
     0
 95
       29
 96
       25
 40
0.0
 40
0.0
 40
0.0
 40
0.0
 40
1.0
 40
1.0
 40
1.0
 40
2.0
 40
2.0
 40
2.0
 40
3.0
 40
3.0
 40
3.0
 40
4.0
 40
4.0
 40
4.0
 40
5.0
 40
5.0
 40
5.0
 40
6.0
 40
6.0
 40
6.0
 40
7.0
 40
7.0
 40
7.0
 40
8.0
 40
8.0
 40
8.0
 40
8.0
 10
6.432686300722707
 20
-5.815230354095483
 42
1.0
 10
6.432686300722707
 20
-5.815230354095483
 42
1.0
 10
6.842017325747292
 20
-5.575677547269087
 42
1.0
 10
6.842017325747292
 20
-4.970828465346066
 42
1.0
 10
6.842017325747292
 20
-4.28114506096238
 42
1.0
 10
6.460832817654591
 20
-3.677818974414485
 42
1.0
 10
5.353155482371221
 20
-3.677818974414485
 42
1.0
 10
4.794687770321615
 20
-3.677818974414485
 42
1.0
 10
4.236220058279286
 20
-3.677818974414485
 42
1.0
 10
3.677752346229681
 20
-3.677818974414485
 42
1.0
 10
3.677752346229681
 20
-5.211263288980198
 42
1.0
 10
3.677752346229681
 20
-6.744707603549549
 42
1.0
 10
3.677752346229681
 20
-8.278151918115263
 42
1.0
 10
3.948678400709468
 20
-8.278151918115263
 42
1.0
 10
4.219604455189255
 20
-8.278151918115263
 42
1.0
 10
4.490530509669042
 20
-8.278151918115263
 42
1.0
 10
4.490530509669042
 20
-8.278151918115263
 42
1.0
 10
5.547487759053183
 20
-8.278151918115263
 42
1.0
 10
5.798796258735819
 20
-8.278151918115263
 42
1.0
 10
6.504183212695352
 20
-8.278151918115263
 42
1.0
 10
7.132016520139586
 20
-7.782063170587143
 42
1.0
 10
7.132016520139586
 20
-6.998766377484507
 42
1.0
 10
7.132016520139586
 20
-6.065985463563201
 42
1.0
 10
6.432686300722707
 20
-5.815230354095483
 42
1.0
 10
6.432686300722707
 20
-5.815230354095483
 42
1.0
 97
        0
 97
        0
 92
       16
 93
        1
 72
     4
 94
        3
 73
     0
 74
     0
 95
       23
 96
       19
 40
0.0
 40
0.0
 40
0.0
 40
0.0
 40
1.0
 40
1.0
 40
1.0
 40
2.0
 40
2.0
 40
2.0
 40
3.0
 40
3.0
 40
3.0
 40
4.0
 40
4.0
 40
4.0
 40
5.0
 40
5.0
 40
5.0
 40
6.0
 40
6.0
 40
6.0
 40
6.0
 10
4.796408881440584
 20
-4.535501635295013
 10
4.796408881440584
 20
-4.535501635295013
 10
5.277866118551173
 20
-4.535501635295013
 10
5.277866118551173
 20
-4.535501635295013
 10
5.548649888311047
 20
-4.535501635295013
 10
5.768159436789574
 20
-4.755015563186979
 10
5.768159436789574
 20
-5.025786194695619
 10
5.768159436789574
 20
-5.025786194695619
 10
5.768159436789574
 20
-5.026416830827592
 10
5.768159436789574
 20
-5.026416830827592
 10
5.768159436789574
 20
-5.297196221170388
 10
5.548649888311047
 20
-5.516701390228199
 10
5.277866118551173
 20
-5.516701390228199
 10
5.277866118551173
 20
-5.516701390228199
 10
4.796408881440584
 20
-5.516701390228199
 10
4.796408881440584
 20
-5.516701390228199
 10
4.796408881440584
 20
-5.516701390228199
 10
4.796408881440584
 20
-4.535501635295013
 10
4.796408881440584
 20
-4.535501635295013
 97
        0
 97
        0
 92
       16
 93
        1
 72
     4
 94
        3
 73
     0
 74
     0
 95
       23
 96
       19
 40
0.0
 40
0.0
 40
0.0
 40
0.0
 40
1.0
 40
1.0
 40
1.0
 40
2.0
 40
2.0
 40
2.0
 40
3.0
 40
3.0
 40
3.0
 40
4.0
 40
4.0
 40
4.0
 40
5.0
 40
5.0
 40
5.0
 40
6.0
 40
6.0
 40
6.0
 40
6.0
 10
5.982549446081975
 20
-6.897759489907848
 10
5.982549446081975
 20
-7.186450698245543
 10
5.74852212825499
 20
-7.420469257234735
 10
5.459830919920932
 20
-7.420469257234735
 10
5.459830919920932
 20
-7.420469257234735
 10
4.796408881440584
 20
-7.420469257234735
 10
4.796408881440584
 20
-7.420469257234735
 10
4.796408881440584
 20
-7.420469257234735
 10
4.796408881440584
 20
-6.374384051108727
 10
4.796408881440584
 20
-6.374384051108727
 10
4.796408881440584
 20
-6.374384051108727
 10
5.459830919920932
 20
-6.374384051108727
 10
5.459830919920932
 20
-6.374384051108727
 10
5.74852212825499
 20
-6.374384051108727
 10
5.982549446081975
 20
-6.608411368932074
 10
5.982549446081975
 20
-6.897093818431976
 10
5.982549446081975
 20
-6.897093818431976
 10
5.982549446081975
 20
-6.897759489907848
 10
5.982549446081975
 20
-6.897759489907848
 97
        0
 97
        0
 75
     1
 76
     1
 98
        1
 10
-691.3769457934104
 20
-81.91873912891235
450
        0
451
        0
460
0.0
461
0.0
452
        0
462
0.0
453
        2
463
0.0
 63
     5
421
      255
463
1.0
 63
     2
421
 16776960
470
LINEAR
1001
GRADIENTCOLOR1ACI
1070
     5
1001
GRADIENTCOLOR2ACI
1070
     2
1001
ACAD
1010
0.0
1020
0.0
1030
0.0
  0
SPLINE
  5
101C054
330
101C034
100
AcDbEntity
  8
Kontur_Logo
 62
     4
370
     0
100
AcDbSpline
210
0.0
220
0.0
230
1.0
 70
    11
 71
     3
 72
    23
 73
    19
 74
     0
 42
0.000000001
 43
0.0000000001
 40
0.0
 40
0.0
 40
0.0
 40
0.0
 40
1.0
 40
1.0
 40
1.0
 40
2.0
 40
2.0
 40
2.0
 40
3.0
 40
3.0
 40
3.0
 40
4.0
 40
4.0
 40
4.0
 40
5.0
 40
5.0
 40
5.0
 40
6.0
 40
6.0
 40
6.0
 40
6.0
 10
4.796408881440584
 20
-4.535501635287737
 30
0.0
 10
4.796408881440584
 20
-4.535501635287737
 30
0.0
 10
5.277866118551173
 20
-4.535501635287737
 30
0.0
 10
5.277866118551173
 20
-4.535501635287737
 30
0.0
 10
5.548649888311047
 20
-4.535501635287737
 30
0.0
 10
5.768159436789574
 20
-4.755015563179703
 30
0.0
 10
5.768159436789574
 20
-5.025786194688343
 30
0.0
 10
5.768159436789574
 20
-5.025786194688343
 30
0.0
 10
5.768159436789574
 20
-5.026416830820316
 30
0.0
 10
5.768159436789574
 20
-5.026416830820316
 30
0.0
 10
5.768159436789574
 20
-5.297196221163112
 30
0.0
 10
5.548649888311047
 20
-5.516701390220923
 30
0.0
 10
5.277866118551173
 20
-5.516701390220923
 30
0.0
 10
5.277866118551173
 20
-5.516701390220923
 30
0.0
 10
4.796408881440584
 20
-5.516701390220923
 30
0.0
 10
4.796408881440584
 20
-5.516701390220923
 30
0.0
 10
4.796408881440584
 20
-5.516701390220923
 30
0.0
 10
4.796408881440584
 20
-4.535501635287737
 30
0.0
 10
4.796408881440584
 20
-4.535501635287737
 30
0.0
  0
SPLINE
  5
101C055
330
101C034
100
AcDbEntity
  8
Kontur_Logo
 62
     4
370
     0
100
AcDbSpline
210
0.0
220
0.0
230
1.0
 70
     9
 71
     3
 72
    23
 73
    19
 74
     0
 42
0.000000001
 43
0.0000000001
 40
0.0
 40
0.0
 40
0.0
 40
0.0
 40
1.0
 40
1.0
 40
1.0
 40
2.0
 40
2.0
 40
2.0
 40
3.0
 40
3.0
 40
3.0
 40
4.0
 40
4.0
 40
4.0
 40
5.0
 40
5.0
 40
5.0
 40
6.0
 40
6.0
 40
6.0
 40
6.0
 10
5.982549446081975
 20
-6.897759489900572
 30
0.0
 10
5.982549446081975
 20
-7.186450698238267
 30
0.0
 10
5.74852212825499
 20
-7.420469257227459
 30
0.0
 10
5.459830919920932
 20
-7.420469257227459
 30
0.0
 10
5.459830919920932
 20
-7.420469257227459
 30
0.0
 10
4.796408881440584
 20
-7.420469257227459
 30
0.0
 10
4.796408881440584
 20
-7.420469257227459
 30
0.0
 10
4.796408881440584
 20
-7.420469257227459
 30
0.0
 10
4.796408881440584
 20
-6.374384051101451
 30
0.0
 10
4.796408881440584
 20
-6.374384051101451
 30
0.0
 10
4.796408881440584
 20
-6.374384051101451
 30
0.0
 10
5.459830919920932
 20
-6.374384051101451
 30
0.0
 10
5.459830919920932
 20
-6.374384051101451
 30
0.0
 10
5.74852212825499
 20
-6.374384051101451
 30
0.0
 10
5.982549446081975
 20
-6.608411368924798
 30
0.0
 10
5.982549446081975
 20
-6.8970938184247
 30
0.0
 10
5.982549446081975
 20
-6.8970938184247
 30
0.0
 10
5.982549446081975
 20
-6.897759489900572
 30
0.0
 10
5.982549446081975
 20
-6.897759489900572
 30
0.0
  0
HATCH
  5
101C056
330
101C034
100
AcDbEntity
  8
0
 62
   179
420
  1976410
100
AcDbHatch
 10
0.0
 20
0.0
 30
0.0
210
0.0
220
0.0
230
1.0
  2
SOLID
 70
     1
 71
     1
 91
        2
 92
        1
 93
        1
 72
     4
 94
        3
 73
     0
 74
     0
 95
       17
 96
       13
 40
0.0
 40
0.0
 40
0.0
 40
0.0
 40
1.0
 40
1.0
 40
1.0
 40
2.0
 40
2.0
 40
2.0
 40
3.0
 40
3.0
 40
3.0
 40
4.0
 40
4.0
 40
4.0
 40
4.0
 10
35.73286141979043
 20
-3.526936199988931
 10
34.38688110425573
 20
-3.526936199988931
 10
33.29574650085851
 20
-4.618070803389791
 10
33.29574650085851
 20
-5.964055637861683
 10
33.29574650085851
 20
-7.310031434448255
 10
34.38688110425573
 20
-8.401166037849115
 10
35.73286141979043
 20
-8.401166037849115
 10
37.07884173531784
 20
-8.401166037849115
 10
38.16997633871506
 20
-7.310031434448255
 10
38.16997633871506
 20
-5.964055637861683
 10
38.16997633871506
 20
-4.618070803389791
 10
37.07884173531784
 20
-3.526936199988931
 10
35.73286141979043
 20
-3.526936199988931
 97
        0
 97
        1
330
101C057
 92
       16
 93
        1
 72
     4
 94
        3
 73
     0
 74
     0
 95
       17
 96
       13
 40
0.0
 40
0.0
 40
0.0
 40
0.0
 40
1.0
 40
1.0
 40
1.0
 40
2.0
 40
2.0
 40
2.0
 40
3.0
 40
3.0
 40
3.0
 40
4.0
 40
4.0
 40
4.0
 40
4.0
 10
35.73286141025892
 20
-7.345096080349257
 10
34.97013328182948
 20
-7.345096080349257
 10
34.35181644883414
 20
-6.726774867933208
 10
34.35181644883414
 20
-5.96405549833792
 10
34.35181644883414
 20
-5.201318611070682
 10
34.97013328182948
 20
-4.583006157488789
 10
35.73286141025892
 20
-4.583006157488789
 10
36.49559391810908
 20
-4.583006157488789
 10
37.11390637169098
 20
-5.201318611070682
 10
37.11390637169098
 20
-5.96405549833792
 10
37.11390637169098
 20
-6.726774867933208
 10
36.49559391810908
 20
-7.345096080349257
 10
35.73286141025892
 20
-7.345096080349257
 97
        0
 97
        1
330
101C058
 75
     1
 76
     1
 98
        1
 10
-691.3769457934104
 20
-81.91873912891235
450
        0
451
        0
460
0.0
461
0.0
452
        0
462
0.0
453
        2
463
0.0
 63
     5
421
      255
463
1.0
 63
     2
421
 16776960
470
LINEAR
1001
GRADIENTCOLOR1ACI
1070
     5
1001
GRADIENTCOLOR2ACI
1070
     2
1001
ACAD
1010
0.0
1020
0.0
1030
0.0
  0
SPLINE
  5
101C057
102
{ACAD_REACTORS
330
101C056
102
}
330
101C034
100
AcDbEntity
  8
Kontur_Logo
370
     0
100
AcDbSpline
210
0.0
220
0.0
230
1.0
 70
    11
 71
     3
 72
    17
 73
    13
 74
     0
 42
0.000000001
 43
0.0000000001
 40
0.0
 40
0.0
 40
0.0
 40
0.0
 40
1.0
 40
1.0
 40
1.0
 40
2.0
 40
2.0
 40
2.0
 40
3.0
 40
3.0
 40
3.0
 40
4.0
 40
4.0
 40
4.0
 40
4.0
 10
35.73286141979043
 20
-3.526936199988931
 30
0.0
 10
34.38688110425573
 20
-3.526936199988931
 30
0.0
 10
33.29574650085851
 20
-4.618070803389791
 30
0.0
 10
33.29574650085851
 20
-5.964055637861683
 30
0.0
 10
33.29574650085851
 20
-7.310031434448255
 30
0.0
 10
34.38688110425573
 20
-8.401166037849115
 30
0.0
 10
35.73286141979043
 20
-8.401166037849115
 30
0.0
 10
37.07884173531784
 20
-8.401166037849115
 30
0.0
 10
38.16997633871506
 20
-7.310031434448255
 30
0.0
 10
38.16997633871506
 20
-5.964055637861683
 30
0.0
 10
38.16997633871506
 20
-4.618070803389791
 30
0.0
 10
37.07884173531784
 20
-3.526936199988931
 30
0.0
 10
35.73286141979043
 20
-3.526936199988931
 30
0.0
  0
SPLINE
  5
101C058
102
{ACAD_REACTORS
330
101C056
102
}
330
101C034
100
AcDbEntity
  8
Kontur_Logo
370
     0
100
AcDbSpline
210
0.0
220
0.0
230
1.0
 70
     9
 71
     3
 72
    17
 73
    13
 74
     0
 42
0.000000001
 43
0.0000000001
 40
0.0
 40
0.0
 40
0.0
 40
0.0
 40
1.0
 40
1.0
 40
1.0
 40
2.0
 40
2.0
 40
2.0
 40
3.0
 40
3.0
 40
3.0
 40
4.0
 40
4.0
 40
4.0
 40
4.0
 10
35.73286141025892
 20
-7.345096080349257
 30
0.0
 10
34.97013328182948
 20
-7.345096080349257
 30
0.0
 10
34.35181644883414
 20
-6.726774867933208
 30
0.0
 10
34.35181644883414
 20
-5.96405549833792
 30
0.0
 10
34.35181644883414
 20
-5.201318611070682
 30
0.0
 10
34.97013328182948
 20
-4.583006157488789
 30
0.0
 10
35.73286141025892
 20
-4.583006157488789
 30
0.0
 10
36.49559391810908
 20
-4.583006157488789
 30
0.0
 10
37.11390637169098
 20
-5.201318611070682
 30
0.0
 10
37.11390637169098
 20
-5.96405549833792
 30
0.0
 10
37.11390637169098
 20
-6.726774867933208
 30
0.0
 10
36.49559391810908
 20
-7.345096080349257
 30
0.0
 10
35.73286141025892
 20
-7.345096080349257
 30
0.0
  0
HATCH
  5
101C059
330
101C034
100
AcDbEntity
  8
0
 62
   179
420
  1976410
100
AcDbHatch
 10
0.0
 20
0.0
 30
0.0
210
0.0
220
0.0
230
1.0
  2
SOLID
 70
     1
 71
     0
 91
        1
 92
        1
 93
        1
 72
     4
 94
        3
 73
     0
 74
     0
 95
       23
 96
       19
 40
0.0
 40
0.0
 40
0.0
 40
0.0
 40
1.0
 40
1.0
 40
1.0
 40
2.0
 40
2.0
 40
2.0
 40
3.0
 40
3.0
 40
3.0
 40
4.0
 40
4.0
 40
4.0
 40
5.0
 40
5.0
 40
5.0
 40
6.0
 40
6.0
 40
6.0
 40
6.0
 10
9.337886642722878
 20
-6.361626916084723
 10
9.337886642722878
 20
-6.361626916084723
 10
9.337886642766534
 20
-5.450546131789387
 10
9.337886642766534
 20
-5.450546131789387
 10
9.337886642788362
 20
-4.938131175047537
 10
9.753281627388787
 20
-4.522744477831956
 10
10.26567172209616
 20
-4.522744477853784
 10
10.26567172209616
 20
-4.522744477853784
 10
10.2668651000713
 20
-4.522744477853784
 10
10.2668651000713
 20
-4.522744477853784
 10
10.77927176946832
 20
-4.522744477875612
 10
11.19465017934271
 20
-4.938131175131211
 10
11.19465017931361
 20
-5.450546131876699
 10
11.19465017931361
 20
-5.450546131876699
 10
11.19465017927723
 20
-6.361626916168397
 10
11.19465017927723
 20
-6.361626916168397
 10
11.19465017927723
 20
-6.361626916168397
 10
9.337886642722878
 20
-6.361626916084723
 10
9.337886642722878
 20
-6.361626916084723
 97
        0
 97
        0
 75
     1
 76
     1
 98
        1
 10
-691.3769457934104
 20
-81.91873912891235
450
        0
451
        0
460
0.0
461
0.0
452
        0
462
0.0
453
        2
463
0.0
 63
     5
421
      255
463
1.0
 63
     2
421
 16776960
470
LINEAR
1001
GRADIENTCOLOR1ACI
1070
     5
1001
GRADIENTCOLOR2ACI
1070
     2
1001
ACAD
1010
0.0
1020
0.0
1030
0.0
  0
HATCH
  5
101C05A
330
101C034
100
AcDbEntity
  8
0
 62
   179
420
  1976410
100
AcDbHatch
 10
0.0
 20
0.0
 30
0.0
210
0.0
220
0.0
230
1.0
  2
SOLID
 70
     1
 71
     1
 91
        1
 92
        1
 93
        4
 72
     1
 10
8.958431946215569
 20
-7.146165173802664
 11
6.827897835762996
 21
-10.1042778285336
 72
     1
 10
6.827897835762996
 20
-10.1042778285336
 11
8.212494504870846
 21
-10.1042778285336
 72
     1
 10
8.212494504870846
 20
-10.1042778285336
 11
9.835681844939244
 21
-7.146165173802664
 72
     1
 10
9.835681844939244
 20
-7.146165173802664
 11
8.958431946215569
 21
-7.146165173802664
 97
        1
330
101C05B
 75
     1
 76
     1
 98
        1
 10
-691.3769457934104
 20
-81.91873912891235
450
        0
451
        0
460
0.0
461
0.0
452
        0
462
0.0
453
        2
463
0.0
 63
     5
421
      255
463
1.0
 63
     2
421
 16776960
470
LINEAR
1001
GRADIENTCOLOR1ACI
1070
     5
1001
GRADIENTCOLOR2ACI
1070
     2
1001
ACAD
1010
0.0
1020
0.0
1030
0.0
  0
LWPOLYLINE
  5
101C05B
102
{ACAD_REACTORS
330
101C05A
102
}
330
101C034
100
AcDbEntity
  8
Kontur_Logo
370
     0
100
AcDbPolyline
 90
        5
 70
     0
 43
0.0
 10
8.958431946215569
 20
-7.146165173802664
 10
6.827897835762996
 20
-10.1042778285336
 10
8.212494504870846
 20
-10.1042778285336
 10
9.835681844939244
 20
-7.146165173802664
 10
8.958431946215569
 20
-7.146165173802664
  0
HATCH
  5
101C05C
330
101C034
100
AcDbEntity
  8
0
 62
   179
420
  1976410
100
AcDbHatch
 10
0.0
 20
0.0
 30
0.0
210
0.0
220
0.0
230
1.0
  2
SOLID
 70
     1
 71
     1
 91
        1
 92
        1
 93
        4
 72
     1
 10
11.57411793863139
 20
-7.146165173802664
 11
10.69686803990044
 21
-7.146165173802664
 72
     1
 10
10.69686803990044
 20
-7.146165173802664
 11
12.32003786230052
 21
-10.1042778285336
 72
     1
 10
12.32003786230052
 20
-10.1042778285336
 11
13.70463453140837
 21
-10.1042778285336
 72
     1
 10
13.70463453140837
 20
-10.1042778285336
 11
11.57411793863139
 21
-7.146165173802664
 97
        1
330
101C05D
 75
     1
 76
     1
 98
        1
 10
-691.3769457934104
 20
-81.91873912891235
450
        0
451
        0
460
0.0
461
0.0
452
        0
462
0.0
453
        2
463
0.0
 63
     5
421
      255
463
1.0
 63
     2
421
 16776960
470
LINEAR
1001
GRADIENTCOLOR1ACI
1070
     5
1001
GRADIENTCOLOR2ACI
1070
     2
1001
ACAD
1010
0.0
1020
0.0
1030
0.0
  0
LWPOLYLINE
  5
101C05D
102
{ACAD_REACTORS
330
101C05C
102
}
330
101C034
100
AcDbEntity
  8
Kontur_Logo
370
     0
100
AcDbPolyline
 90
        5
 70
     0
 43
0.0
 10
11.57411793863139
 20
-7.146165173802664
 10
10.69686803990044
 20
-7.146165173802664
 10
12.32003786230052
 20
-10.1042778285336
 10
13.70463453140837
 20
-10.1042778285336
 10
11.57411793863139
 20
-7.146165173802664
  0
LWPOLYLINE
  5
101C05E
330
101C034
100
AcDbEntity
  8
Kontur_Logo
 62
     4
370
     0
100
AcDbPolyline
 90
      123
 70
     1
 43
0.0
 10
6.432686300722707
 20
-5.815230354088207
 10
6.43728328000725
 20
-5.812392395542637
 10
6.450274743205227
 20
-5.803755723554722
 10
6.470461478325887
 20
-5.789136143590376
 10
6.496644273385754
 20
-5.768349461115512
 10
6.527623916394077
 20
-5.741211481596046
 10
6.562201195360103
 20
-5.707538010497891
 10
6.599176898307632
 20
-5.667144853290601
 10
6.637351813238637
 20
-5.61984781543645
 10
6.675526728169643
 20
-5.565462702401354
 10
6.712502431109896
 20
-5.503805319654865
 10
6.747079710083198
 20
-5.434691472662898
 10
6.778059353091521
 20
-5.357936966895003
 10
6.804242148144112
 20
-5.27335760780982
 10
6.824428883264772
 20
-5.180769200876902
 10
6.837420346462749
 20
-5.0799875515658
 10
6.840843097343167
 20
-5.026466700226528
 10
6.842017325747292
 20
-4.97082846533879
 10
6.837466016004327
 20
-4.842651039914862
 10
6.823474871620419
 20
-4.717254892595455
 10
6.799538069863046
 20
-4.595397301851271
 10
6.765149787992413
 20
-4.477835546156647
 10
6.743878272420261
 20
-4.420902255973423
 10
6.71980420329055
 20
-4.365326903975009
 10
6.692864352764445
 20
-4.311204149977065
 10
6.662995493010384
 20
-4.258628653780696
 10
6.63013439617498
 20
-4.207695075201563
 10
6.594217834419396
 20
-4.158498074040771
 10
6.555182579904794
 20
-4.11113231011398
 10
6.512965404792339
 20
-4.065692443229572
 10
6.467503081235918
 20
-4.022273133192292
 10
6.418732381389418
 20
-3.980969039810524
 10
6.366590077421278
 20
-3.941874822896288
 10
6.311012941485387
 20
-3.905085142257966
 10
6.251937745735631
 20
-3.870694657700305
 10
6.18930126234045
 20
-3.838798029038962
 10
6.123040263446455
 20
-3.809489916075044
 10
6.053091521222086
 20
-3.782864978624211
 10
5.97939180782123
 20
-3.759017876491206
 10
5.901877895397774
 20
-3.738043269484414
 10
5.820486556120158
 20
-3.720035817412217
 10
5.73515456214227
 20
-3.705090180086635
 10
5.645818685617996
 20
-3.693301017316052
 10
5.5524156987085
 20
-3.684762988905212
 10
5.454882373574946
 20
-3.679570754666137
 10
5.353155482371221
 20
-3.677818974407209
 10
3.677752346229681
 20
-3.677818974407209
 10
3.677752346229681
 20
-8.278151918107987
 10
4.490530509669042
 20
-8.278151918107987
 10
4.493570221886329
 20
-8.278151918107987
 10
4.502461989643052
 20
-8.278151918107987
 10
4.516864759592863
 20
-8.278151918107987
 10
4.536437478389416
 20
-8.278151918107987
 10
4.56083909269364
 20
-8.278151918107987
 10
4.58972854915919
 20
-8.278151918107987
 10
4.622764794439717
 20
-8.278151918107987
 10
4.659606775188876
 20
-8.278151918107987
 10
4.699913438067596
 20
-8.278151918107987
 10
4.743343729729531
 20
-8.278151918107987
 10
4.838210986017656
 20
-8.278151918107987
 10
4.941480117304308
 20
-8.278151918107987
 10
5.050422696818714
 20
-8.278151918107987
 10
5.27441449354228
 20
-8.278151918107987
 10
5.384006857239
 20
-8.278151918107987
 10
5.48835896213859
 20
-8.278151918107987
 10
5.584742381499381
 20
-8.278151918107987
 10
5.6704286885506
 20
-8.278151918107987
 10
5.708407791607896
 20
-8.278151918107987
 10
5.742689456550579
 20
-8.278151918107987
 10
5.772932630039576
 20
-8.278151918107987
 10
5.798796258735819
 20
-8.278151918107987
 10
5.930013135184708
 20
-8.272389374364074
 10
6.05860627432412
 20
-8.255305728187458
 10
6.183769602430402
 20
-8.227206957177195
 10
6.304697045779903
 20
-8.188399038914148
 10
6.420582530648971
 20
-8.139187950997374
 10
6.53061998332123
 20
-8.079879671011376
 10
6.634003330065752
 20
-8.01078017655157
 10
6.682947815686929
 20
-7.972654341890965
 10
6.729926497173437
 20
-7.932195445206097
 10
6.774838615318003
 20
-7.889441733699577
 10
6.817583410906081
 20
-7.844431454566738
 10
6.858060124723124
 20
-7.797202855010191
 10
6.896167997554584
 20
-7.74779418222527
 10
6.931806270185916
 20
-7.696243683410948
 10
6.964874183395295
 20
-7.642589605769835
 10
6.995270977968175
 20
-7.586870196497265
 10
7.022895894697285
 20
-7.529123702792212
 10
7.047648174360801
 20
-7.469388371853646
 10
7.069427057744178
 20
-7.40770245088418
 10
7.088131785632867
 20
-7.344104187075508
 10
7.103661598819599
 20
-7.27863182763388
 10
7.115915738075273
 20
-7.211323619754629
 10
7.124793444192619
 20
-7.142217810636729
 10
7.130193957949813
 20
-7.071352647479152
 10
7.132016520139586
 20
-6.998766377477231
 10
7.130010384869819
 20
-6.913303127934277
 10
7.124162713967962
 20
-6.83175715531609
 10
7.114729609813366
 20
-6.754049491602863
 10
7.10196717477811
 20
-6.680101168763876
 10
7.08613151123427
 20
-6.609833218786597
 10
7.067478721568477
 20
-6.543166673640307
 10
7.046264908152807
 20
-6.480022565308836
 10
7.022746173359337
 20
-6.420321925761463
 10
6.997178619560145
 20
-6.36398578698202
 10
6.969818349134584
 20
-6.310935180947062
 10
6.940921464454731
 20
-6.261091139633144
 10
6.910744067907216
 20
-6.214374695013184
 10
6.879542261849564
 20
-6.170706879071012
 10
6.847572148668405
 20
-6.130008723779546
 10
6.782351410431147
 20
-6.057205523062229
 10
6.717130672193889
 20
-5.995333348680951
 10
6.653958752962353
 20
-5.943760456451791
 10
6.594884471734985
 20
-5.901855102190829
 10
6.541956647510232
 20
-5.868985541721421
 10
6.518437912716763
 20
-5.855741764102212
 10
6.497224099293816
 20
-5.844520030859648
 10
6.478571309628023
 20
-5.835241373973921
 10
6.462735646091459
 20
-5.827826825421588
 10
6.449973211056203
 20
-5.822197417179204
 10
6.440540106901607
 20
-5.818274181223323
 10
6.43469243599975
 20
-5.815978149534139
 10
6.432686300722707
 20
-5.815230354088207
  0
LWPOLYLINE
  5
101C05F
330
101C034
100
AcDbEntity
  8
Kontur_Logo
370
     0
100
AcDbPolyline
 90
      175
 70
     1
 43
0.0
 10
9.337886642722878
 20
-6.361626916077447
 10
9.337886642722878
 20
-6.360148960818996
 10
9.337886642730154
 20
-6.35580893346917
 10
9.337886642730154
 20
-6.348747591677174
 10
9.337886642730154
 20
-6.339105693077662
 10
9.337886642730154
 20
-6.327023995323479
 10
9.337886642730154
 20
-6.312643256052915
 10
9.337886642730154
 20
-6.296104232911538
 10
9.337886642730154
 20
-6.277547683544916
 10
9.337886642730154
 20
-6.257114365591341
 10
9.337886642730154
 20
-6.234945036700018
 10
9.337886642730154
 20
-6.211180454512877
 10
9.33788664273743
 20
-6.185961376675486
 10
9.33788664273743
 20
-6.131722764614032
 10
9.33788664273743
 20
-6.073355261672922
 10
9.337886642744706
 20
-6.011984928998508
 10
9.337886642744706
 20
-5.94873782773714
 10
9.337886642751982
 20
-5.821117564068053
 10
9.337886642751982
 20
-5.758996523956675
 10
9.337886642759258
 20
-5.699502959865576
 10
9.337886642759258
 20
-5.64376293293747
 10
9.337886642759258
 20
-5.617652390021184
 10
9.337886642759258
 20
-5.592902504329622
 10
9.337886642759258
 20
-5.569654033504711
 10
9.337886642766534
 20
-5.548047735188383
 10
9.337886642766534
 20
-5.528224367026204
 10
9.337886642766534
 20
-5.510324686660105
 10
9.337886642766534
 20
-5.494489451739291
 10
9.337886642766534
 20
-5.480859419902053
 10
9.337886642766534
 20
-5.469575348793959
 10
9.337886642766534
 20
-5.460777996060578
 10
9.337886642766534
 20
-5.454608119343838
 10
9.337886642766534
 20
-5.451206476285669
 10
9.337886642766534
 20
-5.450587729141197
 10
9.337886642766534
 20
-5.450548736709542
 10
9.337886939843883
 20
-5.449795593372918
 10
9.337891394214238
 20
-5.447544813166977
 10
9.337962552039243
 20
-5.438554324446094
 10
9.33909390347253
 20
-5.40280120759774
 10
9.3415615604099
 20
-5.367400675946491
 10
9.345340927218785
 20
-5.332377321923495
 10
9.350407408266619
 20
-5.297755737963534
 10
9.356736407920834
 20
-5.263560516494116
 10
9.373083580525417
 20
-5.19654753075877
 10
9.394185679971997
 20
-5.131535104170261
 10
9.419845941192761
 20
-5.068719976177753
 10
9.449867599134449
 20
-5.008298886241327
 10
9.484053888736525
 20
-4.950468573802872
 10
9.522208044945728
 20
-4.895425778318831
 10
9.564133302694244
 20
-4.843367239245644
 10
9.609632896928815
 20
-4.79448969602884
 10
9.658510062581626
 20
-4.748989888121222
 10
9.710568034606694
 20
-4.707064554979233
 10
9.765610047936206
 20
-4.668910436048399
 10
9.823439337516902
 20
-4.634724270788801
 10
9.883859138280968
 20
-4.604702798642328
 10
9.94667268518242
 20
-4.579042759072699
 10
10.01168321314617
 20
-4.557940891521802
 10
10.07869395711896
 20
-4.54159393544608
 10
10.11288792103005
 20
-4.535265030292002
 10
10.14750815204752
 20
-4.530198630298336
 10
10.1825300545388
 20
-4.526419327899866
 10
10.21792903287132
 20
-4.523951715531374
 10
10.25368049141252
 20
-4.522820385616732
 10
10.26267054877826
 20
-4.522749229195987
 10
10.26492122007766
 20
-4.522744774916581
 10
10.26567172550858
 20
-4.522744477846508
 10
10.26567177657853
 20
-4.522744477846508
 10
10.26567258704744
 20
-4.522744477846508
 10
10.26568512428639
 20
-4.522744477846508
 10
10.26585818740568
 20
-4.522744477846508
 10
10.2668651000713
 20
-4.522744477846508
 10
10.30272969773796
 20
-4.523424915292643
 10
10.33824990832363
 20
-4.525449832672101
 10
10.37340114003746
 20
-4.528794637557375
 10
10.40815880108857
 20
-4.53343473751368
 10
10.44249829968612
 20
-4.53934554010987
 10
10.47639504403196
 20
-4.546502452914801
 10
10.54276190283417
 20
-4.564456239426299
 10
10.60706264315377
 20
-4.58709935759537
 10
10.66910053067113
 20
-4.614235067969211
 10
10.72867883104482
 20
-4.645666631098656
 10
10.78560080994793
 20
-4.681197307527263
 10
10.83966973304632
 20
-4.720630357805866
 10
10.89068886602035
 20
-4.763769042478024
 10
10.93846147452859
 20
-4.810416622098209
 10
10.98279082424415
 20
-4.860376357213617
 10
11.02348018084012
 20
-4.913451508364168
 10
11.06033280998235
 20
-4.969445336107973
 10
11.09315197733667
 20
-5.02816110098859
 10
11.12174094857619
 20
-5.089402063553215
 10
11.14590298937401
 20
-5.152971484352683
 10
11.16544136539596
 20
-5.218672623930551
 10
11.18015934230789
 20
-5.286308742837654
 10
11.18564920162316
 20
-5.320790938461804
 10
11.18986018578289
 20
-5.355683101621188
 10
11.19276770300348
 20
-5.390960639888298
 10
11.19434716149408
 20
-5.426598960831988
 10
11.19463118377462
 20
-5.444545729671453
 10
11.19464899120794
 20
-5.449045194069121
 10
11.19465017931361
 20
-5.450546783311374
 10
11.19465017931361
 20
-5.450556544783403
 10
11.19465017931361
 20
-5.450712086865614
 10
11.19465017931361
 20
-5.45315970589575
 10
11.19465017931361
 20
-5.458422477797221
 10
11.19465017931361
 20
-5.466359644931735
 10
11.19465017931361
 20
-5.476830449653725
 10
11.19465017931361
 20
-5.489694134317623
 10
11.19465017931361
 20
-5.5048099412815
 10
11.19465017931361
 20
-5.522037112903426
 10
11.19465017931361
 20
-5.541234891537833
 10
11.19465017931361
 20
-5.562262519542791
 10
11.19465017931361
 20
-5.584979239269095
 10
11.19465017930633
 20
-5.609244293078454
 10
11.19465017930633
 20
-5.661856372364063
 10
11.19465017930633
 20
-5.718972696253267
 10
11.19465017929906
 20
-5.779467203588801
 10
11.19465017929906
 20
-5.906086524013453
 10
11.19465017929178
 20
-6.032705844438105
 10
11.19465017928451
 20
-6.093200351777277
 10
11.19465017928451
 20
-6.150316675662843
 10
11.19465017928451
 20
-6.20292875495209
 10
11.19465017928451
 20
-6.227193808761448
 10
11.19465017927723
 20
-6.249910528487752
 10
11.19465017927723
 20
-6.270938156492711
 10
11.19465017927723
 20
-6.29013593512348
 10
11.19465017927723
 20
-6.307363106745405
 10
11.19465017927723
 20
-6.32247891371292
 10
11.19465017927723
 20
-6.335342598376819
 10
11.19465017927723
 20
-6.345813403098809
 10
11.19465017927723
 20
-6.353750570233323
 10
11.19465017927723
 20
-6.359013342134794
 10
11.19465017927723
 20
-6.361460961161292
 10
11.19330441102647
 20
-6.361626916161121
 10
11.19056130149693
 20
-6.361626916161121
 10
11.18637193379254
 20
-6.361626916161121
 10
11.18077216554957
 20
-6.361626916161121
 10
11.17379785440425
 20
-6.361626916161121
 10
11.15586903397343
 20
-6.361626916161121
 10
11.13287233364099
 20
-6.361626916161121
 10
11.10509461452602
 20
-6.361626916157483
 10
11.07282273776218
 20
-6.361626916157483
 10
11.03634356446855
 20
-6.361626916153845
 10
10.99594395577151
 20
-6.361626916153845
 10
10.95191077280469
 20
-6.361626916150207
 10
10.9045308766872
 20
-6.361626916150207
 10
10.85409112855268
 20
-6.361626916146569
 10
10.80087838952749
 20
-6.361626916142931
 10
10.74517952073802
 20
-6.361626916142931
 10
10.68728138331062
 20
-6.361626916139293
 10
10.62747083836439
 20
-6.361626916135655
 10
10.56603474704025
 20
-6.361626916135655
 10
10.43943336973461
 20
-6.361626916128379
 10
10.17934594807593
 20
-6.361626916117465
 10
10.05044968175934
 20
-6.361626916110189
 10
9.925378230465867
 20
-6.361626916106551
 10
9.864993963266897
 20
-6.361626916102913
 10
9.80642648320645
 20
-6.361626916099275
 10
9.749962651410896
 20
-6.361626916095637
 10
9.695889329006604
 20
-6.361626916095637
 10
9.644493377112667
 20
-6.361626916091999
 10
9.596061656870006
 20
-6.361626916091999
 10
9.550881029390438
 20
-6.361626916088361
 10
9.509238355814886
 20
-6.361626916088361
 10
9.471420497262442
 20
-6.361626916084723
 10
9.437714314859476
 20
-6.361626916084723
 10
9.408406669739633
 20
-6.361626916081085
 10
9.383784423014731
 20
-6.361626916081085
 10
9.364134435832966
 20
-6.361626916081085
 10
9.356263683665019
 20
-6.361626916081085
 10
9.34974356929888
 20
-6.361626916081085
 10
9.344609950385347
 20
-6.361626916077447
 10
9.34089868456067
 20
-6.361626916077447
 10
9.338645629461097
 20
-6.361626916077447
 10
9.337886642722878
 20
-6.361626916077447
  0
HATCH
  5
101C060
330
101C034
100
AcDbEntity
  8
0
 62
   179
420
  1976410
100
AcDbHatch
 10
0.0
 20
0.0
 30
0.0
210
0.0
220
0.0
230
1.0
  2
_SOLID
 70
     1
 71
     1
 91
        1
 92
        1
 93
       12
 72
     1
 10
20.20190630212892
 20
-3.677732547232089
 11
22.96292424624699
 21
-3.677732547232089
 72
     1
 10
22.96292424624699
 20
-3.677732547232089
 11
22.96292424624699
 21
-4.585955816273717
 72
     1
 10
22.96292424624699
 20
-4.585955816273717
 11
21.32071677281055
 21
-4.585955816273717
 72
     1
 10
21.32071677281055
 20
-4.585955816273717
 11
21.32071677281055
 21
-5.44720903375849
 72
     1
 10
21.32071677281055
 20
-5.44720903375849
 11
22.65681506391411
 21
-5.44720903375849
 72
     1
 10
22.65681506391411
 20
-5.44720903375849
 11
22.65681506391411
 21
-6.355452109382831
 72
     1
 10
22.65681506391411
 20
-6.355452109382831
 11
21.32071677281055
 21
-6.355452109382831
 72
     1
 10
21.32071677281055
 20
-6.355452109382831
 11
21.32071677281055
 21
-7.369928649066359
 72
     1
 10
21.32071677281055
 20
-7.369928649066359
 11
23.01559955304401
 21
-7.369928649066359
 72
     1
 10
23.01559955304401
 20
-7.369928649066359
 11
23.01559955304401
 21
-8.27701285766664
 72
     1
 10
23.01559955304401
 20
-8.27701285766664
 11
20.20190630212892
 21
-8.277178593110811
 72
     1
 10
20.20190630212892
 20
-8.277178593110811
 11
20.20190630212892
 21
-3.677732547232089
 97
        1
330
101C061
 75
     1
 76
     1
 98
        1
 10
-54.13902464031707
 20
-27.22385600354385
450
        0
451
        0
460
0.0
461
0.0
452
        0
462
0.0
453
        2
463
0.0
 63
     5
421
      255
463
1.0
 63
     2
421
 16776960
470
LINEAR
1001
GRADIENTCOLOR1ACI
1070
     5
1001
GRADIENTCOLOR2ACI
1070
     2
1001
ACAD
1010
0.0
1020
0.0
1030
0.0
  0
LWPOLYLINE
  5
101C061
102
{ACAD_REACTORS
330
101C060
102
}
330
101C034
100
AcDbEntity
  8
Kontur_Logo
370
     0
100
AcDbPolyline
 90
       12
 70
     1
 43
0.0
 10
20.20190630212892
 20
-3.677732547232089
 10
22.96292424624699
 20
-3.677732547232089
 10
22.96292424624699
 20
-4.585955816273717
 10
21.32071677281055
 20
-4.585955816273717
 10
21.32071677281055
 20
-5.44720903375849
 10
22.65681506391411
 20
-5.44720903375849
 10
22.65681506391411
 20
-6.355452109382831
 10
21.32071677281055
 20
-6.355452109382831
 10
21.32071677281055
 20
-7.369928649066359
 10
23.01559955304401
 20
-7.369928649066359
 10
23.01559955304401
 20
-8.27701285766664
 10
20.20190630212892
 20
-8.277178593110811
  0
ENDBLK
  5
101C062
330
101C034
100
AcDbEntity
  8
0
100
AcDbBlockEnd
  0
BLOCK
  5
1B846
330
1B845
100
AcDbEntity
 67
     1
  8
0
100
AcDbBlockBegin
  2
*Paper_Space58
 70
     0
 10
0.0
 20
0.0
 30
0.0
  3
*Paper_Space58
  1

  0
VIEWPORT
  5
1B847
102
{ACAD_XDICTIONARY
360
1B848
102
}
330
1B845
100
AcDbEntity
 67
     1
  8
0
100
AcDbViewport
 10
111.3715507827763
 20
184.0947621557454
 30
0.0
 40
894.8802422535209
 41
404.9877838578066
 68
     0
 69
     0
 12
111.3715507827763
 22
184.0947621557454
 13
0.0
 23
0.0
 14
10.0
 24
10.0
 15
10.0
 25
10.0
 16
0.0
 26
0.0
 36
1.0
 17
0.0
 27
0.0
 37
0.0
 42
50.0
 43
0.0
 44
0.0
 45
404.9877838578066
 50
0.0
 51
0.0
 72
  1000
 90
   819232
  1

281
     0
 71
     1
 74
     0
110
0.0
120
0.0
130
0.0
111
1.0
121
0.0
131
0.0
112
0.0
122
1.0
132
0.0
 79
     0
146
0.0
170
     0
 61
     5
348
9F
292
     1
282
     1
141
0.0
142
0.0
 63
   250
421
  3355443
1001
GENIUS_GENSCREG_15
1000
PF
1040
1.0
1000
DF
1040
1.0
1000
MIN
1011
-257.0859705541643
1021
-320.7561116657018
1031
0.0
1000
MAX
1011
2652.347720122776
1021
692.7990032246334
1031
0.0
1000
FLAGS
1070
     4
1001
GENIUS_GENOBJ-N-SDF_13
1002
{
1000
OWNER
1000
GEN
1002
}
1001
GENIUS_GENODEF_13
1002
{
1000
HIER
1070
     0
1002
}
1002
{
1000
MANEDIT
1070
     0
1002
}
1002
{
1000
NOSEL
1070
     0
1002
}
1002
{
1000
BEHIND
1070
     0
1002
}
1002
{
1000
OTHER
1070
     0
1002
}
1002
{
1000
REACTOR
1002
}
  0
VIEWPORT
  5
1B84A
102
{ACAD_XDICTIONARY
360
1B84B
102
}
330
1B845
100
AcDbEntity
 67
     1
  8
RAMME
100
AcDbViewport
 10
84.99999999999994
 20
138.713864117366
 30
0.0
 40
189.9999999999998
 41
277.427728234732
 68
     0
 69
     0
 12
-395.0000000000002
 22
445.5
 13
0.0
 23
0.0
 14
0.5
 24
0.5
 15
0.5
 25
0.5
 16
0.0
 26
0.0
 36
1.0
 17
0.0
 27
0.0
 37
0.0
 42
50.0
 43
0.0
 44
0.0
 45
277.427728234732
 50
0.0
 51
0.0
 72
  1000
 90
   819296
  1

281
     0
 71
     1
 74
     0
110
0.0
120
0.0
130
0.0
111
1.0
121
0.0
131
0.0
112
0.0
122
1.0
132
0.0
 79
     0
146
0.0
170
     0
 61
     5
348
9F
292
     1
282
     1
141
0.0
142
0.0
 63
   250
421
  3355443
1001
GENIUS_GENSCREG_15
1000
PF
1040
0.0
1000
DF
1040
0.0
1000
MIN
1011
0.0
1021
0.0
1031
0.0
1000
MAX
1011
179.9999999999999
1021
277.427728234732
1031
0.0
1000
FLAGS
1070
     4
1001
GENIUS_GENOBJ-N-SDF_13
1002
{
1000
OWNER
1000
GEN
1002
}
1001
GENIUS_GENODEF_13
1002
{
1000
HIER
1070
     0
1002
}
1002
{
1000
MANEDIT
1070
     0
1002
}
1002
{
1000
NOSEL
1070
     0
1002
}
1002
{
1000
BEHIND
1070
     0
1002
}
1002
{
1000
OTHER
1070
     0
1002
}
1002
{
1000
REACTOR
1002
}
  0
ENDBLK
  5
1B84D
330
1B845
100
AcDbEntity
 67
     1
  8
0
100
AcDbBlockEnd
  0
BLOCK
  5
101C4B6
330
101C4B4
100
AcDbEntity
  8
0
100
AcDbBlockBegin
  2
Forside
 70
     0
 10
0.0
 20
0.0
 30
0.0
  3
Forside
  1

  0
LWPOLYLINE
  5
101C520
330
101C4B4
100
AcDbEntity
  8
Forside
 62
   254
420
 13290192
100
AcDbPolyline
 90
        4
 70
     1
 43
0.0
 10
189.9999999999998
 20
253.0
 10
0.0
 20
253.0
 10
0.0
 20
0.0
 10
190.0
 20
0.0
  0
LINE
  5
101C521
330
101C4B4
100
AcDbEntity
  8
Forside
 62
   140
420
    43775
100
AcDbLine
 10
78.02943725152286
 20
31.02943725152286
 30
0.0
 11
189.9999999999998
 21
142.9999999999999
 31
0.0
  0
LINE
  5
101C522
330
101C4B4
100
AcDbEntity
  8
Forside
 62
   140
420
    43775
100
AcDbLine
 10
80.28386210307692
 20
29.04122141595762
 30
0.0
 11
189.9999999999998
 21
138.7573593128806
 31
0.0
  0
LINE
  5
101C523
330
101C4B4
100
AcDbEntity
  8
Forside
 62
   140
420
    43775
100
AcDbLine
 10
82.81096396196431
 20
27.32568258772572
 30
0.0
 11
189.9999999999998
 21
134.5147186257613
 31
0.0
  0
LINE
  5
101C524
330
101C4B4
100
AcDbEntity
  8
Forside
 62
   140
420
    43775
100
AcDbLine
 10
85.63182830812667
 20
25.90390624676879
 30
0.0
 11
189.9999999999998
 21
130.272077938642
 31
0.0
  0
LINE
  5
101C525
330
101C4B4
100
AcDbEntity
  8
Forside
 62
   140
420
    43775
100
AcDbLine
 10
88.78834291753952
 20
24.81778016906235
 30
0.0
 11
189.9999999999998
 21
126.0294372515228
 31
0.0
  0
LINE
  5
101C526
330
101C4B4
100
AcDbEntity
  8
Forside
 62
   140
420
    43775
100
AcDbLine
 10
92.35896041830647
 20
24.14575698271001
 30
0.0
 11
189.9999999999999
 21
121.7867965644035
 31
0.0
  0
LINE
  5
101C527
330
101C4B4
100
AcDbEntity
  8
Forside
 62
   140
420
    43775
100
AcDbLine
 10
96.5029499010361
 20
24.04710577832033
 30
0.0
 11
189.9999999999999
 21
117.5441558772842
 31
0.0
  0
LINE
  5
101C528
330
101C4B4
100
AcDbEntity
  8
Forside
 62
   140
420
    43775
100
AcDbLine
 10
101.63340404234
 20
24.93491923250501
 30
0.0
 11
189.9999999999999
 21
113.301515190165
 31
0.0
  0
LINE
  5
101C529
330
101C4B4
100
AcDbEntity
  8
Forside
 62
   140
420
    43775
100
AcDbLine
 10
111.9705627484771
 20
31.02943725152286
 30
0.0
 11
189.9999999999999
 21
109.0588745030457
 31
0.0
  0
LINE
  5
101C52A
330
101C4B4
100
AcDbEntity
  8
Forside
 62
   140
420
    43775
100
AcDbLine
 10
76.04122141595763
 20
33.28386210307691
 30
0.0
 11
189.9999999999998
 21
147.2426406871191
 31
0.0
  0
LINE
  5
101C52B
330
101C4B4
100
AcDbEntity
  8
Forside
 62
   140
420
    43775
100
AcDbLine
 10
74.32568258772571
 20
35.81096396196432
 30
0.0
 11
189.9999999999998
 21
151.4852813742384
 31
0.0
  0
LINE
  5
101C52C
330
101C4B4
100
AcDbEntity
  8
Forside
 62
   140
420
    43775
100
AcDbLine
 10
72.9039062467688
 20
38.63182830812668
 30
0.0
 11
189.9999999999998
 21
155.7279220613577
 31
0.0
  0
LINE
  5
101C52D
330
101C4B4
100
AcDbEntity
  8
Forside
 62
   140
420
    43775
100
AcDbLine
 10
71.81778016906235
 20
41.78834291753953
 30
0.0
 11
189.9999999999998
 21
159.9705627484769
 31
0.0
  0
LINE
  5
101C52E
330
101C4B4
100
AcDbEntity
  8
Forside
 62
   140
420
    43775
100
AcDbLine
 10
71.14575698271003
 20
45.35896041830646
 30
0.0
 11
189.9999999999998
 21
164.2132034355962
 31
0.0
  0
LINE
  5
101C52F
330
101C4B4
100
AcDbEntity
  8
Forside
 62
   140
420
    43775
100
AcDbLine
 10
71.04710577832031
 20
49.50294990103611
 30
0.0
 11
189.9999999999998
 21
168.4558441227154
 31
0.0
  0
LINE
  5
101C530
330
101C4B4
100
AcDbEntity
  8
Forside
 62
   140
420
    43775
100
AcDbLine
 10
71.93491923250502
 20
54.63340404234009
 30
0.0
 11
189.9999999999998
 21
172.6984848098348
 31
0.0
  0
LINE
  5
101C531
330
101C4B4
100
AcDbEntity
  8
Forside
 62
   140
420
    43775
100
AcDbLine
 10
78.02943725152286
 20
64.97056274847716
 30
0.0
 11
189.9999999999998
 21
176.941125496954
 31
0.0
  0
LINE
  5
101C532
330
101C4B4
100
AcDbEntity
  8
Forside
 62
   180
420
  3932400
100
AcDbLine
 10
122.4264068711924
 20
253.0
 30
0.0
 11
189.9999999999998
 21
185.4264068711925
 31
0.0
  0
LINE
  5
101C533
330
101C4B4
100
AcDbEntity
  8
Forside
 62
   180
420
  3932400
100
AcDbLine
 10
126.6690475583117
 20
253.0
 30
0.0
 11
189.9999999999998
 21
189.6690475583118
 31
0.0
  0
LINE
  5
101C534
330
101C4B4
100
AcDbEntity
  8
Forside
 62
   180
420
  3932400
100
AcDbLine
 10
130.911688245431
 20
253.0
 30
0.0
 11
189.9999999999998
 21
193.9116882454311
 31
0.0
  0
LINE
  5
101C535
330
101C4B4
100
AcDbEntity
  8
Forside
 62
   180
420
  3932400
100
AcDbLine
 10
135.1543289325502
 20
253.0
 30
0.0
 11
189.9999999999998
 21
198.1543289325503
 31
0.0
  0
LINE
  5
101C536
330
101C4B4
100
AcDbEntity
  8
Forside
 62
   180
420
  3932400
100
AcDbLine
 10
139.3969696196695
 20
253.0
 30
0.0
 11
189.9999999999998
 21
202.3969696196696
 31
0.0
  0
LINE
  5
101C537
330
101C4B4
100
AcDbEntity
  8
Forside
 62
   180
420
  3932400
100
AcDbLine
 10
143.6396103067888
 20
253.0
 30
0.0
 11
189.9999999999998
 21
206.639610306789
 31
0.0
  0
LINE
  5
101C538
330
101C4B4
100
AcDbEntity
  8
Forside
 62
   180
420
  3932400
100
AcDbLine
 10
147.8822509939081
 20
253.0
 30
0.0
 11
189.9999999999998
 21
210.8822509939082
 31
0.0
  0
LINE
  5
101C539
330
101C4B4
100
AcDbEntity
  8
Forside
 62
   180
420
  3932400
100
AcDbLine
 10
152.1248916810273
 20
253.0
 30
0.0
 11
189.9999999999998
 21
215.1248916810275
 31
0.0
  0
LINE
  5
101C53A
330
101C4B4
100
AcDbEntity
  8
Forside
 62
   180
420
  3932400
100
AcDbLine
 10
156.3675323681466
 20
253.0
 30
0.0
 11
189.9999999999998
 21
219.3675323681468
 31
0.0
  0
LINE
  5
101C53B
330
101C4B4
100
AcDbEntity
  8
Forside
 62
   180
420
  3932400
100
AcDbLine
 10
118.1837661840731
 20
253.0
 30
0.0
 11
189.9999999999998
 21
181.1837661840732
 31
0.0
  0
LINE
  5
101C53C
330
101C4B4
100
AcDbEntity
  8
Forside
 62
   180
420
  3932400
100
AcDbLine
 10
113.9411254969538
 20
253.0
 30
0.0
 11
189.9999999999998
 21
176.9411254969539
 31
0.0
  0
LINE
  5
101C53D
330
101C4B4
100
AcDbEntity
  8
Forside
 62
   180
420
  3932400
100
AcDbLine
 10
109.6984848098345
 20
253.0
 30
0.0
 11
189.9999999999998
 21
172.6984848098347
 31
0.0
  0
LINE
  5
101C53E
330
101C4B4
100
AcDbEntity
  8
Forside
 62
   180
420
  3932400
100
AcDbLine
 10
105.4558441227152
 20
253.0
 30
0.0
 11
189.9999999999998
 21
168.4558441227154
 31
0.0
  0
LINE
  5
101C53F
330
101C4B4
100
AcDbEntity
  8
Forside
 62
   180
420
  3932400
100
AcDbLine
 10
101.2132034355959
 20
253.0
 30
0.0
 11
189.9999999999998
 21
164.2132034355961
 31
0.0
  0
LINE
  5
101C540
330
101C4B4
100
AcDbEntity
  8
Forside
 62
   180
420
  3932400
100
AcDbLine
 10
96.97056274847668
 20
253.0
 30
0.0
 11
189.9999999999998
 21
159.9705627484769
 31
0.0
  0
LINE
  5
101C541
330
101C4B4
100
AcDbEntity
  8
Forside
 62
   180
420
  3932400
100
AcDbLine
 10
92.72792206135738
 20
253.0
 30
0.0
 11
189.9999999999998
 21
155.7279220613576
 31
0.0
  0
LINE
  5
101C542
330
101C4B4
100
AcDbEntity
  8
Forside
 62
   180
420
  3932400
100
AcDbLine
 10
88.48528137423809
 20
253.0
 30
0.0
 11
189.9999999999998
 21
151.4852813742383
 31
0.0
  0
ENDBLK
  5
101C4DA
330
101C4B4
100
AcDbEntity
  8
0
100
AcDbBlockEnd
  0
BLOCK
  5
1B830
330
1B82F
100
AcDbEntity
 67
     1
  8
0
100
AcDbBlockBegin
  2
*Paper_Space60
 70
     0
 10
0.0
 20
0.0
 30
0.0
  3
*Paper_Space60
  1

  0
VIEWPORT
  5
1B831
102
{ACAD_XDICTIONARY
360
1B832
102
}
330
1B82F
100
AcDbEntity
 67
     1
  8
0
100
AcDbViewport
 10
114.3220296560159
 20
185.4300334510235
 30
0.0
 40
900.7812000000001
 41
407.6583264483627
 68
     0
 69
     0
 12
114.3220296560159
 22
185.4300334510235
 13
0.0
 23
0.0
 14
10.0
 24
10.0
 15
10.0
 25
10.0
 16
0.0
 26
0.0
 36
1.0
 17
0.0
 27
0.0
 37
0.0
 42
50.0
 43
0.0
 44
0.0
 45
407.6583264483627
 50
0.0
 51
0.0
 72
  1000
 90
   819232
  1

281
     0
 71
     1
 74
     0
110
0.0
120
0.0
130
0.0
111
1.0
121
0.0
131
0.0
112
0.0
122
1.0
132
0.0
 79
     0
146
0.0
170
     0
 61
     5
348
9F
292
     1
282
     1
141
0.0
142
0.0
 63
   250
421
  3355443
1001
GENIUS_GENSCREG_15
1000
PF
1040
1.0
1000
DF
1040
1.0
1000
MIN
1011
-257.0859705541643
1021
-320.7561116657018
1031
0.0
1000
MAX
1011
2652.347720122776
1021
692.7990032246334
1031
0.0
1000
FLAGS
1070
     4
1001
GENIUS_GENOBJ-N-SDF_13
1002
{
1000
OWNER
1000
GEN
1002
}
1001
GENIUS_GENODEF_13
1002
{
1000
HIER
1070
     0
1002
}
1002
{
1000
MANEDIT
1070
     0
1002
}
1002
{
1000
NOSEL
1070
     0
1002
}
1002
{
1000
BEHIND
1070
     0
1002
}
1002
{
1000
OTHER
1070
     0
1002
}
1002
{
1000
REACTOR
1002
}
  0
VIEWPORT
  5
1B834
102
{ACAD_XDICTIONARY
360
1B835
102
}
330
1B82F
100
AcDbEntity
 67
     1
  8
RAMME
100
AcDbViewport
 10
84.99999999999994
 20
138.713864117366
 30
0.0
 40
189.9999999999998
 41
277.427728234732
 68
     0
 69
     0
 12
-185.0000000000001
 22
445.5
 13
0.0
 23
0.0
 14
0.5
 24
0.5
 15
0.5
 25
0.5
 16
0.0
 26
0.0
 36
1.0
 17
0.0
 27
0.0
 37
0.0
 42
50.0
 43
0.0
 44
0.0
 45
277.427728234732
 50
0.0
 51
0.0
 72
  1000
 90
   819296
  1

281
     0
 71
     1
 74
     0
110
0.0
120
0.0
130
0.0
111
1.0
121
0.0
131
0.0
112
0.0
122
1.0
132
0.0
 79
     0
146
0.0
170
     0
 61
     5
348
9F
292
     1
282
     1
141
0.0
142
0.0
 63
   250
421
  3355443
1001
GENIUS_GENSCREG_15
1000
PF
1040
0.0
1000
DF
1040
0.0
1000
MIN
1011
0.0
1021
0.0
1031
0.0
1000
MAX
1011
179.9999999999999
1021
277.427728234732
1031
0.0
1000
FLAGS
1070
     4
1001
GENIUS_GENOBJ-N-SDF_13
1002
{
1000
OWNER
1000
GEN
1002
}
1001
GENIUS_GENODEF_13
1002
{
1000
HIER
1070
     0
1002
}
1002
{
1000
MANEDIT
1070
     0
1002
}
1002
{
1000
NOSEL
1070
     0
1002
}
1002
{
1000
BEHIND
1070
     0
1002
}
1002
{
1000
OTHER
1070
     0
1002
}
1002
{
1000
REACTOR
1002
}
  0
ENDBLK
  5
1B837
330
1B82F
100
AcDbEntity
 67
     1
  8
0
100
AcDbBlockEnd
  0
BLOCK
  5
1A01C
330
1A01B
100
AcDbEntity
 67
     1
  8
0
100
AcDbBlockBegin
  2
*Paper_Space61
 70
     0
 10
0.0
 20
0.0
 30
0.0
  3
*Paper_Space61
  1

  0
VIEWPORT
  5
1A01D
102
{ACAD_XDICTIONARY
360
1A01E
102
}
330
1A01B
100
AcDbEntity
 67
     1
  8
0
100
AcDbViewport
 10
282.7624829788124
 20
186.5277761340094
 30
0.0
 40
896.8038852222598
 41
405.8583493994945
 68
     0
 69
     0
 12
282.7624829788124
 22
186.5277761340094
 13
0.0
 23
0.0
 14
10.0
 24
10.0
 15
10.0
 25
10.0
 16
0.0
 26
0.0
 36
1.0
 17
0.0
 27
0.0
 37
0.0
 42
50.0
 43
0.0
 44
0.0
 45
405.8583493994945
 50
0.0
 51
0.0
 72
  1000
 90
   819232
  1

281
     0
 71
     1
 74
     0
110
0.0
120
0.0
130
0.0
111
1.0
121
0.0
131
0.0
112
0.0
122
1.0
132
0.0
 79
     0
146
0.0
170
     0
 61
     5
348
9F
292
     1
282
     1
141
0.0
142
0.0
 63
   250
421
  3355443
1001
GENIUS_GENSCREG_15
1000
PF
1040
1.0
1000
DF
1040
1.0
1000
MIN
1011
-257.0859705541643
1021
-320.7561116657018
1031
0.0
1000
MAX
1011
2652.347720122776
1021
692.7990032246334
1031
0.0
1000
FLAGS
1070
     4
1001
GENIUS_GENOBJ-N-SDF_13
1002
{
1000
OWNER
1000
GEN
1002
}
1001
GENIUS_GENODEF_13
1002
{
1000
HIER
1070
     0
1002
}
1002
{
1000
MANEDIT
1070
     0
1002
}
1002
{
1000
NOSEL
1070
     0
1002
}
1002
{
1000
BEHIND
1070
     0
1002
}
1002
{
1000
OTHER
1070
     0
1002
}
1002
{
1000
REACTOR
1002
}
  0
VIEWPORT
  5
1A020
102
{ACAD_XDICTIONARY
360
1A021
102
}
330
1A01B
100
AcDbEntity
 67
     1
  8
RAMME
100
AcDbViewport
 10
85.0
 20
138.5
 30
0.0
 40
190.0
 41
277.0
 68
     0
 69
     0
 12
-185.0000000000001
 22
138.5
 13
0.0
 23
0.0
 14
0.5
 24
0.5
 15
0.5
 25
0.5
 16
0.0
 26
0.0
 36
1.0
 17
0.0
 27
0.0
 37
0.0
 42
50.0
 43
0.0
 44
0.0
 45
277.0
 50
0.0
 51
0.0
 72
  1000
 90
   819296
  1

281
     0
 71
     1
 74
     0
110
0.0
120
0.0
130
0.0
111
1.0
121
0.0
131
0.0
112
0.0
122
1.0
132
0.0
 79
     0
146
0.0
170
     0
 61
     5
348
9F
292
     1
282
     1
141
0.0
142
0.0
 63
   250
421
  3355443
1001
GENIUS_GENSCREG_15
1000
PF
1040
0.0
1000
DF
1040
0.0
1000
MIN
1011
-210.0
1021
0.0
1031
0.0
1000
MAX
1011
180.0
1021
277.0
1031
0.0
1000
FLAGS
1070
     4
1001
GENIUS_GENOBJ-N-SDF_13
1002
{
1000
OWNER
1000
GEN
1002
}
1001
GENIUS_GENODEF_13
1002
{
1000
HIER
1070
     0
1002
}
1002
{
1000
MANEDIT
1070
     0
1002
}
1002
{
1000
NOSEL
1070
     0
1002
}
1002
{
1000
BEHIND
1070
     0
1002
}
1002
{
1000
OTHER
1070
     0
1002
}
1002
{
1000
REACTOR
1002
}
  0
ENDBLK
  5
1A025
330
1A01B
100
AcDbEntity
 67
     1
  8
0
100
AcDbBlockEnd
  0
BLOCK
  5
101C9A0
330
101C99F
100
AcDbEntity
  8
0
100
AcDbBlockBegin
  2
Bpdwginf
 70
     2
 10
0.0
 20
0.0
 30
0.0
  3
Bpdwginf
  1

  0
ATTDEF
  5
101C9A1
330
101C99F
100
AcDbEntity
  8
0
100
AcDbText
 10
0.0
 20
0.0
 30
0.0
 40
3.5
  1
1
100
AcDbAttributeDefinition
280
     0
  3
Skala
  2
ATT01
 70
     1
280
     0
  0
ATTDEF
  5
101C9A2
330
101C99F
100
AcDbEntity
  8
0
100
AcDbText
 10
0.0
 20
4.0
 30
0.0
 40
3.5
  1

100
AcDbAttributeDefinition
280
     0
  3
Ledig
  2
ATT02
 70
     1
280
     0
  0
ATTDEF
  5
101C9A3
330
101C99F
100
AcDbEntity
  8
0
100
AcDbText
 10
0.0
 20
8.0
 30
0.0
 40
3.5
  1

100
AcDbAttributeDefinition
280
     0
  3
Ledig
  2
ATT03
 70
     1
280
     0
  0
ATTDEF
  5
101C9A4
330
101C99F
100
AcDbEntity
  8
0
100
AcDbText
 10
0.0
 20
12.0
 30
0.0
 40
3.5
  1

100
AcDbAttributeDefinition
280
     0
  3
Ledig
  2
ATT04
 70
     1
280
     0
  0
ATTDEF
  5
101C9A5
330
101C99F
100
AcDbEntity
  8
0
100
AcDbText
 10
0.0
 20
16.0
 30
0.0
 40
3.5
  1

100
AcDbAttributeDefinition
280
     0
  3
Ledig
  2
ATT05
 70
     1
280
     0
  0
ATTDEF
  5
101C9A6
330
101C99F
100
AcDbEntity
  8
0
100
AcDbText
 10
0.0
 20
20.0
 30
0.0
 40
3.5
  1

100
AcDbAttributeDefinition
280
     0
  3
Ledig
  2
ATT06
 70
     1
280
     0
  0
ATTDEF
  5
101C9A7
330
101C99F
100
AcDbEntity
  8
0
100
AcDbText
 10
0.0
 20
24.0
 30
0.0
 40
3.5
  1

100
AcDbAttributeDefinition
280
     0
  3
Ledig
  2
ATT07
 70
     1
280
     0
  0
ATTDEF
  5
101C9A8
330
101C99F
100
AcDbEntity
  8
0
100
AcDbText
 10
0.0
 20
28.0
 30
0.0
 40
3.5
  1

100
AcDbAttributeDefinition
280
     0
  3
Ledig
  2
ATT08
 70
     1
280
     0
  0
ATTDEF
  5
101C9A9
330
101C99F
100
AcDbEntity
  8
0
100
AcDbText
 10
0.0
 20
32.0
 30
0.0
 40
3.5
  1

100
AcDbAttributeDefinition
280
     0
  3
Ledig
  2
ATT09
 70
     1
280
     0
  0
ATTDEF
  5
101C9AA
330
101C99F
100
AcDbEntity
  8
0
100
AcDbText
 10
0.0
 20
36.0
 30
0.0
 40
3.5
  1

100
AcDbAttributeDefinition
280
     0
  3
Ledig
  2
ATT10
 70
     1
280
     0
  0
ENDBLK
  5
101C9AB
330
101C99F
100
AcDbEntity
  8
0
100
AcDbBlockEnd
  0
BLOCK
  5
101C9AF
330
101C9AC
100
AcDbEntity
  8
0
100
AcDbBlockBegin
  2
SA_Sporsperre
 70
     2
 10
0.0
 20
0.0
 30
0.0
  3
SA_Sporsperre
  1

  4
Sporsperre
  0
ATTDEF
  5
101CAFB
330
101C9AC
100
AcDbEntity
  8
JBTSA_ATT_Tekst25
100
AcDbText
 10
-4.881250000000001
 20
-5.25
 30
0.0
 40
2.5
  1

  7
ISO25
 72
     4
 11
-0.0000000000000004
 21
-4.0
 31
0.0
100
AcDbAttributeDefinition
280
     0
  3
Tekst
  2
TEKST
 70
     0
280
     0
  0
LINE
  5
101CAFC
330
101C9AC
100
AcDbEntity
  8
0
100
AcDbLine
 10
-4.03108195719359
 20
1.985509068889449
 30
0.0
 11
2.999999999999999
 21
-1.5
 31
0.0
  0
INSERT
  5
101CAFD
330
101C9AC
100
AcDbEntity
  8
0
100
AcDbBlockReference
 66
     1
  2
Bpdwginf
 10
0.0
 20
0.0
 30
0.0
  0
ATTRIB
  5
101CAFE
330
101CAFD
100
AcDbEntity
  8
0
100
AcDbText
 10
0.0
 20
0.0
 30
0.0
 40
3.5
  1
1
100
AcDbAttribute
280
     0
  2
ATT01
 70
     1
280
     0
  0
ATTRIB
  5
101CAFF
330
101CAFD
100
AcDbEntity
  8
0
100
AcDbText
 10
0.0
 20
4.0
 30
0.0
 40
3.5
  1

100
AcDbAttribute
280
     0
  2
ATT02
 70
     1
280
     0
  0
ATTRIB
  5
101CB00
330
101CAFD
100
AcDbEntity
  8
0
100
AcDbText
 10
0.0
 20
8.0
 30
0.0
 40
3.5
  1

100
AcDbAttribute
280
     0
  2
ATT03
 70
     1
280
     0
  0
ATTRIB
  5
101CB01
330
101CAFD
100
AcDbEntity
  8
0
100
AcDbText
 10
0.0
 20
12.0
 30
0.0
 40
3.5
  1

100
AcDbAttribute
280
     0
  2
ATT04
 70
     1
280
     0
  0
ATTRIB
  5
101CB02
330
101CAFD
100
AcDbEntity
  8
0
100
AcDbText
 10
0.0
 20
16.0
 30
0.0
 40
3.5
  1

100
AcDbAttribute
280
     0
  2
ATT05
 70
     1
280
     0
  0
ATTRIB
  5
101CB03
330
101CAFD
100
AcDbEntity
  8
0
100
AcDbText
 10
0.0
 20
20.0
 30
0.0
 40
3.5
  1

100
AcDbAttribute
280
     0
  2
ATT06
 70
     1
280
     0
  0
ATTRIB
  5
101CB04
330
101CAFD
100
AcDbEntity
  8
0
100
AcDbText
 10
0.0
 20
24.0
 30
0.0
 40
3.5
  1

100
AcDbAttribute
280
     0
  2
ATT07
 70
     1
280
     0
  0
ATTRIB
  5
101CB05
330
101CAFD
100
AcDbEntity
  8
0
100
AcDbText
 10
0.0
 20
28.0
 30
0.0
 40
3.5
  1

100
AcDbAttribute
280
     0
  2
ATT08
 70
     1
280
     0
  0
ATTRIB
  5
101CB06
330
101CAFD
100
AcDbEntity
  8
0
100
AcDbText
 10
0.0
 20
32.0
 30
0.0
 40
3.5
  1

100
AcDbAttribute
280
     0
  2
ATT09
 70
     1
280
     0
  0
ATTRIB
  5
101CB07
330
101CAFD
100
AcDbEntity
  8
0
100
AcDbText
 10
0.0
 20
36.0
 30
0.0
 40
3.5
  1

100
AcDbAttribute
280
     0
  2
ATT10
 70
     1
280
     0
  0
SEQEND
  5
101CB08
330
101CAFD
100
AcDbEntity
  8
0
  0
HATCH
  5
101CB09
330
101C9AC
100
AcDbEntity
  8
0
100
AcDbHatch
 10
0.0
 20
0.0
 30
0.0
210
0.0
220
0.0
230
1.0
  2
ANSI31
 70
     0
 71
     0
 91
        1
 92
        1
 93
        3
 72
     1
 10
-3.678285113701931
 20
2.647350732146093
 11
-5.354765283706878
 21
2.691102755872768
 72
     1
 10
-5.354765283706878
 20
2.691102755872768
 11
-4.38387880068525
 21
1.323667405632805
 72
     1
 10
-4.38387880068525
 20
1.323667405632805
 11
-3.678285113701931
 21
2.647350732146093
 97
        0
 75
     1
 76
     1
 52
0.0
 41
0.25
 77
     0
 78
     1
 53
45.0
 43
2.999999999999999
 44
0.0
 45
-0.0220970869120796
 46
0.0220970869120796
 79
     0
 98
        1
 10
2.999999999999999
 20
0.0
1001
GRADIENTCOLOR1ACI
1070
     5
1001
GRADIENTCOLOR2ACI
1070
     2
1001
ACAD
1010
0.0
1020
0.0
1030
0.0
  0
LWPOLYLINE
  5
101CB0A
330
101C9AC
100
AcDbEntity
  8
0
100
AcDbPolyline
 90
        4
 70
     1
 43
0.0
 10
-3.0
 20
-1.5
 10
2.999999999999999
 20
-1.5
 10
2.999999999999999
 20
1.5
 10
-3.0
 20
1.5
  0
WIPEOUT
  5
101CB0B
330
101C9AC
100
AcDbEntity
  8
-Wipeoutframe
160
               140
310
8C0000000100000084000000060000000500000001000000000008C0000000000000F8BF0000000000000000FFFFFFFFFFFF0740000000000000F8BF0000000000000000FFFFFFFFFFFF0740000000000000F83F000000000000000001000000000008C0000000000000F83F000000000000000001000000000008C0000000
310
000000F8BF0000000000000000
100
AcDbWipeout
 90
        0
 10
-3.0
 20
-1.5
 30
0.0
 11
6.0
 21
0.0
 31
0.0
 12
0.0
 22
6.0
 32
0.0
 13
1.0
 23
1.0
340
0
 70
     7
280
     1
281
    50
282
    50
283
     0
290
     0
360
0
 71
     2
 91
        5
 14
-0.5
 24
0.5
 14
0.5
 24
0.5
 14
0.5
 24
0.0
 14
-0.5
 24
0.0
 14
-0.5
 24
0.5
  0
LWPOLYLINE
  5
101CB0C
330
101C9AC
100
AcDbEntity
  8
0
100
AcDbPolyline
 90
        3
 70
     1
 43
0.0
 10
-5.354765283706878
 20
2.691102755872768
 10
-4.38387880068525
 20
1.323667405632805
 10
-3.678285113701931
 20
2.647350732146093
  0
ENDBLK
  5
101C9C3
330
101C9AC
100
AcDbEntity
  8
0
100
AcDbBlockEnd
  0
BLOCK
  5
101C9C6
330
101C9C4
100
AcDbEntity
  8
0
100
AcDbBlockBegin
  2
SA_Sporsperre dobbel
 70
     2
 10
0.0
 20
0.0
 30
0.0
  3
SA_Sporsperre dobbel
  1

  4
Sporspere dobbel
  0
WIPEOUT
  5
101CADD
330
101C9C4
100
AcDbEntity
  8
-Wipeoutframe
160
               140
310
8C000000010000008400000006000000050000000000000000000240000000000000E0BF000000000000000080FFFFFFFFFF1240000000000000E0BF000000000000000080FFFFFFFFFF124080FFFFFFFFFF15400000000000000000000000000000024080FFFFFFFFFF154000000000000000000000000000000240000000
310
000000E0BF0000000000000000
100
AcDbWipeout
 90
        0
 10
2.25
 20
-0.5
 30
0.0
 11
1768.031511204813
 21
0.0
 31
0.0
 12
0.0
 22
1768.031511204813
 32
0.0
 13
1.0
 23
1.0
340
0
 70
     7
280
     1
281
    50
282
    50
283
     0
290
     0
360
0
 71
     2
 91
        5
 14
-0.5
 24
0.5
 14
-0.4985859980525481
 24
0.5
 14
-0.4985859980525481
 24
0.4966063953261154
 14
-0.5
 24
0.4966063953261154
 14
-0.5
 24
0.5
  0
LWPOLYLINE
  5
101CADE
330
101C9C4
100
AcDbEntity
  8
0
100
AcDbPolyline
 90
        4
 70
     1
 43
0.0
 10
2.25
 20
-0.5
 10
4.75
 20
-0.5
 10
4.75
 20
5.5
 10
2.25
 20
5.5
  0
LINE
  5
101CADF
330
101C9C4
100
AcDbEntity
  8
0
100
AcDbLine
 10
4.75
 20
2.25
 30
0.0
 11
0.6709136130374703
 21
6.513045184805832
 31
0.0
  0
LINE
  5
101CAE0
330
101C9C4
100
AcDbEntity
  8
0
100
AcDbLine
 10
4.75
 20
-0.25
 30
0.0
 11
0.6709136130374703
 21
4.013045184805832
 31
0.0
  0
HATCH
  5
101CAE1
330
101C9C4
100
AcDbEntity
  8
0
100
AcDbHatch
 10
0.0
 20
0.0
 30
0.0
210
0.0
220
0.0
230
1.0
  2
ANSI31
 70
     0
 71
     1
 91
        1
 92
        1
 93
        3
 72
     1
 10
0.6709136130374703
 20
4.013045184805832
 11
1.046829417326193
 21
3.053260152579468
 72
     1
 10
1.046829417326193
 20
3.053260152579468
 11
1.478732681828091
 21
3.613134754711609
 72
     1
 10
1.478732681828091
 20
3.613134754711609
 11
0.6709136130374703
 21
4.013045184805832
 97
        1
330
101CAE2
 75
     1
 76
     1
 52
55.0
 41
0.01
 77
     0
 78
     1
 53
99.99999999999998
 43
-47.79547496217702
 44
1767.531511204813
 45
-0.0312676461581376
 46
-0.005513329640925
 79
     0
 98
        1
 10
-47.79547496217702
 20
1767.531511204813
1001
GRADIENTCOLOR1ACI
1070
     5
1001
GRADIENTCOLOR2ACI
1070
     2
1001
ACAD
1010
0.0
1020
0.0
1030
0.0
  0
LWPOLYLINE
  5
101CAE2
102
{ACAD_REACTORS
330
101CAE1
102
}
330
101C9C4
100
AcDbEntity
  8
0
100
AcDbPolyline
 90
        3
 70
     1
 43
0.0
 10
0.6709136130374703
 20
4.013045184805832
 10
1.046829417326193
 20
3.053260152579468
 10
1.478732681828091
 20
3.613134754711609
  0
HATCH
  5
101CAE3
330
101C9C4
100
AcDbEntity
  8
0
100
AcDbHatch
 10
0.0
 20
0.0
 30
0.0
210
0.0
220
0.0
230
1.0
  2
ANSI31
 70
     0
 71
     1
 91
        1
 92
        1
 93
        3
 72
     1
 10
1.478732681828091
 20
6.113134754711609
 11
0.6709136130374703
 21
6.513045184805832
 72
     1
 10
0.6709136130374703
 20
6.513045184805832
 11
1.046829417326193
 21
5.553260152579468
 72
     1
 10
1.046829417326193
 20
5.553260152579468
 11
1.478732681828091
 21
6.113134754711609
 97
        1
330
101CAE4
 75
     1
 76
     1
 52
55.0
 41
0.01
 77
     0
 78
     1
 53
99.99999999999998
 43
-47.79547496217702
 44
1767.531511204813
 45
-0.0312676461581376
 46
-0.005513329640925
 79
     0
 98
        1
 10
-47.79547496217702
 20
1767.531511204813
1001
GRADIENTCOLOR1ACI
1070
     5
1001
GRADIENTCOLOR2ACI
1070
     2
1001
ACAD
1010
0.0
1020
0.0
1030
0.0
  0
LWPOLYLINE
  5
101CAE4
102
{ACAD_REACTORS
330
101CAE3
102
}
330
101C9C4
100
AcDbEntity
  8
0
100
AcDbPolyline
 90
        3
 70
     1
 43
0.0
 10
1.478732681828091
 20
6.113134754711609
 10
0.6709136130374703
 20
6.513045184805832
 10
1.046829417326193
 20
5.553260152579468
  0
ATTDEF
  5
101CAE5
330
101C9C4
100
AcDbEntity
  8
JBTSA_ATT_Tekst25
100
AcDbText
 10
-1.381250000000058
 20
-4.25
 30
0.0
 40
2.5
  1

  7
ISO25
 72
     4
 11
3.499999999999943
 21
-3.0
 31
0.0
100
AcDbAttributeDefinition
280
     0
  3
Tekst
  2
TEKST
 70
     0
280
     0
  0
ENDBLK
  5
101C9D1
330
101C9C4
100
AcDbEntity
  8
0
100
AcDbBlockEnd
  0
ENDSEC
  0
SECTION
  2
ENTITIES
  0
LINE
  5
18533
330
1F
100
AcDbEntity
  8
JBT_Gjerde
100
AcDbLine
 10
-697.5000000000002
 20
417.9999999999998
 30
0.0
 11
-667.5000000000002
 21
418.0
 31
0.0
  0
TEXT
  5
19858
330
1F
100
AcDbEntity
  8
RAMME TEKST
100
AcDbText
 10
-602.3374999999998
 20
420.9075762978981
 30
0.0
 40
1.8
  1
JBTK_Gjerde
  7
Calibri
100
AcDbText
  0
TEXT
  5
19859
330
1F
100
AcDbEntity
  8
RAMME TEKST
100
AcDbText
 10
-558.3806952704774
 20
420.9075762978981
 30
0.0
 40
1.8
  1
GJERDE1
  7
Calibri
100
AcDbText
  0
LINE
  5
1A94A
330
1F
100
AcDbEntity
  8
RAMME SYMBOLER
100
AcDbLine
 10
-700.0
 20
255.0
 30
0.0
 11
-510.0000000000002
 21
255.0
 31
0.0
  0
LWPOLYLINE
  5
1A94C
330
1F
100
AcDbEntity
  8
RAMME
100
AcDbPolyline
 90
        4
 70
     1
 43
0.0
 10
-510.0
 20
277.0
 10
-699.9999999999998
 20
277.0
 10
-699.9999999999998
 20
0.0
 10
-509.9999999999997
 20
0.0
  0
LWPOLYLINE
  5
1A94D
330
1F
100
AcDbEntity
  8
RAMME
100
AcDbPolyline
 90
        2
 70
     0
 43
0.0
 10
-700.0
 20
263.0
 10
-510.0
 20
263.0
  0
TEXT
  5
1A94E
330
1F
100
AcDbEntity
  8
RAMME TEKST
100
AcDbText
 10
-695.0
 20
266.0
 30
0.0
 40
3.5
  1
Tunnel, bru og overganger 
  7
Calibri
100
AcDbText
  0
LINE
  5
1A94F
330
1F
100
AcDbEntity
  8
RAMME SYMBOLER
100
AcDbLine
 10
-534.0
 20
263.0
 30
0.0
 11
-534.0
 21
277.0
 31
0.0
  0
TEXT
  5
1A950
330
1F
100
AcDbEntity
  8
RAMME TEKST
100
AcDbText
 10
-529.0
 20
266.0
 30
0.0
 40
3.5
  1
6
  7
Calibri
100
AcDbText
  0
TEXT
  5
1A951
330
1F
100
AcDbEntity
  8
RAMME TEKST
100
AcDbText
 10
-532.0
 20
273.2
 30
0.0
 40
1.8
  1
ARK NR.
  7
Calibri
100
AcDbText
  0
LINE
  5
1A957
330
1F
100
AcDbEntity
  8
RAMME SYMBOLER
100
AcDbLine
 10
-665.0
 20
255.0
 30
0.0
 11
-665.0
 21
0.0
 31
0.0
  0
LINE
  5
1A958
330
1F
100
AcDbEntity
  8
RAMME SYMBOLER
100
AcDbLine
 10
-699.9999999999998
 20
200.0
 30
0.0
 11
-510.0
 21
200.0000000000001
 31
0.0
  0
LINE
  5
1A959
330
1F
100
AcDbEntity
  8
RAMME SYMBOLER
100
AcDbLine
 10
-700.0
 20
250.0
 30
0.0
 11
-510.0000000000002
 21
250.0
 31
0.0
  0
LINE
  5
1A95A
330
1F
100
AcDbEntity
  8
RAMME SYMBOLER
100
AcDbLine
 10
-699.9999999999998
 20
130.0
 30
0.0
 11
-510.0
 21
130.0000000000002
 31
0.0
  0
LINE
  5
1A95B
330
1F
100
AcDbEntity
  8
RAMME SYMBOLER
100
AcDbLine
 10
-699.9999999999998
 20
95.0
 30
0.0
 11
-510.0
 21
95.00000000000012
 31
0.0
  0
LINE
  5
1A95F
330
1F
100
AcDbEntity
  8
JBTKO_SPOR_Hovedpor
100
AcDbLine
 10
-660.5
 20
215.0
 30
0.0
 11
-644.5
 21
215.0
 31
0.0
  0
LINE
  5
1A960
330
1F
100
AcDbEntity
  8
JBT_Stipplet
100
AcDbLine
 10
-644.5
 20
215.0
 30
0.0
 11
-629.4999999999999
 21
215.0
 31
0.0
  0
LINE
  5
1A972
330
1F
100
AcDbEntity
  8
JBTKO_SPOR_Hovedpor
100
AcDbLine
 10
-660.5000000051222
 20
149.9999999965161
 30
0.0
 11
-647.9999999986879
 21
150.0000000032208
 31
0.0
  0
LINE
  5
1A973
330
1F
100
AcDbEntity
  8
JBTKO_SPOR_Hovedpor
100
AcDbLine
 10
-641.9999999986879
 20
149.9999999968207
 30
0.0
 11
-629.5000000051222
 21
149.9999999965161
 31
0.0
  0
LINE
  5
1A974
330
1F
100
AcDbEntity
  8
JBTKO_SPOR_Hovedpor
100
AcDbLine
 10
-660.5000000051222
 20
140.9999999965161
 30
0.0
 11
-648.0000000006937
 21
141.0000000032208
 31
0.0
  0
LINE
  5
1A975
330
1F
100
AcDbEntity
  8
JBTKO_SPOR_Hovedpor
100
AcDbLine
 10
-641.9999999986879
 20
140.9999999968207
 30
0.0
 11
-629.5000000051222
 21
140.9999999965161
 31
0.0
  0
LINE
  5
1A996
330
1F
100
AcDbEntity
  8
RAMME SYMBOLER
100
AcDbLine
 10
-699.9999999999998
 20
225.0
 30
0.0
 11
-510.0
 21
225.0000000000001
 31
0.0
  0
LINE
  5
1A997
330
1F
100
AcDbEntity
  8
JBTKO_SPOR_Hovedpor
100
AcDbLine
 10
-660.5000000051222
 20
184.9999999984215
 30
0.0
 11
-647.9999999999995
 21
185.0000000063149
 31
0.0
  0
LINE
  5
1A998
330
1F
100
AcDbEntity
  8
JBTKO_SPOR_Hovedpor
100
AcDbLine
 10
-641.9999999999995
 20
184.9999999979532
 30
0.0
 11
-629.5000000051222
 21
184.9999999984215
 31
0.0
  0
LINE
  5
1A999
330
1F
100
AcDbEntity
  8
JBTKO_SPOR_Hovedpor
100
AcDbLine
 10
-660.5000000051222
 20
175.9999999984215
 30
0.0
 11
-647.9999999999995
 21
176.0000000063149
 31
0.0
  0
LINE
  5
1A99A
330
1F
100
AcDbEntity
  8
JBTKO_SPOR_Hovedpor
100
AcDbLine
 10
-641.9999999999995
 20
175.9999999979532
 30
0.0
 11
-629.5000000051222
 21
175.9999999984215
 31
0.0
  0
TEXT
  5
1A99D
330
1F
100
AcDbEntity
  8
JBT_Tekst_25
100
AcDbText
 10
-647.5874999999994
 20
243.0
 30
0.0
 40
2.5
  1
PLO
 41
0.9
  7
ISO25
 72
     1
 11
-644.9999999999995
 21
243.0
 31
0.0
100
AcDbText
  0
LINE
  5
1A99E
330
1F
100
AcDbEntity
  8
JBTKO_SPOR
100
AcDbLine
 10
-660.5
 20
238.0
 30
0.0
 11
-629.4999999999999
 21
238.0
 31
0.0
  0
INSERT
  5
1A99F
102
{ACAD_XDICTIONARY
360
1A9A0
102
}
330
1F
100
AcDbEntity
  8
JBT_Objekter_0.18mm
100
AcDbBlockReference
  2
*U7
 10
-645.0
 20
238.0
 30
0.0
  0
LINE
  5
1A9B7
330
1F
100
AcDbEntity
  8
JBTKO_SPOR_Hovedpor
100
AcDbLine
 10
-660.0673762082696
 20
111.8448859729584
 30
0.0
 11
-629.0673762082697
 21
111.8448859729584
 31
0.0
  0
LINE
  5
1A9B8
330
1F
100
AcDbEntity
  8
JBT_Objekter_0.18mm
100
AcDbLine
 10
-647.9999999999995
 20
114.8448859781927
 30
0.0
 11
-647.9999999999989
 21
119.8448859781896
 31
0.0
  0
LINE
  5
1A9C3
330
1F
100
AcDbEntity
  8
JBT_Objekter_0.18mm
100
AcDbLine
 10
-641.9999999999995
 20
114.8448859743755
 30
0.0
 11
-641.999999999999
 21
119.8448859743725
 31
0.0
  0
LINE
  5
1A9C4
330
1F
100
AcDbEntity
  8
JBT_Objekter_0.18mm
100
AcDbLine
 10
-648.0000000001768
 20
103.8448859654215
 30
0.0
 11
-648.0000000001763
 21
108.8448859654185
 31
0.0
  0
LINE
  5
1A9C5
330
1F
100
AcDbEntity
  8
JBT_Objekter_0.18mm
100
AcDbLine
 10
-642.0000000001769
 20
103.8448859616043
 30
0.0
 11
-642.0000000001763
 21
108.8448859616013
 31
0.0
  0
LINE
  5
1A9CF
330
1F
100
AcDbEntity
  8
JBTKO_SPOR
100
AcDbLine
 10
-660.5
 20
39.50000000000003
 30
0.0
 11
-646.9999999956792
 21
39.50000000000003
 31
0.0
  0
LINE
  5
1A9D0
330
1F
100
AcDbEntity
  8
JBTKO_SPOR
100
AcDbLine
 10
-643.000000002049
 20
39.50000000000003
 30
0.0
 11
-629.4999999999999
 21
39.50000000000003
 31
0.0
  0
LINE
  5
1A9D1
330
1F
100
AcDbEntity
  8
JBTKO_SPOR_Hovedpor
100
AcDbLine
 10
-660.5
 20
48.50000000000003
 30
0.0
 11
-646.9999999979509
 21
48.50000000000003
 31
0.0
  0
LINE
  5
1A9D2
330
1F
100
AcDbEntity
  8
JBTKO_SPOR_Hovedpor
100
AcDbLine
 10
-642.9999999997773
 20
48.50000000000003
 30
0.0
 11
-629.4999999999999
 21
48.50000000000003
 31
0.0
  0
LINE
  5
1A9D3
330
1F
100
AcDbEntity
  8
JBTKO_SPOR_Hovedpor
100
AcDbLine
 10
-660.5
 20
18.50000000000003
 30
0.0
 11
-629.4999999999999
 21
18.50000000000003
 31
0.0
  0
LINE
  5
1A9D4
330
1F
100
AcDbEntity
  8
JBTKO_SPOR
100
AcDbLine
 10
-660.5
 20
9.500000000000028
 30
0.0
 11
-629.4999999999999
 21
9.500000000000028
 31
0.0
  0
LWPOLYLINE
  5
1A9D5
330
1F
100
AcDbEntity
  8
JBT_Stipplet
100
AcDbPolyline
 90
        2
 70
     0
 43
0.0
 10
-643.0
 20
21.50000000000003
 10
-643.0
 20
6.500000000000028
  0
LWPOLYLINE
  5
1A9D6
330
1F
100
AcDbEntity
  8
JBT_Stipplet
100
AcDbPolyline
 90
        2
 70
     0
 43
0.0
 10
-647.0
 20
21.50000000000003
 10
-647.0
 20
6.500000000000028
  0
INSERT
  5
1A9D7
330
1F
100
AcDbEntity
  8
JBT_Objekter_0.50mm
100
AcDbBlockReference
  2
Undergang gang tnl.
 10
-645.0
 20
6.500000000000028
 30
0.0
  0
INSERT
  5
1A9D8
330
1F
100
AcDbEntity
  8
JBT_Objekter_0.50mm
100
AcDbBlockReference
  2
Undergang gang tnl.
 10
-645.0
 20
21.50000000000003
 30
0.0
 41
-1.0
 50
180.0
  0
TEXT
  5
1A9D9
330
1F
100
AcDbEntity
  8
RAMME TEKST
100
AcDbText
 10
-623.0000000000002
 20
25.50000000000003
 30
0.0
 40
2.5
  1
Undergang, gangtunnel.
  7
Calibri
100
AcDbText
  0
INSERT
  5
1A9DA
102
{ACAD_XDICTIONARY
360
1A9DB
102
}
330
1F
100
AcDbEntity
  8
JBT_Objekter_0.18mm
100
AcDbBlockReference
  2
*U6
 10
-644.9999999979509
 20
48.50000000000003
 30
0.0
  0
TEXT
  5
1A9E3
330
1F
100
AcDbEntity
  8
RAMME TEKST
100
AcDbText
 10
-623.0000000000002
 20
55.50000000000003
 30
0.0
 40
2.5
  1
Overgangsbru, til plattform  
  7
Calibri
100
AcDbText
  0
LINE
  5
1A9E6
330
1F
100
AcDbEntity
  8
RAMME SYMBOLER
100
AcDbLine
 10
-545.0000000000005
 20
255.0
 30
0.0
 11
-545.0
 21
0.0000000000001137
 31
0.0
  0
LINE
  5
1A9E7
330
1F
100
AcDbEntity
  8
RAMME SYMBOLER
100
AcDbLine
 10
-574.9999999999999
 20
263.0
 30
0.0
 11
-574.9999999999999
 21
0.0000000000000853
 31
0.0
  0
LINE
  5
1A9E8
330
1F
100
AcDbEntity
  8
RAMME SYMBOLER
100
AcDbLine
 10
-625.0000000000003
 20
255.0
 30
0.0
 11
-625.0000000000002
 21
0.0000000000000568
 31
0.0
  0
INSERT
  5
1A9EA
330
1F
100
AcDbEntity
  8
JBT_Objekter_0.50mm
100
AcDbBlockReference
  2
Undergang gang tnl.
 10
-682.4999999999999
 20
15.15626959885097
 30
0.0
 41
-1.0
 50
180.0
  0
INSERT
  5
1A9EB
102
{ACAD_XDICTIONARY
360
1A9EC
102
}
330
1F
100
AcDbEntity
  8
JBT_Objekter_0.18mm
100
AcDbBlockReference
  2
*U6
 10
-682.4999999999999
 20
52.50000000000003
 30
0.0
  0
LINE
  5
1A9F4
330
1F
100
AcDbEntity
  8
RAMME SYMBOLER
100
AcDbLine
 10
-699.9999999999998
 20
30.0
 30
0.0
 11
-509.9999999999999
 21
30.00000000000014
 31
0.0
  0
TEXT
  5
1A9F6
330
1F
100
AcDbEntity
  8
RAMME TEKST
100
AcDbText
 10
-696.9999999999997
 20
32.00000000000003
 30
0.0
 40
1.8
  1
Gangbru  
  7
Calibri
100
AcDbText
  0
TEXT
  5
1A9F7
330
1F
100
AcDbEntity
  8
RAMME TEKST
100
AcDbText
 10
-696.9999999999997
 20
2.000000000000028
 30
0.0
 40
1.8
  1
Undergang gangtnl
  7
Calibri
100
AcDbText
  0
LINE
  5
1A9F8
330
1F
100
AcDbEntity
  8
RAMME SYMBOLER
100
AcDbLine
 10
-699.9999999999998
 20
60.0
 30
0.0
 11
-509.9999999999998
 21
60.00000000000014
 31
0.0
  0
LINE
  5
1A9FA
330
1F
100
AcDbEntity
  8
RAMME SYMBOLER
100
AcDbLine
 10
-699.9999999999998
 20
165.0
 30
0.0
 11
-510.0
 21
165.0000000000001
 31
0.0
  0
LINE
  5
1AC00
330
1F
100
AcDbEntity
  8
JBTKO_SPOR_Hovedpor
100
AcDbLine
 10
-660.0673762082696
 20
76.84488597295838
 30
0.0
 11
-629.0673762082697
 21
76.84488597295838
 31
0.0
  0
INSERT
  5
1AC02
102
{ACAD_XDICTIONARY
360
1AC03
102
}
330
1F
100
AcDbEntity
  8
JBT_Objekter_0.50mm
100
AcDbBlockReference
  2
*U37
 10
-644.9999999999995
 20
76.84488597306764
 30
0.0
  0
INSERT
  5
1AC0F
330
1F
100
AcDbEntity
  8
JBT_Objekter_0.18mm
100
AcDbBlockReference
  2
Elv pil
 10
-645.0000000003464
 20
81.54488598198151
 30
0.0
  0
INSERT
  5
1AC10
330
1F
100
AcDbEntity
  8
JBT_Objekter_0.18mm
100
AcDbBlockReference
  2
Elv pil
 10
-645.0000000003464
 20
67.5448859819815
 30
0.0
  0
TEXT
  5
1AC28
330
1F
100
AcDbEntity
  8
RAMME TEKST
100
AcDbText
 10
-663.0000000000006
 20
160.5
 30
0.0
 40
2.5
  1
Alt.2
  7
Calibri
100
AcDbText
  0
INSERT
  5
1AC75
330
1F
100
AcDbEntity
  8
JBT_Objekter_0.18mm
100
AcDbBlockReference
  2
Elv pil
 10
-682.4999999999999
 20
72.50000000000001
 30
0.0
  0
TEXT
  5
1AC76
330
1F
100
AcDbEntity
  8
RAMME TEKST
100
AcDbText
 10
-696.9999999999997
 20
62.00000000000002
 30
0.0
 40
1.8
  1
Elv pil
  7
Calibri
100
AcDbText
  0
TEXT
  5
1AC77
330
1F
100
AcDbEntity
  8
RAMME TEKST
100
AcDbText
 10
-623.0
 20
245.5
 30
0.0
 40
2.5
  1
Planovergang 
  7
Calibri
100
AcDbText
  0
TEXT
  5
1AC79
330
1F
100
AcDbEntity
  8
RAMME TEKST
100
AcDbText
 10
-697.0
 20
251.5
 30
0.0
 40
1.8
  1
Blokk, blokk navn
  7
Calibri
100
AcDbText
  0
TEXT
  5
1AC7A
330
1F
100
AcDbEntity
  8
RAMME TEKST
100
AcDbText
 10
-573.0
 20
251.5
 30
0.0
 40
1.8
  1
Dynamiske funksjoner
  7
Calibri
100
AcDbText
  0
TEXT
  5
1AC7B
330
1F
100
AcDbEntity
  8
RAMME TEKST
100
AcDbText
 10
-623.0000000000002
 20
251.5
 30
0.0
 40
1.8
  1
Navn, beskrivelse.
  7
Calibri
100
AcDbText
  0
TEXT
  5
1AC7C
330
1F
100
AcDbEntity
  8
RAMME TEKST
100
AcDbText
 10
-573.0000000000002
 20
256.5
 30
0.0
 40
2.5
  1
BLOKK DETALJER
  7
Calibri
100
AcDbText
  0
TEXT
  5
1AC7E
330
1F
100
AcDbEntity
  8
RAMME TEKST
100
AcDbText
 10
-663.0
 20
251.5
 30
0.0
 40
1.8
  1
Eksempel
  7
Calibri
100
AcDbText
  0
TEXT
  5
1AC7F
330
1F
100
AcDbEntity
  8
RAMME TEKST
100
AcDbText
 10
-623.0000000000002
 20
220.5
 30
0.0
 40
2.5
  1
Tunnelmunning
  7
Calibri
100
AcDbText
  0
TEXT
  5
1AC81
330
1F
100
AcDbEntity
  8
RAMME TEKST
100
AcDbText
 10
-623.0000000000002
 20
195.5
 30
0.0
 40
2.5
  1
Overgangsbru, vei
  7
Calibri
100
AcDbText
  0
TEXT
  5
1AC83
330
1F
100
AcDbEntity
  8
RAMME TEKST
100
AcDbText
 10
-623.0000000000009
 20
125.5000000000001
 30
0.0
 40
2.5
  1
Jernbanebru
  7
Calibri
100
AcDbText
  0
TEXT
  5
1AC85
330
1F
100
AcDbEntity
  8
RAMME TEKST
100
AcDbText
 10
-622.0000000000002
 20
101.0000000000001
 30
0.0
 40
1.8
  1
vist jernbanebru over vei
  7
Calibri
100
AcDbText
  0
TEXT
  5
1AC86
330
1F
100
AcDbEntity
  8
RAMME TEKST
100
AcDbText
 10
-623.0000000000002
 20
90.50000000000002
 30
0.0
 40
2.5
  1
Pil for fallretning elv/vann
  7
Calibri
100
AcDbText
  0
TEXT
  5
1AC88
330
1F
100
AcDbEntity
  8
RAMME TEKST
100
AcDbText
 10
-572.9999999999997
 20
125.5000000000001
 30
0.0
 40
2.5
  1
Bredde
  7
Calibri
100
AcDbText
  0
TEXT
  5
1AC89
330
1F
100
AcDbEntity
  8
RAMME TEKST
100
AcDbText
 10
-572.9999999999997
 20
121.0000000000001
 30
0.0
 40
2.5
  1
Lengde
  7
Calibri
100
AcDbText
  0
TEXT
  5
1AC8C
330
1F
100
AcDbEntity
  8
RAMME TEKST
100
AcDbText
 10
-572.9999999999997
 20
220.5000000000001
 30
0.0
 40
2.5
  1
Avstand spor
  7
Calibri
100
AcDbText
  0
TEXT
  5
1AC8D
330
1F
100
AcDbEntity
  8
RAMME TEKST
100
AcDbText
 10
-572.9999999999997
 20
245.5
 30
0.0
 40
2.5
  1
Lengde
  7
Calibri
100
AcDbText
  0
LWPOLYLINE
  5
1AC9D
330
1F
100
AcDbEntity
  8
RAMME
100
AcDbPolyline
 90
        4
 70
     1
 43
0.0
 10
0.0
 20
0.0
 10
390.0
 20
0.0
 10
390.0
 20
277.0
 10
0.0
 20
277.0
  0
LINE
  5
1AFCA
330
1F
100
AcDbEntity
  8
JBTKO_SPOR
100
AcDbLine
 10
-449.6064567830543
 20
135.5
 30
0.0
 11
-424.4999999999999
 21
135.5
 31
0.0
  0
LINE
  5
1AFCB
330
1F
100
AcDbEntity
  8
JBTKO_SPOR
100
AcDbLine
 10
-449.6064567830543
 20
155.5
 30
0.0
 11
-424.4999999999999
 21
155.5
 31
0.0
  0
LINE
  5
1AFCC
330
1F
100
AcDbEntity
  8
JBTKO_SPOR
100
AcDbLine
 10
-449.6064567830543
 20
115.5
 30
0.0
 11
-424.4999999999999
 21
115.5
 31
0.0
  0
INSERT
  5
1AFCD
102
{ACAD_XDICTIONARY
360
1AFCE
102
}
330
1F
100
AcDbEntity
  8
JBT_Objekter_0.25mm
100
AcDbBlockReference
  2
*U18
 10
-444.3039970186362
 20
115.4999999999845
 30
0.0
  0
LWPOLYLINE
  5
1AFD5
330
1F
100
AcDbEntity
  8
JBT_Objekter_0.25mm
100
AcDbPolyline
 90
        4
 70
     1
 43
0.0
 10
-439.9999999999999
 20
219.5
 10
-429.9999999999999
 20
219.5
 10
-429.9999999999999
 20
225.5
 10
-439.9999999999999
 20
225.5
  0
LINE
  5
1AFD6
330
1F
100
AcDbEntity
  8
JBTKO_SPOR
100
AcDbLine
 10
-449.4999999856562
 20
222.5
 30
0.0
 11
-439.9999999999999
 21
222.5
 31
0.0
  0
LINE
  5
1AFD7
330
1F
100
AcDbEntity
  8
JBTKO_SPOR
100
AcDbLine
 10
-429.9999999999999
 20
222.5
 30
0.0
 11
-418.5000000143435
 21
222.5
 31
0.0
  0
INSERT
  5
1AFD8
330
1F
100
AcDbEntity
  8
JBT_Objekter_0.25mm
100
AcDbBlockReference
  2
Vognvaskemaskin
 10
-438.6826086956519
 20
155.5
 30
0.0
  0
INSERT
  5
1AFD9
330
1F
100
AcDbEntity
  8
JBT_Objekter_0.25mm
100
AcDbBlockReference
  2
Vognvekt
 10
-438.1826086956519
 20
135.5
 30
0.0
  0
LINE
  5
1AFDA
330
1F
100
AcDbEntity
  8
JBT_Stipplet
100
AcDbLine
 10
-439.9999999999999
 20
222.5
 30
0.0
 11
-429.9999999999999
 21
222.5
 31
0.0
  0
TEXT
  5
1AFDB
330
1F
100
AcDbEntity
  8
RAMME TEKST
100
AcDbText
 10
-412.9999999999999
 20
163.5
 30
0.0
 40
2.5
  1
Vognvaskemaskin
  7
Calibri
100
AcDbText
  0
TEXT
  5
1AFDC
330
1F
100
AcDbEntity
  8
RAMME TEKST
100
AcDbText
 10
-412.9999999999999
 20
143.5
 30
0.0
 40
2.5
  1
Vognvekt
  7
Calibri
100
AcDbText
  0
TEXT
  5
1AFDD
330
1F
100
AcDbEntity
  8
RAMME TEKST
100
AcDbText
 10
-412.9999999999999
 20
123.5
 30
0.0
 40
2.5
  1
Fast kran
  7
Calibri
100
AcDbText
  0
TEXT
  5
1AFDE
330
1F
100
AcDbEntity
  8
RAMME TEKST
100
AcDbText
 10
-413.0000000000001
 20
225.5
 30
0.0
 40
2.5
  1
Spor i bygning
  7
Calibri
100
AcDbText
  0
TEXT
  5
1AFDF
330
1F
100
AcDbEntity
  8
RAMME TEKST
100
AcDbText
 10
-412.9999999999999
 20
208.4967999999999
 30
0.0
 40
2.5
  1
Stasjonsbygg
  7
Calibri
100
AcDbText
  0
TEXT
  5
1AFE0
330
1F
100
AcDbEntity
  8
RAMME TEKST
100
AcDbText
 10
-412.9999999999999
 20
83.49999999999999
 30
0.0
 40
2.5
  1
Kranspor, for beveglig kran
  7
Calibri
100
AcDbText
  0
LINE
  5
1AFE1
330
1F
100
AcDbEntity
  8
JBT_Objekter_0.10mm
100
AcDbLine
 10
-444.1177300561687
 20
81.50000000001034
 30
0.0
 11
-425.4444749974742
 21
81.50000000001034
 31
0.0
  0
LINE
  5
1AFE2
330
1F
100
AcDbEntity
  8
JBT_Objekter_0.10mm
100
AcDbLine
 10
-444.1177300561687
 20
69.50000000001034
 30
0.0
 11
-425.4444749974742
 21
69.50000000001034
 31
0.0
  0
LINE
  5
1AFE3
330
1F
100
AcDbEntity
  8
JBTKO_SPOR
100
AcDbLine
 10
-447.553228391527
 20
75.5
 30
0.0
 11
-422.4467716084726
 21
75.5
 31
0.0
  0
TEXT
  5
1AFE4
330
1F
100
AcDbEntity
  8
RAMME TEKST
100
AcDbText
 10
-412.9999999999999
 20
183.4967999999999
 30
0.0
 40
2.5
  1
Stillverk (signal)
  7
Calibri
100
AcDbText
  0
LINE
  5
1AFE5
330
1F
100
AcDbEntity
  8
JBT_Objekter_0.10mm
100
AcDbLine
 10
-444.1177300561687
 20
80.00000000001035
 30
0.0
 11
-444.1177300561687
 21
83.00000000001034
 31
0.0
  0
LINE
  5
1AFE6
330
1F
100
AcDbEntity
  8
JBT_Objekter_0.10mm
100
AcDbLine
 10
-425.4444749974742
 20
80.00000000001035
 30
0.0
 11
-425.4444749974742
 21
83.00000000001034
 31
0.0
  0
LINE
  5
1AFE7
330
1F
100
AcDbEntity
  8
JBT_Objekter_0.10mm
100
AcDbLine
 10
-425.4444749974742
 20
68.00000000001034
 30
0.0
 11
-425.4444749974742
 21
71.00000000001035
 31
0.0
  0
LINE
  5
1AFE8
330
1F
100
AcDbEntity
  8
JBT_Objekter_0.10mm
100
AcDbLine
 10
-444.1177300561687
 20
68.00000000001034
 30
0.0
 11
-444.1177300561687
 21
71.00000000001035
 31
0.0
  0
TEXT
  5
1AFE9
330
1F
100
AcDbEntity
  8
JBT_Tekst_25
100
AcDbText
 10
-443.1177300561686
 20
70.50000000001034
 30
0.0
 40
2.5
  1
Kranspor
 41
0.9
  7
ISO25
100
AcDbText
  0
TEXT
  5
1AFEA
330
1F
100
AcDbEntity
  8
JBT_Tekst_25
100
AcDbText
 10
-443.1177300561686
 20
82.50000000001035
 30
0.0
 40
2.5
  1
Kranspor
 41
0.9
  7
ISO25
100
AcDbText
  0
LINE
  5
1B003
330
1F
100
AcDbEntity
  8
RAMME SYMBOLER
100
AcDbLine
 10
-605.0000000000002
 20
530.0
 30
0.0
 11
-510.0000000000001
 21
530.0
 31
0.0
  0
LINE
  5
1B004
330
1F
100
AcDbEntity
  8
RAMME SYMBOLER
100
AcDbLine
 10
-534.0000000000002
 20
530.0
 30
0.0
 11
-534.0
 21
485.0
 31
0.0
  0
LINE
  5
1B006
330
1F
100
AcDbEntity
  8
RAMME SYMBOLER
100
AcDbLine
 10
-544.0000000000002
 20
530.0
 30
0.0
 11
-544.0
 21
485.0
 31
0.0
  0
LINE
  5
1B008
330
1F
100
AcDbEntity
  8
RAMME SYMBOLER
100
AcDbLine
 10
-560.0000000000002
 20
530.0
 30
0.0
 11
-560.0000000000002
 21
485.0
 31
0.0
  0
LINE
  5
1B00B
330
1F
100
AcDbEntity
  8
JBTKO_SPOR
100
AcDbLine
 10
-667.4999999999999
 20
537.5
 30
0.0
 11
-697.5
 21
537.4999999999999
 31
0.0
  0
TEXT
  5
1B00C
330
1F
100
AcDbEntity
  8
RAMME TEKST
100
AcDbText
 10
-663.0
 20
540.5
 30
0.0
 40
2.5
  1
Andre spor (Øvrige spor)
  7
Calibri
100
AcDbText
  0
LINE
  5
1B00D
330
1F
100
AcDbEntity
  8
JBT_Stipplet
100
AcDbLine
 10
-667.0
 20
522.5
 30
0.0
 11
-697.5
 21
522.4999999999998
 31
0.0
  0
TEXT
  5
1B00E
330
1F
100
AcDbEntity
  8
RAMME TEKST
100
AcDbText
 10
-663.0
 20
525.4999999999999
 30
0.0
 40
2.5
  1
Stipplet
  7
Calibri
100
AcDbText
  0
LINE
  5
1B00F
330
1F
100
AcDbEntity
  8
RAMME SYMBOLER
100
AcDbLine
 10
-700.0
 20
500.0
 30
0.0
 11
-510.0
 21
500.0
 31
0.0
  0
TEXT
  5
1B010
330
1F
100
AcDbEntity
  8
RAMME TEKST
100
AcDbText
 10
-603.3375000000002
 20
525.9075762978981
 30
0.0
 40
1.8
  1
JBT_Stipplet
  7
Calibri
100
AcDbText
  0
TEXT
  5
1B011
330
1F
100
AcDbEntity
  8
RAMME TEKST
100
AcDbText
 10
-532.275847462502
 20
525.9249622099638
 30
0.0
 40
1.8
  1
yellow
  7
Calibri
100
AcDbText
  0
TEXT
  5
1B012
330
1F
100
AcDbEntity
  8
RAMME TEKST
100
AcDbText
 10
-542.3789236169345
 20
525.9249622099638
 30
0.0
 40
1.8
  1
0.25
  7
Calibri
100
AcDbText
  0
TEXT
  5
1B013
330
1F
100
AcDbEntity
  8
RAMME TEKST
100
AcDbText
 10
-558.3806952704777
 20
525.9075762978981
 30
0.0
 40
1.8
  1
STIPPLET
  7
Calibri
100
AcDbText
  0
LINE
  5
1B014
330
1F
100
AcDbEntity
  8
JBT_Objekter_0.10mm
100
AcDbLine
 10
-667.0
 20
492.4999999999999
 30
0.0
 11
-697.5
 21
492.4999999999998
 31
0.0
  0
TEXT
  5
1B015
330
1F
100
AcDbEntity
  8
RAMME TEKST
100
AcDbText
 10
-663.0
 20
495.5
 30
0.0
 40
2.5
  1
Objekter strektykkelse 0.10mm
  7
Calibri
100
AcDbText
  0
LINE
  5
1B017
330
1F
100
AcDbEntity
  8
RAMME SYMBOLER
100
AcDbLine
 10
-700.0
 20
485.0
 30
0.0
 11
-510.0
 21
485.0
 31
0.0
  0
TEXT
  5
1B019
330
1F
100
AcDbEntity
  8
RAMME TEKST
100
AcDbText
 10
-603.3375000000001
 20
495.9075762978981
 30
0.0
 40
1.8
  1
JBT_Objekter_0.10mm
  7
Calibri
100
AcDbText
  0
TEXT
  5
1B01A
330
1F
100
AcDbEntity
  8
RAMME TEKST
100
AcDbText
 10
-532.275847462502
 20
495.9249622099638
 30
0.0
 40
1.8
  1
8 grey
  7
Calibri
100
AcDbText
  0
TEXT
  5
1B01B
330
1F
100
AcDbEntity
  8
RAMME TEKST
100
AcDbText
 10
-542.3789236169345
 20
495.9249622099638
 30
0.0
 40
1.8
  1
0.10
  7
Calibri
100
AcDbText
  0
TEXT
  5
1B01C
330
1F
100
AcDbEntity
  8
RAMME TEKST
100
AcDbText
 10
-558.3806952704776
 20
495.9075762978981
 30
0.0
 40
1.8
  1
Continuous
  7
Calibri
100
AcDbText
  0
LINE
  5
1B033
330
1F
100
AcDbEntity
  8
RAMME SYMBOLER
100
AcDbLine
 10
-489.9999999999995
 20
167.9983999999999
 30
0.0
 11
-299.9999999999997
 21
167.9983999999999
 31
0.0
  0
LINE
  5
1B034
330
1F
100
AcDbEntity
  8
RAMME SYMBOLER
100
AcDbLine
 10
-489.9999999999995
 20
148.0
 30
0.0
 11
-299.9999999999997
 21
148.0
 31
0.0
  0
LINE
  5
1B035
330
1F
100
AcDbEntity
  8
RAMME SYMBOLER
100
AcDbLine
 10
-489.9999999999995
 20
88.0
 30
0.0
 11
-299.9999999999996
 21
88.0
 31
0.0
  0
LINE
  5
1B036
330
1F
100
AcDbEntity
  8
RAMME SYMBOLER
100
AcDbLine
 10
-489.9999999999995
 20
64.0
 30
0.0
 11
-299.9999999999996
 21
64.0
 31
0.0
  0
TEXT
  5
1B039
330
1F
100
AcDbEntity
  8
RAMME TEKST
100
AcDbText
 10
-412.9999999999999
 20
159.5
 30
0.0
 40
1.8
  1
med vaskeretning
  7
Calibri
100
AcDbText
  0
TEXT
  5
1B03A
330
1F
100
AcDbEntity
  8
RAMME TEKST
100
AcDbText
 10
-413.0000000000001
 20
221.5
 30
0.0
 40
1.8
  1
Skjulte spor i bygninger stiples.
  7
Calibri
100
AcDbText
  0
TEXT
  5
1B03B
330
1F
100
AcDbEntity
  8
RAMME TEKST
100
AcDbText
 10
-412.9999999999999
 20
79.5
 30
0.0
 40
1.8
  1
Spor tegnes med tynne streker
  7
Calibri
100
AcDbText
  0
LINE
  5
1B042
330
1F
100
AcDbEntity
  8
RAMME SYMBOLER
100
AcDbLine
 10
-700.0
 20
365.0
 30
0.0
 11
-510.0000000000001
 21
365.0
 31
0.0
  0
LWPOLYLINE
  5
1B06B
330
1F
100
AcDbEntity
  8
RAMME
100
AcDbPolyline
 90
        4
 70
     1
 43
0.0
 10
-300.0
 20
277.0
 10
-489.9999999999997
 20
277.0
 10
-489.9999999999997
 20
0.0
 10
-299.9999999999997
 20
0.0
  0
LWPOLYLINE
  5
1B06C
330
1F
100
AcDbEntity
  8
RAMME
100
AcDbPolyline
 90
        2
 70
     0
 43
0.0
 10
-489.9999999999999
 20
263.0
 10
-300.0
 20
263.0
  0
TEXT
  5
1B06D
330
1F
100
AcDbEntity
  8
RAMME TEKST
100
AcDbText
 10
-484.9999999999999
 20
266.0
 30
0.0
 40
3.5
  1
Bygg og fast installasjon
  7
Calibri
100
AcDbText
  0
LWPOLYLINE
  5
1B06E
330
1F
100
AcDbEntity
  8
RAMME
100
AcDbPolyline
 90
        4
 70
     1
 43
0.0
 10
-510.0000000000002
 20
584.0
 10
-700.0
 20
584.0
 10
-700.0
 20
307.0
 10
-510.0
 20
307.0
  0
LWPOLYLINE
  5
1B06F
330
1F
100
AcDbEntity
  8
RAMME
100
AcDbPolyline
 90
        2
 70
     0
 43
0.0
 10
-700.0000000000002
 20
570.0
 10
-510.0000000000002
 20
570.0
  0
TEXT
  5
1B070
330
1F
100
AcDbEntity
  8
RAMME TEKST
100
AcDbText
 10
-695.0000000000002
 20
573.0
 30
0.0
 40
3.5
  1
Lag oversikt, skravur og tekst
  7
Calibri
100
AcDbText
  0
TEXT
  5
1B071
330
1F
100
AcDbEntity
  8
RAMME TEKST
100
AcDbText
 10
-603.0000000000002
 20
558.0
 30
0.0
 40
1.8
  1
Lagnavn
  7
Calibri
100
AcDbText
  0
LINE
  5
1B072
330
1F
100
AcDbEntity
  8
RAMME SYMBOLER
100
AcDbLine
 10
-700.0
 20
562.0
 30
0.0
 11
-510.0000000000002
 21
562.0
 31
0.0
  0
TEXT
  5
1B073
330
1F
100
AcDbEntity
  8
RAMME TEKST
100
AcDbText
 10
-532.0000000000002
 20
558.0
 30
0.0
 40
1.8
  1
Farge
  7
Calibri
100
AcDbText
  0
TEXT
  5
1B074
330
1F
100
AcDbEntity
  8
RAMME TEKST
100
AcDbText
 10
-558.0000000000002
 20
558.0
 30
0.0
 40
1.8
  1
Linetype
  7
Calibri
100
AcDbText
  0
LINE
  5
1B075
330
1F
100
AcDbEntity
  8
RAMME SYMBOLER
100
AcDbLine
 10
-605.0000000000002
 20
570.0
 30
0.0
 11
-605.0000000000002
 21
365.0
 31
0.0
  0
LINE
  5
1B077
330
1F
100
AcDbEntity
  8
RAMME SYMBOLER
100
AcDbLine
 10
-605.0000000000002
 20
530.0
 30
0.0
 11
-605.0000000000002
 21
485.0
 31
0.0
  0
TEXT
  5
1B078
330
1F
100
AcDbEntity
  8
RAMME TEKST
100
AcDbText
 10
-698.0
 20
558.0
 30
0.0
 40
1.8
  1
Grafikk
  7
Calibri
100
AcDbText
  0
TEXT
  5
1B079
330
1F
100
AcDbEntity
  8
RAMME TEKST
100
AcDbText
 10
-663.0
 20
558.0
 30
0.0
 40
1.8
  1
Navn, beskrivelse
  7
Calibri
100
AcDbText
  0
LINE
  5
1B07A
330
1F
100
AcDbEntity
  8
JBTKO_SPOR_Hovedpor
100
AcDbLine
 10
-667.4999999999999
 20
551.0
 30
0.0
 11
-697.5
 21
550.9999999999998
 31
0.0
  0
TEXT
  5
1B07B
330
1F
100
AcDbEntity
  8
RAMME TEKST
100
AcDbText
 10
-603.3375000000001
 20
552.9075762978981
 30
0.0
 40
1.8
  1
JBTKO_SPOR_Hovedspor
  7
Calibri
100
AcDbText
  0
TEXT
  5
1B07C
330
1F
100
AcDbEntity
  8
RAMME TEKST
100
AcDbText
 10
-532.275847462502
 20
552.9249622099638
 30
0.0
 40
1.8
  1
red
  7
Calibri
100
AcDbText
  0
TEXT
  5
1B07D
330
1F
100
AcDbEntity
  8
RAMME TEKST
100
AcDbText
 10
-542.0157220339158
 20
558.0
 30
0.0
 40
1.8
  1
mm
  7
Calibri
100
AcDbText
  0
TEXT
  5
1B07E
330
1F
100
AcDbEntity
  8
RAMME TEKST
100
AcDbText
 10
-542.3789236169345
 20
552.9249622099638
 30
0.0
 40
1.8
  1
0.70
  7
Calibri
100
AcDbText
  0
TEXT
  5
1B07F
330
1F
100
AcDbEntity
  8
RAMME TEKST
100
AcDbText
 10
-558.3806952704776
 20
552.9075762978981
 30
0.0
 40
1.8
  1
Continuous
  7
Calibri
100
AcDbText
  0
TEXT
  5
1B080
330
1F
100
AcDbEntity
  8
RAMME TEKST
100
AcDbText
 10
-663.2302182810367
 20
552.5
 30
0.0
 40
2.5
  1
Hovedspor
  7
Calibri
100
AcDbText
  0
TEXT
  5
1B081
330
1F
100
AcDbEntity
  8
RAMME TEKST
100
AcDbText
 10
-603.3375000000001
 20
540.907576297898
 30
0.0
 40
1.8
  1
JBTKO_SPOR
  7
Calibri
100
AcDbText
  0
TEXT
  5
1B082
330
1F
100
AcDbEntity
  8
RAMME TEKST
100
AcDbText
 10
-532.275847462502
 20
540.9249622099638
 30
0.0
 40
1.8
  1
yellow
  7
Calibri
100
AcDbText
  0
TEXT
  5
1B083
330
1F
100
AcDbEntity
  8
RAMME TEKST
100
AcDbText
 10
-542.3789236169345
 20
540.9249622099638
 30
0.0
 40
1.8
  1
0.25
  7
Calibri
100
AcDbText
  0
TEXT
  5
1B084
330
1F
100
AcDbEntity
  8
RAMME TEKST
100
AcDbText
 10
-558.3806952704776
 20
540.907576297898
 30
0.0
 40
1.8
  1
Continuous
  7
Calibri
100
AcDbText
  0
LINE
  5
1B085
330
1F
100
AcDbEntity
  8
RAMME SYMBOLER
100
AcDbLine
 10
-323.9999999999999
 20
263.0
 30
0.0
 11
-323.9999999999999
 21
277.0
 31
0.0
  0
TEXT
  5
1B086
330
1F
100
AcDbEntity
  8
RAMME TEKST
100
AcDbText
 10
-318.9999999999999
 20
266.0
 30
0.0
 40
3.5
  1
7
  7
Calibri
100
AcDbText
  0
TEXT
  5
1B087
330
1F
100
AcDbEntity
  8
RAMME TEKST
100
AcDbText
 10
-321.9999999999999
 20
273.2000000000001
 30
0.0
 40
1.8
  1
ARK NR.
  7
Calibri
100
AcDbText
  0
LINE
  5
1B08B
330
1F
100
AcDbEntity
  8
RAMME SYMBOLER
100
AcDbLine
 10
-534.0000000000002
 20
570.0
 30
0.0
 11
-534.0000000000002
 21
584.0
 31
0.0
  0
TEXT
  5
1B08C
330
1F
100
AcDbEntity
  8
RAMME TEKST
100
AcDbText
 10
-529.0000000000002
 20
573.0
 30
0.0
 40
3.5
  1
3
  7
Calibri
100
AcDbText
  0
TEXT
  5
1B08D
330
1F
100
AcDbEntity
  8
RAMME TEKST
100
AcDbText
 10
-532.0000000000002
 20
580.2
 30
0.0
 40
1.8
  1
ARK NR.
  7
Calibri
100
AcDbText
  0
LINE
  5
1B092
330
1F
100
AcDbEntity
  8
RAMME SYMBOLER
100
AcDbLine
 10
-534.0000000000002
 20
562.0
 30
0.0
 11
-534.0000000000002
 21
410.0
 31
0.0
  0
TEXT
  5
1B093
330
1F
100
AcDbEntity
  8
RAMME TEKST
100
AcDbText
 10
-697.0
 20
563.4999999999999
 30
0.0
 40
2.5
  1
SYMBOL, linjetyper og lag
  7
Calibri
100
AcDbText
  0
LINE
  5
1B094
330
1F
100
AcDbEntity
  8
RAMME SYMBOLER
100
AcDbLine
 10
-560.0000000000002
 20
562.0
 30
0.0
 11
-560.0000000000002
 21
410.0
 31
0.0
  0
TEXT
  5
1B095
330
1F
100
AcDbEntity
  8
RAMME TEKST
100
AcDbText
 10
-603.0000000000004
 20
563.4999999999999
 30
0.0
 40
2.5
  1
LAG DETALJER
  7
Calibri
100
AcDbText
  0
LINE
  5
1B096
330
1F
100
AcDbEntity
  8
RAMME SYMBOLER
100
AcDbLine
 10
-700.0
 20
557.0
 30
0.0
 11
-510.0000000000002
 21
557.0
 31
0.0
  0
LINE
  5
1B097
330
1F
100
AcDbEntity
  8
RAMME SYMBOLER
100
AcDbLine
 10
-544.0000000000002
 20
562.0
 30
0.0
 11
-544.0000000000002
 21
385.0000000000001
 31
0.0
  0
LINE
  5
1B098
330
1F
100
AcDbEntity
  8
RAMME SYMBOLER
100
AcDbLine
 10
-700.0
 20
545.0
 30
0.0
 11
-510.0000000000002
 21
545.0
 31
0.0
  0
LINE
  5
1B099
330
1F
100
AcDbEntity
  8
RAMME SYMBOLER
100
AcDbLine
 10
-700.0
 20
530.0
 30
0.0
 11
-510.0000000000002
 21
530.0
 31
0.0
  0
LINE
  5
1B09A
330
1F
100
AcDbEntity
  8
RAMME SYMBOLER
100
AcDbLine
 10
-700.0
 20
410.0
 30
0.0
 11
-510.0000000000001
 21
410.0
 31
0.0
  0
TEXT
  5
1B09B
330
1F
100
AcDbEntity
  8
RAMME TEKST
100
AcDbText
 10
-663.0
 20
548.0
 30
0.0
 40
1.8
  1
Gjennomgående spor
  7
Calibri
100
AcDbText
  0
TEXT
  5
1B09D
330
1F
100
AcDbEntity
  8
RAMME TEKST
100
AcDbText
 10
-486.9999999999999
 20
256.5
 30
0.0
 40
2.5
  1
SYMBOL
  7
Calibri
100
AcDbText
  0
TEXT
  5
1B09E
330
1F
100
AcDbEntity
  8
RAMME TEKST
100
AcDbText
 10
-333.0000000000002
 20
251.5
 30
0.0
 40
1.8
  1
Attributter
  7
Calibri
100
AcDbText
  0
TEXT
  5
1B09F
330
1F
100
AcDbEntity
  8
RAMME TEKST
100
AcDbText
 10
-486.9999999999999
 20
251.5
 30
0.0
 40
1.8
  1
Blokk, blokk navn
  7
Calibri
100
AcDbText
  0
TEXT
  5
1B0A0
330
1F
100
AcDbEntity
  8
RAMME TEKST
100
AcDbText
 10
-362.9999999999999
 20
251.5
 30
0.0
 40
1.8
  1
Dynamiske funksjoner
  7
Calibri
100
AcDbText
  0
TEXT
  5
1B0A1
330
1F
100
AcDbEntity
  8
RAMME TEKST
100
AcDbText
 10
-413.0000000000001
 20
251.5
 30
0.0
 40
1.8
  1
Navn, beskrivelse.
  7
Calibri
100
AcDbText
  0
LINE
  5
1B0A2
330
1F
100
AcDbEntity
  8
RAMME SYMBOLER
100
AcDbLine
 10
-335.0000000000002
 20
255.0
 30
0.0
 11
-335.0000000000002
 21
0.0
 31
0.0
  0
TEXT
  5
1B0A3
330
1F
100
AcDbEntity
  8
RAMME TEKST
100
AcDbText
 10
-363.0000000000002
 20
256.5
 30
0.0
 40
2.5
  1
BLOKK DETALJER
  7
Calibri
100
AcDbText
  0
LINE
  5
1B0A4
330
1F
100
AcDbEntity
  8
RAMME SYMBOLER
100
AcDbLine
 10
-364.9999999999999
 20
263.0
 30
0.0
 11
-364.9999999999999
 21
0.0
 31
0.0
  0
LINE
  5
1B0A5
330
1F
100
AcDbEntity
  8
RAMME SYMBOLER
100
AcDbLine
 10
-489.9999999999999
 20
255.0
 30
0.0
 11
-300.0000000000002
 21
255.0
 31
0.0
  0
TEXT
  5
1B0A6
330
1F
100
AcDbEntity
  8
RAMME TEKST
100
AcDbText
 10
-452.9999999999999
 20
251.5
 30
0.0
 40
1.8
  1
Eksempel
  7
Calibri
100
AcDbText
  0
LINE
  5
1B0A7
330
1F
100
AcDbEntity
  8
RAMME SYMBOLER
100
AcDbLine
 10
-415.0000000000002
 20
255.0
 30
0.0
 11
-415.0000000000001
 21
0.0
 31
0.0
  0
LINE
  5
1B0A8
330
1F
100
AcDbEntity
  8
RAMME SYMBOLER
100
AcDbLine
 10
-454.9999999999999
 20
255.0
 30
0.0
 11
-454.9999999999998
 21
0.0
 31
0.0
  0
INSERT
  5
1B0A9
102
{ACAD_XDICTIONARY
360
1B0AA
102
}
330
1F
100
AcDbEntity
  8
JBT_Objekter_0.25mm
100
AcDbBlockReference
  2
*U18
 10
-473.2499999999997
 20
120.5
 30
0.0
  0
INSERT
  5
1B0B1
330
1F
100
AcDbEntity
  8
JBT_Objekter_0.25mm
100
AcDbBlockReference
  2
Vognvaskemaskin
 10
-475.9999999999997
 20
160.5
 30
0.0
  0
INSERT
  5
1B0B2
330
1F
100
AcDbEntity
  8
JBT_Objekter_0.25mm
100
AcDbBlockReference
  2
Vognvekt
 10
-475.6826086956518
 20
140.5
 30
0.0
  0
INSERT
  5
1B0B3
330
1F
100
AcDbEntity
  8
JBT_Objekter_0.25mm
100
AcDbBlockReference
  2
Stasjonsbygg
 10
-472.4999999999996
 20
197.9967999999999
 30
0.0
  0
LINE
  5
1B0B8
330
1F
100
AcDbEntity
  8
RAMME SYMBOLER
100
AcDbLine
 10
-489.9999999999998
 20
128.0
 30
0.0
 11
-299.9999999999996
 21
128.0
 31
0.0
  0
TEXT
  5
1B0B9
330
1F
100
AcDbEntity
  8
RAMME TEKST
100
AcDbText
 10
-486.9999999999994
 20
110.0
 30
0.0
 40
1.8
  1
FAST KRAN
  7
Calibri
100
AcDbText
  0
TEXT
  5
1B0BA
330
1F
100
AcDbEntity
  8
RAMME TEKST
100
AcDbText
 10
-486.9999999999994
 20
130.0
 30
0.0
 40
1.8
  1
Vognvekt
  7
Calibri
100
AcDbText
  0
TEXT
  5
1B0BB
330
1F
100
AcDbEntity
  8
RAMME TEKST
100
AcDbText
 10
-486.9999999999994
 20
170.9967999999999
 30
0.0
 40
1.8
  1
STAPP001
  7
Calibri
100
AcDbText
  0
TEXT
  5
1B0BC
330
1F
100
AcDbEntity
  8
RAMME TEKST
100
AcDbText
 10
-486.9999999999994
 20
189.9967999999999
 30
0.0
 40
1.8
  1
Stasjonsbygg
  7
Calibri
100
AcDbText
  0
TEXT
  5
1B0BF
330
1F
100
AcDbEntity
  8
RAMME TEKST
100
AcDbText
 10
-486.9999999999991
 20
150.0
 30
0.0
 40
1.8
  1
Vognvaskemaskin
  7
Calibri
100
AcDbText
  0
LINE
  5
1B0C9
330
1F
100
AcDbEntity
  8
RAMME SYMBOLER
100
AcDbLine
 10
-489.9999999999999
 20
250.0
 30
0.0
 11
-300.0000000000002
 21
250.0
 31
0.0
  0
LINE
  5
1B0CA
330
1F
100
AcDbEntity
  8
RAMME SYMBOLER
100
AcDbLine
 10
-489.9999999999999
 20
230.0
 30
0.0
 11
-300.0000000000002
 21
230.0
 31
0.0
  0
LINE
  5
1B0CB
330
1F
100
AcDbEntity
  8
RAMME SYMBOLER
100
AcDbLine
 10
-489.9999999999997
 20
212.9967999999999
 30
0.0
 11
-300.0
 21
212.9967999999999
 31
0.0
  0
LINE
  5
1B0CC
330
1F
100
AcDbEntity
  8
RAMME SYMBOLER
100
AcDbLine
 10
-489.9999999999997
 20
187.9967999999999
 30
0.0
 11
-300.0
 21
187.9967999999999
 31
0.0
  0
TEXT
  5
1B0CD
330
1F
100
AcDbEntity
  8
RAMME TEKST
100
AcDbText
 10
-413.0000000000001
 20
245.5
 30
0.0
 40
2.5
  1
Bygning
  7
Calibri
100
AcDbText
  0
LWPOLYLINE
  5
1B0CE
330
1F
100
AcDbEntity
  8
JBT_Objekter_0.25mm
100
AcDbPolyline
 90
        4
 70
     1
 43
0.0
 10
-443.9999999999999
 20
245.0
 10
-425.9999999999999
 20
245.0
 10
-425.9999999999999
 20
235.0
 10
-443.9999999999999
 20
235.0
  0
INSERT
  5
1B0CF
330
1F
100
AcDbEntity
  8
JBT_Objekter_0.25mm
100
AcDbBlockReference
  2
STAPP001
 10
-472.4999999999996
 20
177.9975999999999
 30
0.0
  0
LWPOLYLINE
  5
1B0D0
330
1F
100
AcDbEntity
  8
JBT_Objekter_0.25mm
100
AcDbPolyline
 90
        4
 70
     1
 43
0.0
 10
-440.9999999999999
 20
182.9967999999998
 10
-428.9999999999999
 20
182.9967999999998
 10
-428.9999999999999
 20
174.9967999999999
 10
-440.9999999999999
 20
174.9967999999999
  0
INSERT
  5
1B0D1
330
1F
100
AcDbEntity
  8
JBT_Objekter_0.25mm
100
AcDbBlockReference
  2
STAPP001
 10
-434.9999999999999
 20
178.9967999999998
 30
0.0
  0
TEXT
  5
1B0D6
330
1F
100
AcDbEntity
  8
JBT_Tekst_25
100
AcDbText
 10
-441.0355644785353
 20
138.1
 30
0.0
 40
2.5
  1
Vognvekt
 41
0.9
  7
ISO25
100
AcDbText
  0
TEXT
  5
1B0D7
330
1F
100
AcDbEntity
  8
JBT_Tekst_25
100
AcDbText
 10
-447.293226916617
 20
159.25
 30
0.0
 40
2.5
  1
Vognvaskemaskin
 41
0.9
  7
ISO25
100
AcDbText
  0
TEXT
  5
1B0D8
330
1F
100
AcDbEntity
  8
JBT_Tekst_25
100
AcDbText
 10
-440.2901213589689
 20
116.5
 30
0.0
 40
2.5
  1
Fast kran
 41
0.9
  7
ISO25
100
AcDbText
  0
LINE
  5
1B0E2
330
1F
100
AcDbEntity
  8
JBT_Objekter_0.18mm
100
AcDbLine
 10
-667.4999999999999
 20
477.5
 30
0.0
 11
-697.5
 21
477.4999999999998
 31
0.0
  0
TEXT
  5
1B0E5
330
1F
100
AcDbEntity
  8
RAMME TEKST
100
AcDbText
 10
-532.275847462502
 20
480.9249622099638
 30
0.0
 40
1.8
  1
cyan
  7
Calibri
100
AcDbText
  0
TEXT
  5
1B0E6
330
1F
100
AcDbEntity
  8
RAMME TEKST
100
AcDbText
 10
-542.3789236169345
 20
480.9249622099638
 30
0.0
 40
1.8
  1
0.18
  7
Calibri
100
AcDbText
  0
TEXT
  5
1B0E7
330
1F
100
AcDbEntity
  8
RAMME TEKST
100
AcDbText
 10
-558.3806952704776
 20
480.9075762978981
 30
0.0
 40
1.8
  1
Continuous
  7
Calibri
100
AcDbText
  0
LINE
  5
1B0ED
330
1F
100
AcDbEntity
  8
RAMME SYMBOLER
100
AcDbLine
 10
-665.0
 20
562.0
 30
0.0
 11
-665.0
 21
410.0
 31
0.0
  0
LWPOLYLINE
  5
1B100
330
1F
100
AcDbEntity
  8
RAMME
100
AcDbPolyline
 90
        4
 70
     1
 43
0.0
 10
-300.0000000000002
 20
584.0
 10
-490.0
 20
584.0
 10
-490.0000000000001
 20
307.0
 10
-300.0
 20
307.0
  0
LINE
  5
1B101
330
1F
100
AcDbEntity
  8
JBTKO_SPOR
100
AcDbLine
 10
-457.5
 20
544.0
 30
0.0
 11
-487.5
 21
544.0
 31
0.0
  0
LINE
  5
1B102
330
1F
100
AcDbEntity
  8
JBTKO_SPOR
100
AcDbLine
 10
-457.5000000000003
 20
456.0032
 30
0.0
 11
-487.5000000000003
 21
456.0032
 31
0.0
  0
LINE
  5
1B103
330
1F
100
AcDbEntity
  8
RAMME SYMBOLER
100
AcDbLine
 10
-490.0
 20
557.0
 30
0.0
 11
-300.0000000000002
 21
557.0
 31
0.0
  0
LINE
  5
1B104
330
1F
100
AcDbEntity
  8
RAMME SYMBOLER
100
AcDbLine
 10
-490.0
 20
536.0
 30
0.0
 11
-300.0000000000002
 21
536.0
 31
0.0
  0
LINE
  5
1B105
330
1F
100
AcDbEntity
  8
RAMME SYMBOLER
100
AcDbLine
 10
-490.0000000000002
 20
515.0032000000001
 30
0.0
 11
-300.0000000000002
 21
515.0032000000001
 31
0.0
  0
LINE
  5
1B106
330
1F
100
AcDbEntity
  8
RAMME SYMBOLER
100
AcDbLine
 10
-490.0000000000001
 20
440.0032000000002
 30
0.0
 11
-300.0000000000001
 21
440.0032000000002
 31
0.0
  0
LINE
  5
1B107
330
1F
100
AcDbEntity
  8
RAMME SYMBOLER
100
AcDbLine
 10
-490.0
 20
411.0032000000002
 30
0.0
 11
-300.0
 21
411.0032000000002
 31
0.0
  0
LINE
  5
1B108
330
1F
100
AcDbEntity
  8
JBTKO_SPOR
100
AcDbLine
 10
-457.5
 20
553.0
 30
0.0
 11
-463.5000000000011
 21
553.0
 31
0.0
  0
LINE
  5
1B109
330
1F
100
AcDbEntity
  8
JBTKO_SPOR
100
AcDbLine
 10
-472.5
 20
544.0
 30
0.0
 11
-463.5000000000011
 21
553.0
 31
0.0
  0
LINE
  5
1B10A
330
1F
100
AcDbEntity
  8
JBTKO_SPOR
100
AcDbLine
 10
-481.4999999999989
 20
447.0031999999999
 30
0.0
 11
-487.5000000000003
 21
447.0031999999999
 31
0.0
  0
LINE
  5
1B10B
330
1F
100
AcDbEntity
  8
JBTKO_SPOR
100
AcDbLine
 10
-457.5000000000003
 20
465.0032
 30
0.0
 11
-463.5000000000012
 21
465.0032
 31
0.0
  0
LINE
  5
1B10C
330
1F
100
AcDbEntity
  8
JBTKO_SPOR
100
AcDbLine
 10
-481.4999999999989
 20
447.0031999999999
 30
0.0
 11
-463.5000000000012
 21
465.0032
 31
0.0
  0
TEXT
  5
1B10D
330
1F
100
AcDbEntity
  8
RAMME TEKST
100
AcDbText
 10
-448.0000000000002
 20
552.5
 30
0.0
 40
2.5
  1
Sporveksel (bare spor)
  7
Calibri
100
AcDbText
  0
TEXT
  5
1B10E
330
1F
100
AcDbEntity
  8
RAMME TEKST
100
AcDbText
 10
-448.0000000000003
 20
464.5032000000001
 30
0.0
 40
2.5
  1
Dobbelkryssveksel
  7
Calibri
100
AcDbText
  0
TEXT
  5
1B10F
330
1F
100
AcDbEntity
  8
RAMME TEKST
100
AcDbText
 10
-448.0000000000003
 20
435.5048000000002
 30
0.0
 40
2.5
  1
Enkelkryssveksel
  7
Calibri
100
AcDbText
  0
LINE
  5
1B110
330
1F
100
AcDbEntity
  8
JBTKO_SPOR
100
AcDbLine
 10
-457.4999999999999
 20
456.0032
 30
0.0
 11
-487.4999999999999
 21
456.0032
 31
0.0
  0
LINE
  5
1B111
330
1F
100
AcDbEntity
  8
JBTKO_SPOR
100
AcDbLine
 10
-457.4999999999999
 20
465.0032000000002
 30
0.0
 11
-463.500000000001
 21
465.0032000000002
 31
0.0
  0
LINE
  5
1B112
330
1F
100
AcDbEntity
  8
JBTKO_SPOR
100
AcDbLine
 10
-457.5000000000003
 20
427.0032
 30
0.0
 11
-487.5000000000003
 21
427.0032
 31
0.0
  0
LINE
  5
1B113
330
1F
100
AcDbEntity
  8
JBTKO_SPOR
100
AcDbLine
 10
-481.4999999999989
 20
418.0031999999999
 30
0.0
 11
-487.5000000000003
 21
418.0031999999999
 31
0.0
  0
LINE
  5
1B114
330
1F
100
AcDbEntity
  8
JBTKO_SPOR
100
AcDbLine
 10
-457.5000000000003
 20
436.0032
 30
0.0
 11
-463.5000000000012
 21
436.0032
 31
0.0
  0
LINE
  5
1B115
330
1F
100
AcDbEntity
  8
JBTKO_SPOR
100
AcDbLine
 10
-481.4999999999989
 20
418.0031999999999
 30
0.0
 11
-463.5000000000012
 21
436.0032
 31
0.0
  0
LINE
  5
1B116
330
1F
100
AcDbEntity
  8
JBTKO_SPOR
100
AcDbLine
 10
-457.4999999999999
 20
427.0032
 30
0.0
 11
-487.4999999999999
 21
427.0032
 31
0.0
  0
LINE
  5
1B117
330
1F
100
AcDbEntity
  8
JBTKO_SPOR
100
AcDbLine
 10
-457.4999999999999
 20
436.0032000000002
 30
0.0
 11
-463.500000000001
 21
436.0032000000002
 31
0.0
  0
LINE
  5
1B118
330
1F
100
AcDbEntity
  8
JBTKO_SPOR
100
AcDbLine
 10
-457.5000000000001
 20
523.0
 30
0.0
 11
-487.5000000000001
 21
523.0
 31
0.0
  0
LINE
  5
1B119
330
1F
100
AcDbEntity
  8
JBTKO_SPOR
100
AcDbLine
 10
-457.5000000000001
 20
532.0
 30
0.0
 11
-463.5000000000013
 21
532.0
 31
0.0
  0
LINE
  5
1B11A
330
1F
100
AcDbEntity
  8
JBTKO_SPOR
100
AcDbLine
 10
-472.5000000000001
 20
523.0
 30
0.0
 11
-463.5000000000013
 21
532.0
 31
0.0
  0
TEXT
  5
1B11B
330
1F
100
AcDbEntity
  8
RAMME TEKST
100
AcDbText
 10
-448.0000000000003
 20
531.5
 30
0.0
 40
2.5
  1
Sporveksel
  7
Calibri
100
AcDbText
  0
TEXT
  5
1B11D
330
1F
100
AcDbEntity
  8
RAMME TEKST
100
AcDbText
 10
-487.0000000000002
 20
517.0032
 30
0.0
 40
1.8
  1
KO_SPV_Sporveksel
  7
Calibri
100
AcDbText
  0
TEXT
  5
1B11E
330
1F
100
AcDbEntity
  8
RAMME TEKST
100
AcDbText
 10
-487.0000000000001
 20
442.0032000000001
 30
0.0
 40
1.8
  1
KO_SPV_Dobbelkryssveksel
  7
Calibri
100
AcDbText
  0
TEXT
  5
1B11F
330
1F
100
AcDbEntity
  8
RAMME TEKST
100
AcDbText
 10
-487.0000000000001
 20
413.0032000000001
 30
0.0
 40
1.8
  1
KO_SPV_Enkelkryssveksel
  7
Calibri
100
AcDbText
  0
LINE
  5
1B120
330
1F
100
AcDbEntity
  8
RAMME SYMBOLER
100
AcDbLine
 10
-490.0000000000001
 20
469.0032000000001
 30
0.0
 11
-300.0000000000001
 21
469.0032000000001
 31
0.0
  0
LINE
  5
1B121
330
1F
100
AcDbEntity
  8
JBTKO_SPOR
100
AcDbLine
 10
-457.5000000000003
 20
398.0032
 30
0.0
 11
-487.5000000000003
 21
398.0032
 31
0.0
  0
LINE
  5
1B122
330
1F
100
AcDbEntity
  8
RAMME SYMBOLER
100
AcDbLine
 10
-490.0000000000001
 20
382.0032000000002
 30
0.0
 11
-300.0000000000001
 21
382.0032000000002
 31
0.0
  0
LINE
  5
1B123
330
1F
100
AcDbEntity
  8
JBTKO_SPOR
100
AcDbLine
 10
-481.4999999999989
 20
389.0032
 30
0.0
 11
-487.5000000000003
 21
389.0032
 31
0.0
  0
LINE
  5
1B124
330
1F
100
AcDbEntity
  8
JBTKO_SPOR
100
AcDbLine
 10
-457.5000000000003
 20
407.0032
 30
0.0
 11
-463.5000000000012
 21
407.0032
 31
0.0
  0
LINE
  5
1B125
330
1F
100
AcDbEntity
  8
JBTKO_SPOR
100
AcDbLine
 10
-481.4999999999989
 20
389.0032
 30
0.0
 11
-463.5000000000012
 21
407.0032
 31
0.0
  0
TEXT
  5
1B126
330
1F
100
AcDbEntity
  8
RAMME TEKST
100
AcDbText
 10
-448.0000000000003
 20
406.5032000000001
 30
0.0
 40
2.5
  1
Dobbelkryssveksel 
  7
Calibri
100
AcDbText
  0
TEXT
  5
1B127
330
1F
100
AcDbEntity
  8
RAMME TEKST
100
AcDbText
 10
-448.0000000000003
 20
377.5048000000002
 30
0.0
 40
2.5
  1
Enkelkryssveksel
  7
Calibri
100
AcDbText
  0
LINE
  5
1B128
330
1F
100
AcDbEntity
  8
JBTKO_SPOR
100
AcDbLine
 10
-457.4999999999999
 20
398.0032
 30
0.0
 11
-487.4999999999999
 21
398.0032
 31
0.0
  0
LINE
  5
1B129
330
1F
100
AcDbEntity
  8
JBTKO_SPOR
100
AcDbLine
 10
-457.4999999999999
 20
407.0032000000002
 30
0.0
 11
-463.500000000001
 21
407.0032000000002
 31
0.0
  0
LINE
  5
1B12A
330
1F
100
AcDbEntity
  8
JBTKO_SPOR
100
AcDbLine
 10
-457.5000000000003
 20
369.0032
 30
0.0
 11
-487.5000000000003
 21
369.0032
 31
0.0
  0
LINE
  5
1B12B
330
1F
100
AcDbEntity
  8
JBTKO_SPOR
100
AcDbLine
 10
-481.4999999999989
 20
360.0032
 30
0.0
 11
-487.5000000000003
 21
360.0032
 31
0.0
  0
LINE
  5
1B12C
330
1F
100
AcDbEntity
  8
JBTKO_SPOR
100
AcDbLine
 10
-481.4999999999989
 20
360.0032
 30
0.0
 11
-463.5000000000012
 21
378.0032
 31
0.0
  0
LINE
  5
1B12D
330
1F
100
AcDbEntity
  8
JBTKO_SPOR
100
AcDbLine
 10
-457.4999999999999
 20
369.0032
 30
0.0
 11
-487.4999999999999
 21
369.0032
 31
0.0
  0
LINE
  5
1B12E
330
1F
100
AcDbEntity
  8
JBTKO_SPOR
100
AcDbLine
 10
-457.4999999999999
 20
378.0032000000002
 30
0.0
 11
-463.500000000001
 21
378.0032000000002
 31
0.0
  0
TEXT
  5
1B12F
330
1F
100
AcDbEntity
  8
RAMME TEKST
100
AcDbText
 10
-487.0000000000002
 20
384.0032000000002
 30
0.0
 40
1.8
  1
KO_SPV_Dobbelkryssveksel_0
  7
Calibri
100
AcDbText
  0
TEXT
  5
1B130
330
1F
100
AcDbEntity
  8
RAMME TEKST
100
AcDbText
 10
-487.0000000000002
 20
355.0032000000002
 30
0.0
 40
1.8
  1
KO_SPV_Enkelkryssveksel_0
  7
Calibri
100
AcDbText
  0
LINE
  5
1B131
330
1F
100
AcDbEntity
  8
JBTKO_SPOR
100
AcDbLine
 10
-457.5000000000002
 20
340.0032
 30
0.0
 11
-487.5000000000002
 21
340.0032
 31
0.0
  0
LINE
  5
1B132
330
1F
100
AcDbEntity
  8
JBTKO_SPOR
100
AcDbLine
 10
-481.4999999999989
 20
331.0032
 30
0.0
 11
-487.5000000000002
 21
331.0032
 31
0.0
  0
LINE
  5
1B133
330
1F
100
AcDbEntity
  8
JBTKO_SPOR
100
AcDbLine
 10
-457.5000000000002
 20
349.0032
 30
0.0
 11
-463.5000000000012
 21
349.0032
 31
0.0
  0
LINE
  5
1B134
330
1F
100
AcDbEntity
  8
JBTKO_SPOR
100
AcDbLine
 10
-481.4999999999989
 20
331.0032
 30
0.0
 11
-463.5000000000012
 21
349.0032
 31
0.0
  0
TEXT
  5
1B135
330
1F
100
AcDbEntity
  8
RAMME TEKST
100
AcDbText
 10
-448.0000000000003
 20
348.5032000000001
 30
0.0
 40
2.5
  1
Sporkryss 
  7
Calibri
100
AcDbText
  0
LINE
  5
1B136
330
1F
100
AcDbEntity
  8
RAMME SYMBOLER
100
AcDbLine
 10
-490.0000000000002
 20
353.0032000000002
 30
0.0
 11
-300.0000000000002
 21
353.0032000000002
 31
0.0
  0
LWPOLYLINE
  5
1B137
330
1F
100
AcDbEntity
  8
RAMME
100
AcDbPolyline
 90
        2
 70
     0
 43
0.0
 10
-490.0000000000002
 20
570.0
 10
-300.0000000000002
 20
570.0
  0
TEXT
  5
1B138
330
1F
100
AcDbEntity
  8
RAMME TEKST
100
AcDbText
 10
-485.0000000000002
 20
573.0
 30
0.0
 40
3.5
  1
Veksler 45 grader
  7
Calibri
100
AcDbText
  0
LINE
  5
1B139
330
1F
100
AcDbEntity
  8
RAMME SYMBOLER
100
AcDbLine
 10
-490.0
 20
562.0
 30
0.0
 11
-300.0000000000002
 21
562.0
 31
0.0
  0
LINE
  5
1B13A
330
1F
100
AcDbEntity
  8
RAMME SYMBOLER
100
AcDbLine
 10
-450.0000000000006
 20
562.0
 30
0.0
 11
-450.0000000000006
 21
326.0032000000002
 31
0.0
  0
TEXT
  5
1B13B
330
1F
100
AcDbEntity
  8
RAMME TEKST
100
AcDbText
 10
-488.0
 20
558.0
 30
0.0
 40
1.8
  1
Grafikk, blokk, blokk navn
  7
Calibri
100
AcDbText
  0
TEXT
  5
1B13C
330
1F
100
AcDbEntity
  8
RAMME TEKST
100
AcDbText
 10
-448.0000000000005
 20
558.0
 30
0.0
 40
1.8
  1
Navn, beskrivelse
  7
Calibri
100
AcDbText
  0
LINE
  5
1B13D
330
1F
100
AcDbEntity
  8
RAMME SYMBOLER
100
AcDbLine
 10
-324.0000000000002
 20
570.0
 30
0.0
 11
-324.0000000000002
 21
584.0
 31
0.0
  0
TEXT
  5
1B13E
330
1F
100
AcDbEntity
  8
RAMME TEKST
100
AcDbText
 10
-319.0000000000002
 20
573.0
 30
0.0
 40
3.5
  1
4
  7
Calibri
100
AcDbText
  0
TEXT
  5
1B13F
330
1F
100
AcDbEntity
  8
RAMME TEKST
100
AcDbText
 10
-322.0000000000002
 20
580.2
 30
0.0
 40
1.8
  1
ARK NR.
  7
Calibri
100
AcDbText
  0
TEXT
  5
1B144
330
1F
100
AcDbEntity
  8
RAMME TEKST
100
AcDbText
 10
-487.0
 20
563.4999999999999
 30
0.0
 40
2.5
  1
SYMBOL (Blokker vist med spor)
  7
Calibri
100
AcDbText
  0
TEXT
  5
1B145
330
1F
100
AcDbEntity
  8
RAMME TEKST
100
AcDbText
 10
-333.0000000000004
 20
558.4999999999999
 30
0.0
 40
1.8
  1
Attributter
  7
Calibri
100
AcDbText
  0
TEXT
  5
1B146
330
1F
100
AcDbEntity
  8
RAMME TEKST
100
AcDbText
 10
-363.0000000000003
 20
558.4999999999999
 30
0.0
 40
1.8
  1
Dynamiske funksjoner
  7
Calibri
100
AcDbText
  0
LINE
  5
1B147
330
1F
100
AcDbEntity
  8
RAMME SYMBOLER
100
AcDbLine
 10
-335.0000000000004
 20
562.0
 30
0.0
 11
-335.0000000000004
 21
326.0032000000002
 31
0.0
  0
TEXT
  5
1B148
330
1F
100
AcDbEntity
  8
RAMME TEKST
100
AcDbText
 10
-363.0000000000005
 20
563.4999999999999
 30
0.0
 40
2.5
  1
BLOKK DETALJER
  7
Calibri
100
AcDbText
  0
LINE
  5
1B149
330
1F
100
AcDbEntity
  8
RAMME SYMBOLER
100
AcDbLine
 10
-365.0000000000007
 20
570.0
 30
0.0
 11
-365.0000000000007
 21
326.0032000000002
 31
0.0
  0
LWPOLYLINE
  5
1B14A
330
1F
100
AcDbEntity
  8
RAMME
100
AcDbPolyline
 90
        4
 70
     1
 43
0.0
 10
-90.00000000000023
 20
584.0
 10
-280.0
 20
584.0
 10
-280.0000000000001
 20
307.0
 10
-90.0
 20
307.0
  0
LINE
  5
1B14B
330
1F
100
AcDbEntity
  8
JBTKO_SPOR
100
AcDbLine
 10
-237.5000000000006
 20
502.0032000000001
 30
0.0
 11
-277.5
 21
502.0032
 31
0.0
  0
LINE
  5
1B14C
330
1F
100
AcDbEntity
  8
RAMME SYMBOLER
100
AcDbLine
 10
-280.0
 20
557.0
 30
0.0
 11
-90.00000000000023
 21
557.0
 31
0.0
  0
LINE
  5
1B14D
330
1F
100
AcDbEntity
  8
RAMME SYMBOLER
100
AcDbLine
 10
-280.0000000000001
 20
411.0032000000002
 30
0.0
 11
-90.00000000000023
 21
411.0032000000002
 31
0.0
  0
LINE
  5
1B14E
330
1F
100
AcDbEntity
  8
RAMME SYMBOLER
100
AcDbLine
 10
-279.9999999999999
 20
440.0032000000002
 30
0.0
 11
-89.99999999999989
 21
440.0032000000002
 31
0.0
  0
LINE
  5
1B14F
330
1F
100
AcDbEntity
  8
JBTKO_SPOR
100
AcDbLine
 10
-237.5000000000006
 20
511.0032000000002
 30
0.0
 11
-246.9115427318822
 21
511.0032000000002
 31
0.0
  0
LINE
  5
1B150
330
1F
100
AcDbEntity
  8
JBTKO_SPOR
100
AcDbLine
 10
-262.5
 20
502.0032000000001
 30
0.0
 11
-246.9115427318822
 21
511.0032000000002
 31
0.0
  0
LINE
  5
1B151
330
1F
100
AcDbEntity
  8
JBTKO_SPOR
100
AcDbLine
 10
-237.5000000000006
 20
523.0
 30
0.0
 11
-277.5000000000001
 21
523.0
 31
0.0
  0
LINE
  5
1B152
330
1F
100
AcDbEntity
  8
JBTKO_SPOR
100
AcDbLine
 10
-237.5000000000004
 20
532.0
 30
0.0
 11
-246.911542731882
 21
532.0
 31
0.0
  0
LINE
  5
1B153
330
1F
100
AcDbEntity
  8
JBTKO_SPOR
100
AcDbLine
 10
-237.5000000000004
 20
481.0032000000001
 30
0.0
 11
-262.4999999999999
 21
481.0032
 31
0.0
  0
LINE
  5
1B154
330
1F
100
AcDbEntity
  8
JBTKO_SPOR
100
AcDbLine
 10
-237.5000000000004
 20
490.0032000000002
 30
0.0
 11
-246.9115427318822
 21
490.0032000000002
 31
0.0
  0
LINE
  5
1B155
330
1F
100
AcDbEntity
  8
JBTKO_SPOR
100
AcDbLine
 10
-269.8484692283487
 20
476.7605593128807
 30
0.0
 11
-246.9115427318822
 21
490.0032000000002
 31
0.0
  0
LINE
  5
1B156
330
1F
100
AcDbEntity
  8
RAMME SYMBOLER
100
AcDbLine
 10
-280.0
 20
494.0032000000001
 30
0.0
 11
-90.00000000000023
 21
494.0032000000001
 31
0.0
  0
LINE
  5
1B157
330
1F
100
AcDbEntity
  8
RAMME SYMBOLER
100
AcDbLine
 10
-280.0
 20
469.0032000000001
 30
0.0
 11
-90.00000000000012
 21
469.0032000000001
 31
0.0
  0
TEXT
  5
1B158
330
1F
100
AcDbEntity
  8
RAMME TEKST
100
AcDbText
 10
-277.0
 20
496.0032000000001
 30
0.0
 40
1.8
  1
KO_SPV_30_Rettveksel_SSK
  7
Calibri
100
AcDbText
  0
TEXT
  5
1B159
330
1F
100
AcDbEntity
  8
RAMME TEKST
100
AcDbText
 10
-277.0
 20
471.0032000000001
 30
0.0
 40
1.8
  1
KO_SPV_30_Skråveksel_SSK
  7
Calibri
100
AcDbText
  0
TEXT
  5
1B15A
330
1F
100
AcDbEntity
  8
RAMME TEKST
100
AcDbText
 10
-277.0000000000001
 20
517.0032
 30
0.0
 40
1.8
  1
KO_SPV_30_Sporveksel
  7
Calibri
100
AcDbText
  0
TEXT
  5
1B15B
330
1F
100
AcDbEntity
  8
RAMME TEKST
100
AcDbText
 10
-277.0
 20
442.0032000000001
 30
0.0
 40
1.8
  1
KO_SPV_30_Dobbelkryssveksel
  7
Calibri
100
AcDbText
  0
TEXT
  5
1B15C
330
1F
100
AcDbEntity
  8
RAMME TEKST
100
AcDbText
 10
-277.0
 20
413.0032000000001
 30
0.0
 40
1.8
  1
KO_SPV_30_Enkelkryssveksel
  7
Calibri
100
AcDbText
  0
LINE
  5
1B15D
330
1F
100
AcDbEntity
  8
RAMME SYMBOLER
100
AcDbLine
 10
-280.0000000000001
 20
515.0032000000001
 30
0.0
 11
-90.00000000000012
 21
515.0032000000001
 31
0.0
  0
LINE
  5
1B15E
330
1F
100
AcDbEntity
  8
RAMME SYMBOLER
100
AcDbLine
 10
-280.0000000000002
 20
382.0032000000002
 30
0.0
 11
-90.00000000000023
 21
382.0032000000002
 31
0.0
  0
TEXT
  5
1B15F
330
1F
100
AcDbEntity
  8
RAMME TEKST
100
AcDbText
 10
-277.0000000000004
 20
384.0032000000002
 30
0.0
 40
1.8
  1
KO_SPV_30_Dobbelkryssveksel_0
  7
Calibri
100
AcDbText
  0
TEXT
  5
1B160
330
1F
100
AcDbEntity
  8
RAMME TEKST
100
AcDbText
 10
-276.9999999999999
 20
355.0032000000002
 30
0.0
 40
1.8
  1
KO_SPV_30_Enkelkryssveksel_0
  7
Calibri
100
AcDbText
  0
LINE
  5
1B161
330
1F
100
AcDbEntity
  8
JBTKO_SPOR
100
AcDbLine
 10
-237.5000000000002
 20
340.0032
 30
0.0
 11
-277.4999999999998
 21
340.0032
 31
0.0
  0
LINE
  5
1B162
330
1F
100
AcDbEntity
  8
JBTKO_SPOR
100
AcDbLine
 10
-273.0884572681174
 20
331.0032
 30
0.0
 11
-277.5
 21
331.0032
 31
0.0
  0
LINE
  5
1B163
330
1F
100
AcDbEntity
  8
JBTKO_SPOR
100
AcDbLine
 10
-237.5000000000002
 20
349.0032
 30
0.0
 11
-241.9115427318821
 21
349.0032
 31
0.0
  0
LINE
  5
1B164
330
1F
100
AcDbEntity
  8
JBTKO_SPOR
100
AcDbLine
 10
-273.0884572681174
 20
331.0032
 30
0.0
 11
-241.9115427318821
 21
349.0032
 31
0.0
  0
LINE
  5
1B165
330
1F
100
AcDbEntity
  8
RAMME SYMBOLER
100
AcDbLine
 10
-280.0
 20
353.0032000000002
 30
0.0
 11
-89.99999999999989
 21
353.0032000000002
 31
0.0
  0
LWPOLYLINE
  5
1B166
330
1F
100
AcDbEntity
  8
RAMME
100
AcDbPolyline
 90
        2
 70
     0
 43
0.0
 10
-280.0000000000002
 20
570.0
 10
-90.00000000000023
 20
570.0
  0
TEXT
  5
1B167
330
1F
100
AcDbEntity
  8
RAMME TEKST
100
AcDbText
 10
-275.0000000000002
 20
573.0
 30
0.0
 40
3.5
  1
Veksler 30 grader
  7
Calibri
100
AcDbText
  0
LINE
  5
1B168
330
1F
100
AcDbEntity
  8
RAMME SYMBOLER
100
AcDbLine
 10
-280.0
 20
562.0
 30
0.0
 11
-90.00000000000023
 21
562.0
 31
0.0
  0
LINE
  5
1B169
330
1F
100
AcDbEntity
  8
RAMME SYMBOLER
100
AcDbLine
 10
-235.0000000000006
 20
562.0
 30
0.0
 11
-235.0000000000006
 21
326.0032000000002
 31
0.0
  0
TEXT
  5
1B16A
330
1F
100
AcDbEntity
  8
RAMME TEKST
100
AcDbText
 10
-278.0
 20
558.0
 30
0.0
 40
1.8
  1
Grafikk, blokk, blokk navn
  7
Calibri
100
AcDbText
  0
TEXT
  5
1B16B
330
1F
100
AcDbEntity
  8
RAMME TEKST
100
AcDbText
 10
-233.0000000000006
 20
558.0
 30
0.0
 40
1.8
  1
Navn, beskrivelse
  7
Calibri
100
AcDbText
  0
LINE
  5
1B16C
330
1F
100
AcDbEntity
  8
RAMME SYMBOLER
100
AcDbLine
 10
-114.0000000000002
 20
570.0
 30
0.0
 11
-114.0000000000002
 21
584.0
 31
0.0
  0
TEXT
  5
1B16D
330
1F
100
AcDbEntity
  8
RAMME TEKST
100
AcDbText
 10
-109.0000000000002
 20
573.0
 30
0.0
 40
3.5
  1
5
  7
Calibri
100
AcDbText
  0
TEXT
  5
1B16E
330
1F
100
AcDbEntity
  8
RAMME TEKST
100
AcDbText
 10
-112.0000000000002
 20
580.2
 30
0.0
 40
1.8
  1
ARK NR.
  7
Calibri
100
AcDbText
  0
TEXT
  5
1B173
330
1F
100
AcDbEntity
  8
RAMME TEKST
100
AcDbText
 10
-277.0
 20
563.4999999999999
 30
0.0
 40
2.5
  1
SYMBOL (Blokker vist med spor)
  7
Calibri
100
AcDbText
  0
TEXT
  5
1B174
330
1F
100
AcDbEntity
  8
RAMME TEKST
100
AcDbText
 10
-123.0000000000004
 20
558.4999999999999
 30
0.0
 40
1.8
  1
Attributter
  7
Calibri
100
AcDbText
  0
TEXT
  5
1B175
330
1F
100
AcDbEntity
  8
RAMME TEKST
100
AcDbText
 10
-153.0000000000002
 20
558.4999999999999
 30
0.0
 40
1.8
  1
Dynamiske funksjoner
  7
Calibri
100
AcDbText
  0
LINE
  5
1B176
330
1F
100
AcDbEntity
  8
RAMME SYMBOLER
100
AcDbLine
 10
-125.0000000000004
 20
562.0
 30
0.0
 11
-125.0000000000004
 21
326.0032000000002
 31
0.0
  0
TEXT
  5
1B177
330
1F
100
AcDbEntity
  8
RAMME TEKST
100
AcDbText
 10
-153.0000000000004
 20
563.4999999999999
 30
0.0
 40
2.5
  1
BLOKK DETALJER
  7
Calibri
100
AcDbText
  0
LINE
  5
1B178
330
1F
100
AcDbEntity
  8
RAMME SYMBOLER
100
AcDbLine
 10
-155.0000000000007
 20
570.0
 30
0.0
 11
-155.0000000000007
 21
326.0032000000002
 31
0.0
  0
LINE
  5
1B179
330
1F
100
AcDbEntity
  8
JBTKO_SPOR
100
AcDbLine
 10
-262.5
 20
523.0
 30
0.0
 11
-246.911542731882
 21
532.0
 31
0.0
  0
LINE
  5
1B17A
330
1F
100
AcDbEntity
  8
JBTKO_SPOR
100
AcDbLine
 10
-237.5000000000006
 20
369.0032
 30
0.0
 11
-277.5000000000001
 21
369.0032
 31
0.0
  0
LINE
  5
1B17B
330
1F
100
AcDbEntity
  8
JBTKO_SPOR
100
AcDbLine
 10
-273.0884572681177
 20
360.0032000000001
 30
0.0
 11
-277.5000000000003
 21
360.0032000000001
 31
0.0
  0
LINE
  5
1B17C
330
1F
100
AcDbEntity
  8
JBTKO_SPOR
100
AcDbLine
 10
-237.5000000000006
 20
378.0032000000001
 30
0.0
 11
-241.9115427318824
 21
378.0032000000001
 31
0.0
  0
LINE
  5
1B17D
330
1F
100
AcDbEntity
  8
JBTKO_SPOR
100
AcDbLine
 10
-273.0884572681177
 20
360.0032000000001
 30
0.0
 11
-241.9115427318824
 21
378.0032000000001
 31
0.0
  0
LINE
  5
1B17E
330
1F
100
AcDbEntity
  8
JBTKO_SPOR
100
AcDbLine
 10
-237.5000000000006
 20
398.0032
 30
0.0
 11
-277.5000000000001
 21
398.0032
 31
0.0
  0
LINE
  5
1B17F
330
1F
100
AcDbEntity
  8
JBTKO_SPOR
100
AcDbLine
 10
-273.0884572681177
 20
389.0032000000001
 30
0.0
 11
-277.5000000000003
 21
389.0032000000001
 31
0.0
  0
LINE
  5
1B180
330
1F
100
AcDbEntity
  8
JBTKO_SPOR
100
AcDbLine
 10
-237.5000000000006
 20
407.0032
 30
0.0
 11
-241.9115427318824
 21
407.0032
 31
0.0
  0
LINE
  5
1B181
330
1F
100
AcDbEntity
  8
JBTKO_SPOR
100
AcDbLine
 10
-273.0884572681177
 20
389.0032000000001
 30
0.0
 11
-241.9115427318824
 21
407.0032
 31
0.0
  0
LINE
  5
1B182
330
1F
100
AcDbEntity
  8
JBTKO_SPOR
100
AcDbLine
 10
-237.5000000000004
 20
427.0032
 30
0.0
 11
-277.4999999999999
 21
427.0032
 31
0.0
  0
LINE
  5
1B183
330
1F
100
AcDbEntity
  8
JBTKO_SPOR
100
AcDbLine
 10
-273.0884572681175
 20
418.0032
 30
0.0
 11
-277.5000000000002
 21
418.0032
 31
0.0
  0
LINE
  5
1B184
330
1F
100
AcDbEntity
  8
JBTKO_SPOR
100
AcDbLine
 10
-237.5000000000004
 20
436.0032
 30
0.0
 11
-241.9115427318823
 21
436.0032
 31
0.0
  0
LINE
  5
1B185
330
1F
100
AcDbEntity
  8
JBTKO_SPOR
100
AcDbLine
 10
-273.0884572681175
 20
418.0032
 30
0.0
 11
-241.9115427318823
 21
436.0032
 31
0.0
  0
LINE
  5
1B186
330
1F
100
AcDbEntity
  8
JBTKO_SPOR
100
AcDbLine
 10
-237.5000000000003
 20
456.0031999999999
 30
0.0
 11
-277.4999999999999
 21
456.0031999999999
 31
0.0
  0
LINE
  5
1B187
330
1F
100
AcDbEntity
  8
JBTKO_SPOR
100
AcDbLine
 10
-273.0884572681175
 20
447.0031999999999
 30
0.0
 11
-277.5000000000001
 21
447.0031999999999
 31
0.0
  0
LINE
  5
1B188
330
1F
100
AcDbEntity
  8
JBTKO_SPOR
100
AcDbLine
 10
-237.5000000000003
 20
465.0032
 30
0.0
 11
-241.9115427318823
 21
465.0032
 31
0.0
  0
LINE
  5
1B189
330
1F
100
AcDbEntity
  8
JBTKO_SPOR
100
AcDbLine
 10
-273.0884572681175
 20
447.0031999999999
 30
0.0
 11
-241.9115427318823
 21
465.0032
 31
0.0
  0
LINE
  5
1B18B
330
1F
100
AcDbEntity
  8
JBTKO_SPOR
100
AcDbLine
 10
-457.5000000000001
 20
481.0032
 30
0.0
 11
-472.5
 21
481.0032
 31
0.0
  0
LINE
  5
1B18C
330
1F
100
AcDbEntity
  8
JBTKO_SPOR
100
AcDbLine
 10
-457.5000000000001
 20
490.0032000000002
 30
0.0
 11
-463.5000000000012
 21
490.0032000000002
 31
0.0
  0
LINE
  5
1B18D
330
1F
100
AcDbEntity
  8
JBTKO_SPOR
100
AcDbLine
 10
-478.4999999999993
 20
475.0032000000001
 30
0.0
 11
-463.5000000000012
 21
490.0032000000002
 31
0.0
  0
LINE
  5
1B18E
330
1F
100
AcDbEntity
  8
RAMME SYMBOLER
100
AcDbLine
 10
-490.0
 20
494.0032000000001
 30
0.0
 11
-300.0000000000002
 21
494.0032000000001
 31
0.0
  0
TEXT
  5
1B18F
330
1F
100
AcDbEntity
  8
RAMME TEKST
100
AcDbText
 10
-448.0000000000003
 20
489.5032000000001
 30
0.0
 40
2.5
  1
Skråveksel, Sporveksel med Stokkskinneskjøt
  7
Calibri
100
AcDbText
  0
TEXT
  5
1B190
330
1F
100
AcDbEntity
  8
RAMME TEKST
100
AcDbText
 10
-487.0
 20
471.0032000000001
 30
0.0
 40
1.8
  1
KO_SPV_Skråveksel_SSK
  7
Calibri
100
AcDbText
  0
LINE
  5
1B191
330
1F
100
AcDbEntity
  8
JBTKO_SPOR
100
AcDbLine
 10
-457.5000000000001
 20
502.0032
 30
0.0
 11
-487.5
 21
502.0032
 31
0.0
  0
LINE
  5
1B192
330
1F
100
AcDbEntity
  8
JBTKO_SPOR
100
AcDbLine
 10
-457.5000000000001
 20
511.0032000000002
 30
0.0
 11
-463.5000000000012
 21
511.0032000000002
 31
0.0
  0
LINE
  5
1B193
330
1F
100
AcDbEntity
  8
JBTKO_SPOR
100
AcDbLine
 10
-472.5
 20
502.0032000000001
 30
0.0
 11
-463.5000000000012
 21
511.0032000000002
 31
0.0
  0
TEXT
  5
1B194
330
1F
100
AcDbEntity
  8
RAMME TEKST
100
AcDbText
 10
-448.0000000000003
 20
510.5032000000001
 30
0.0
 40
2.5
  1
Rettveksel, Sporveksel med Stokkskinneskjøt
  7
Calibri
100
AcDbText
  0
TEXT
  5
1B195
330
1F
100
AcDbEntity
  8
RAMME TEKST
100
AcDbText
 10
-487.0
 20
496.0032000000001
 30
0.0
 40
1.8
  1
KO_SPV_Rettveksel_SSK
  7
Calibri
100
AcDbText
  0
LINE
  5
1B196
330
1F
100
AcDbEntity
  8
RAMME SYMBOLER
100
AcDbLine
 10
-490.0000000000002
 20
326.0032000000002
 30
0.0
 11
-300.0000000000002
 21
326.0032000000002
 31
0.0
  0
LINE
  5
1B197
330
1F
100
AcDbEntity
  8
JBTKO_SPOR
100
AcDbLine
 10
-237.5000000000006
 20
544.0
 30
0.0
 11
-277.5
 21
544.0
 31
0.0
  0
LINE
  5
1B198
330
1F
100
AcDbEntity
  8
JBTKO_SPOR
100
AcDbLine
 10
-237.5000000000004
 20
553.0000000000001
 30
0.0
 11
-246.9115427318822
 21
553.0
 31
0.0
  0
LINE
  5
1B199
330
1F
100
AcDbEntity
  8
JBTKO_SPOR
100
AcDbLine
 10
-262.5
 20
544.0
 30
0.0
 11
-246.9115427318822
 21
553.0
 31
0.0
  0
LINE
  5
1B19A
330
1F
100
AcDbEntity
  8
RAMME SYMBOLER
100
AcDbLine
 10
-280.0
 20
536.0
 30
0.0
 11
-90.00000000000023
 21
536.0
 31
0.0
  0
LINE
  5
1B19B
330
1F
100
AcDbEntity
  8
RAMME SYMBOLER
100
AcDbLine
 10
-280.0000000000001
 20
326.0032000000002
 30
0.0
 11
-89.99999999999989
 21
326.0032000000002
 31
0.0
  0
INSERT
  5
1B19C
330
1F
100
AcDbEntity
  8
JBTKO_SPOR
100
AcDbBlockReference
  2
KO_SPV_Sporveksel
 10
-472.5000000000003
 20
523.0
 30
0.0
  0
INSERT
  5
1B19D
330
1F
100
AcDbEntity
  8
JBTKO_SPOR
100
AcDbBlockReference
  2
KO_SPV_Rettveksel_SSK
 10
-472.5
 20
502.0032000000001
 30
0.0
  0
INSERT
  5
1B19E
330
1F
100
AcDbEntity
  8
JBTKO_SPOR
100
AcDbBlockReference
  2
KO_SPV_Skråveksel_SSK
 10
-472.5000000000001
 20
481.0032
 30
0.0
  0
INSERT
  5
1B19F
330
1F
100
AcDbEntity
  8
JBTKO_SPOR
100
AcDbBlockReference
  2
KO_SPV_Dobbelkryssveksel
 10
-472.5000000000003
 20
456.0031999999999
 30
0.0
  0
INSERT
  5
1B1A0
330
1F
100
AcDbEntity
  8
JBTKO_SPOR
100
AcDbBlockReference
  2
KO_SPV_Enkelkryssveksel
 10
-472.5000000000003
 20
427.0031999999999
 30
0.0
  0
INSERT
  5
1B1A1
330
1F
100
AcDbEntity
  8
JBTKO_SPOR
100
AcDbBlockReference
  2
KO_SPV_Dobbelkryssveksel_0
 10
-472.5000000000001
 20
398.0032
 30
0.0
  0
INSERT
  5
1B1A2
330
1F
100
AcDbEntity
  8
JBTKO_SPOR
100
AcDbBlockReference
  2
KO_SPV_Enkelkryssveksel_0
 10
-472.5000000000001
 20
369.0032
 30
0.0
  0
TEXT
  5
1B1A3
330
1F
100
AcDbEntity
  8
RAMME TEKST
100
AcDbText
 10
-233.0000000000002
 20
552.5
 30
0.0
 40
2.5
  1
Sporveksel (bare spor)
  7
Calibri
100
AcDbText
  0
TEXT
  5
1B1A4
330
1F
100
AcDbEntity
  8
RAMME TEKST
100
AcDbText
 10
-233.0000000000004
 20
464.5032000000001
 30
0.0
 40
2.5
  1
Dobbelkryssveksel
  7
Calibri
100
AcDbText
  0
TEXT
  5
1B1A5
330
1F
100
AcDbEntity
  8
RAMME TEKST
100
AcDbText
 10
-233.0000000000004
 20
435.5048000000002
 30
0.0
 40
2.5
  1
Enkelkryssveksel
  7
Calibri
100
AcDbText
  0
TEXT
  5
1B1A6
330
1F
100
AcDbEntity
  8
RAMME TEKST
100
AcDbText
 10
-233.0000000000004
 20
531.5
 30
0.0
 40
2.5
  1
Sporveksel
  7
Calibri
100
AcDbText
  0
TEXT
  5
1B1A7
330
1F
100
AcDbEntity
  8
RAMME TEKST
100
AcDbText
 10
-233.0000000000004
 20
406.5032000000001
 30
0.0
 40
2.5
  1
Dobbelkryssveksel
  7
Calibri
100
AcDbText
  0
TEXT
  5
1B1A8
330
1F
100
AcDbEntity
  8
RAMME TEKST
100
AcDbText
 10
-233.0000000000004
 20
377.5048000000002
 30
0.0
 40
2.5
  1
Enkelkryssveksel
  7
Calibri
100
AcDbText
  0
TEXT
  5
1B1A9
330
1F
100
AcDbEntity
  8
RAMME TEKST
100
AcDbText
 10
-233.0000000000003
 20
348.5032000000001
 30
0.0
 40
2.5
  1
Sporkryss 
  7
Calibri
100
AcDbText
  0
TEXT
  5
1B1AA
330
1F
100
AcDbEntity
  8
RAMME TEKST
100
AcDbText
 10
-233.0000000000003
 20
489.5032000000001
 30
0.0
 40
2.5
  1
Skråveksel, Sporveksel med Stokkskinneskjøt
  7
Calibri
100
AcDbText
  0
TEXT
  5
1B1AB
330
1F
100
AcDbEntity
  8
RAMME TEKST
100
AcDbText
 10
-233.0000000000003
 20
510.5032000000001
 30
0.0
 40
2.5
  1
Rettveksel, Sporveksel med Stokkskinneskjøt
  7
Calibri
100
AcDbText
  0
INSERT
  5
1B1AC
330
1F
100
AcDbEntity
  8
JBTKO_SPOR
100
AcDbBlockReference
  2
KO_SPV_30_Sporveksel
 10
-262.5
 20
523.0
 30
0.0
  0
INSERT
  5
1B1AD
330
1F
100
AcDbEntity
  8
JBTKO_SPOR
100
AcDbBlockReference
  2
KO_SPV_30_Rettveksel_SSK
 10
-262.5000000000002
 20
502.0032
 30
0.0
  0
INSERT
  5
1B1AE
330
1F
100
AcDbEntity
  8
JBTKO_SPOR
100
AcDbBlockReference
  2
KO_SPV_30_Skråveksel_SSK
 10
-262.4999999999999
 20
481.0032
 30
0.0
  0
INSERT
  5
1B1AF
330
1F
100
AcDbEntity
  8
JBTKO_SPOR
100
AcDbBlockReference
  2
KO_SPV_30_Dobbelkryssveksel
 10
-257.4999999999999
 20
456.0031999999999
 30
0.0
  0
INSERT
  5
1B1B0
330
1F
100
AcDbEntity
  8
JBTKO_SPOR
100
AcDbBlockReference
  2
KO_SPV_30_Enkelkryssveksel
 10
-257.5000000000003
 20
427.0031999999998
 30
0.0
  0
INSERT
  5
1B1B1
330
1F
100
AcDbEntity
  8
JBTKO_SPOR
100
AcDbBlockReference
  2
KO_SPV_30_Dobbelkryssveksel_0
 10
-257.5000000000001
 20
398.0032
 30
0.0
  0
INSERT
  5
1B1B2
330
1F
100
AcDbEntity
  8
JBTKO_SPOR
100
AcDbBlockReference
  2
KO_SPV_30_Enkelkryssveksel_0
 10
-257.5000000000001
 20
369.0032
 30
0.0
  0
LINE
  5
1B346
330
1F
100
AcDbEntity
  8
RAMME SYMBOLER
100
AcDbLine
 10
-700.0
 20
470.0
 30
0.0
 11
-510.0
 21
470.0
 31
0.0
  0
LINE
  5
1B347
330
1F
100
AcDbEntity
  8
JBT_Objekter_0.25mm
100
AcDbLine
 10
-667.4999999999999
 20
462.5
 30
0.0
 11
-697.5
 21
462.4999999999999
 31
0.0
  0
TEXT
  5
1B34A
330
1F
100
AcDbEntity
  8
RAMME TEKST
100
AcDbText
 10
-532.275847462502
 20
465.9249622099638
 30
0.0
 40
1.8
  1
yellow
  7
Calibri
100
AcDbText
  0
TEXT
  5
1B34B
330
1F
100
AcDbEntity
  8
RAMME TEKST
100
AcDbText
 10
-542.3789236169345
 20
465.9249622099638
 30
0.0
 40
1.8
  1
0.25
  7
Calibri
100
AcDbText
  0
TEXT
  5
1B34C
330
1F
100
AcDbEntity
  8
RAMME TEKST
100
AcDbText
 10
-558.3806952704776
 20
465.907576297898
 30
0.0
 40
1.8
  1
Continuous
  7
Calibri
100
AcDbText
  0
LINE
  5
1B34D
330
1F
100
AcDbEntity
  8
RAMME SYMBOLER
100
AcDbLine
 10
-700.0
 20
455.0
 30
0.0
 11
-510.0
 21
455.0
 31
0.0
  0
LINE
  5
1B34E
330
1F
100
AcDbEntity
  8
JBT_Objekter_0.35mm
100
AcDbLine
 10
-667.4999999999999
 20
447.5
 30
0.0
 11
-697.5
 21
447.4999999999998
 31
0.0
  0
TEXT
  5
1B351
330
1F
100
AcDbEntity
  8
RAMME TEKST
100
AcDbText
 10
-532.275847462502
 20
450.9249622099638
 30
0.0
 40
1.8
  1
white/black
  7
Calibri
100
AcDbText
  0
TEXT
  5
1B352
330
1F
100
AcDbEntity
  8
RAMME TEKST
100
AcDbText
 10
-542.3789236169345
 20
450.9249622099638
 30
0.0
 40
1.8
  1
0.35
  7
Calibri
100
AcDbText
  0
TEXT
  5
1B353
330
1F
100
AcDbEntity
  8
RAMME TEKST
100
AcDbText
 10
-558.3806952704776
 20
450.9075762978981
 30
0.0
 40
1.8
  1
Continuous
  7
Calibri
100
AcDbText
  0
LINE
  5
1B354
330
1F
100
AcDbEntity
  8
RAMME SYMBOLER
100
AcDbLine
 10
-700.0
 20
440.0
 30
0.0
 11
-510.0
 21
440.0
 31
0.0
  0
LINE
  5
1B355
330
1F
100
AcDbEntity
  8
JBT_Objekter_0.50mm
100
AcDbLine
 10
-667.4999999999999
 20
432.5
 30
0.0
 11
-697.5
 21
432.4999999999999
 31
0.0
  0
TEXT
  5
1B358
330
1F
100
AcDbEntity
  8
RAMME TEKST
100
AcDbText
 10
-532.275847462502
 20
435.9249622099638
 30
0.0
 40
1.8
  1
blu
  7
Calibri
100
AcDbText
  0
TEXT
  5
1B359
330
1F
100
AcDbEntity
  8
RAMME TEKST
100
AcDbText
 10
-542.3789236169345
 20
435.9249622099638
 30
0.0
 40
1.8
  1
0.50
  7
Calibri
100
AcDbText
  0
TEXT
  5
1B35A
330
1F
100
AcDbEntity
  8
RAMME TEKST
100
AcDbText
 10
-558.3806952704776
 20
435.9075762978981
 30
0.0
 40
1.8
  1
Continuous
  7
Calibri
100
AcDbText
  0
LINE
  5
1B35B
330
1F
100
AcDbEntity
  8
RAMME SYMBOLER
100
AcDbLine
 10
-700.0
 20
425.0
 30
0.0
 11
-510.0
 21
425.0
 31
0.0
  0
TEXT
  5
1B35D
330
1F
100
AcDbEntity
  8
RAMME TEKST
100
AcDbText
 10
-603.3375000000001
 20
480.9075762978981
 30
0.0
 40
1.8
  1
JBT_Objekter_0.18mm
  7
Calibri
100
AcDbText
  0
TEXT
  5
1B35E
330
1F
100
AcDbEntity
  8
RAMME TEKST
100
AcDbText
 10
-603.3375000000001
 20
465.907576297898
 30
0.0
 40
1.8
  1
JBT_Objekter_0.25mm
  7
Calibri
100
AcDbText
  0
TEXT
  5
1B35F
330
1F
100
AcDbEntity
  8
RAMME TEKST
100
AcDbText
 10
-603.3375000000001
 20
450.9075762978981
 30
0.0
 40
1.8
  1
JBT_Objekter_0.35mm
  7
Calibri
100
AcDbText
  0
TEXT
  5
1B360
330
1F
100
AcDbEntity
  8
RAMME TEKST
100
AcDbText
 10
-603.3375000000001
 20
435.9075762978981
 30
0.0
 40
1.8
  1
JBT_Objekter_0.50mm
  7
Calibri
100
AcDbText
  0
TEXT
  5
1B3CD
330
1F
100
AcDbEntity
  8
RAMME TEKST
100
AcDbText
 10
-663.0
 20
480.4999999999999
 30
0.0
 40
2.5
  1
Objekter strektykkelse 0.18mm
  7
Calibri
100
AcDbText
  0
TEXT
  5
1B3CE
330
1F
100
AcDbEntity
  8
RAMME TEKST
100
AcDbText
 10
-663.0
 20
465.5
 30
0.0
 40
2.5
  1
Objekter strektykkelse 0.25mm
  7
Calibri
100
AcDbText
  0
TEXT
  5
1B3CF
330
1F
100
AcDbEntity
  8
RAMME TEKST
100
AcDbText
 10
-663.0
 20
450.4999999999999
 30
0.0
 40
2.5
  1
Objekter strektykkelse 0.35mm
  7
Calibri
100
AcDbText
  0
TEXT
  5
1B3D0
330
1F
100
AcDbEntity
  8
RAMME TEKST
100
AcDbText
 10
-663.0
 20
435.5
 30
0.0
 40
2.5
  1
Objekter strektykkelse 0.50mm
  7
Calibri
100
AcDbText
  0
TEXT
  5
1B3D5
330
1F
100
AcDbEntity
  8
RAMME TEKST
100
AcDbText
 10
-602.3374999999998
 20
400.9075762978981
 30
0.0
 40
1.8
  1
JBT_Skravur grey solid
  7
Calibri
100
AcDbText
  0
TEXT
  5
1B3D7
330
1F
100
AcDbEntity
  8
RAMME TEKST
100
AcDbText
 10
-532.2758474625017
 20
400.9249622099638
 30
0.0
 40
1.8
  1
202,202,202
  7
Calibri
100
AcDbText
  0
TEXT
  5
1B3D8
330
1F
100
AcDbEntity
  8
RAMME TEKST
100
AcDbText
 10
-542.3789236169341
 20
400.9249622099638
 30
0.0
 40
1.8
  1
RGB:
  7
Calibri
100
AcDbText
  0
LINE
  5
1B3E6
330
1F
100
AcDbEntity
  8
RAMME SYMBOLER
100
AcDbLine
 10
-700.0
 20
405.0
 30
0.0
 11
-510.0000000000001
 21
405.0
 31
0.0
  0
LINE
  5
1B3E8
330
1F
100
AcDbEntity
  8
RAMME SYMBOLER
100
AcDbLine
 10
-665.0000000000002
 20
410.0
 30
0.0
 11
-665.0000000000002
 21
365.0
 31
0.0
  0
TEXT
  5
1B3EA
330
1F
100
AcDbEntity
  8
RAMME TEKST
100
AcDbText
 10
-622.3375
 20
400.9075762978981
 30
0.0
 40
1.8
  1
SOLID
  7
Calibri
100
AcDbText
  0
LINE
  5
1B3EB
330
1F
100
AcDbEntity
  8
RAMME SYMBOLER
100
AcDbLine
 10
-700.0000000000002
 20
385.0
 30
0.0
 11
-510.0000000000001
 21
385.0
 31
0.0
  0
TEXT
  5
1B3EC
330
1F
100
AcDbEntity
  8
RAMME TEKST
100
AcDbText
 10
-622.3374999999998
 20
380.9075762978981
 30
0.0
 40
1.8
  1
ANSI31
  7
Calibri
100
AcDbText
  0
TEXT
  5
1B3ED
330
1F
100
AcDbEntity
  8
RAMME TEKST
100
AcDbText
 10
-663.0000000000002
 20
400.4999999999999
 30
0.0
 40
2.5
  1
Plattform2 grå
  7
Calibri
100
AcDbText
  0
TEXT
  5
1B3EE
330
1F
100
AcDbEntity
  8
RAMME TEKST
100
AcDbText
 10
-663.0000000000002
 20
380.5
 30
0.0
 40
2.5
  1
Plattform
  7
Calibri
100
AcDbText
  0
TEXT
  5
1B3F0
330
1F
100
AcDbEntity
  8
RAMME TEKST
100
AcDbText
 10
-697.0000000000002
 20
406.5
 30
0.0
 40
1.8
  1
Skravur
  7
Calibri
100
AcDbText
  0
TEXT
  5
1B3F1
330
1F
100
AcDbEntity
  8
RAMME TEKST
100
AcDbText
 10
-663.0000000000002
 20
406.5
 30
0.0
 40
1.8
  1
Navn, beskrivelse.
  7
Calibri
100
AcDbText
  0
LINE
  5
1B3F3
330
1F
100
AcDbEntity
  8
RAMME SYMBOLER
100
AcDbLine
 10
-625.0000000000002
 20
410.0
 30
0.0
 11
-625.0000000000002
 21
365.0
 31
0.0
  0
TEXT
  5
1B3F7
330
1F
100
AcDbEntity
  8
RAMME TEKST
100
AcDbText
 10
-622.3375
 20
375.9075762978981
 30
0.0
 40
1.8
  1
Scale 10
  7
Calibri
100
AcDbText
  0
TEXT
  5
1B3F8
330
1F
100
AcDbEntity
  8
RAMME TEKST
100
AcDbText
 10
-623.0000000000002
 20
406.5
 30
0.0
 40
1.8
  1
Hatch
  7
Calibri
100
AcDbText
  0
HATCH
  5
1B3F9
330
1F
100
AcDbEntity
  8
JBT_Objekter_0.18mm
100
AcDbHatch
 10
0.0
 20
0.0
 30
0.0
210
0.0
220
0.0
230
1.0
  2
ANSI31
 70
     0
 71
     1
 91
        1
 92
        1
 93
        4
 72
     1
 10
-697.0000000000002
 20
372.0000000000001
 11
-668.0000000000002
 21
372.0000000000001
 72
     1
 10
-668.0000000000002
 20
372.0000000000001
 11
-668.0000000000002
 21
377.9999999999999
 72
     1
 10
-668.0000000000002
 20
377.9999999999999
 11
-697.0000000000002
 21
377.9999999999999
 72
     1
 10
-697.0000000000002
 20
377.9999999999999
 11
-697.0000000000002
 21
372.0000000000001
 97
        1
330
1B3FA
 75
     1
 76
     1
 52
0.0
 41
10.0
 77
     0
 78
     1
 53
45.0
 43
-389.0
 44
283.4689679053854
 45
-0.8838834764831842
 46
0.8838834764831844
 79
     0
 98
        1
 10
-912.0000000000002
 20
189.5000000000002
1001
GRADIENTCOLOR1ACI
1070
     5
1001
GRADIENTCOLOR2ACI
1070
     2
1001
ACAD
1010
0.0
1020
0.0
1030
0.0
  0
LWPOLYLINE
  5
1B3FA
102
{ACAD_REACTORS
330
1B3F9
102
}
330
1F
100
AcDbEntity
  8
JBT_Objekter_0.18mm
100
AcDbPolyline
 90
        4
 70
     1
 43
0.0
 10
-697.0000000000002
 20
372.0000000000001
 10
-668.0000000000002
 20
372.0000000000001
 10
-668.0000000000002
 20
377.9999999999999
 10
-697.0000000000002
 20
377.9999999999999
  0
HATCH
  5
1B3FB
330
1F
100
AcDbEntity
  8
JBT_Skravur grey solid
100
AcDbHatch
 10
0.0
 20
0.0
 30
0.0
210
0.0
220
0.0
230
1.0
  2
SOLID
 70
     1
 71
     1
 91
        1
 92
        1
 93
        4
 72
     1
 10
-697.0000000000002
 20
392.0000000000001
 11
-668.0000000000002
 21
392.0000000000001
 72
     1
 10
-668.0000000000002
 20
392.0000000000001
 11
-668.0000000000002
 21
397.9999999999999
 72
     1
 10
-668.0000000000002
 20
397.9999999999999
 11
-697.0000000000002
 21
397.9999999999999
 72
     1
 10
-697.0000000000002
 20
397.9999999999999
 11
-697.0000000000002
 21
392.0000000000001
 97
        1
330
1B3FC
 75
     1
 76
     1
 98
        1
 10
-912.0000000000002
 20
209.5000000000002
450
        0
451
        0
460
0.0
461
0.0
452
        0
462
1.0
453
        2
463
0.0
 63
     5
421
      255
463
1.0
 63
     2
421
 16776960
470
LINEAR
1001
GRADIENTCOLOR1ACI
1070
     5
1001
GRADIENTCOLOR2ACI
1070
     2
1001
ACAD
1010
0.0
1020
0.0
1030
0.0
  0
LWPOLYLINE
  5
1B3FC
102
{ACAD_REACTORS
330
1B3FB
102
}
330
1F
100
AcDbEntity
  8
JBT_Objekter_0.10mm
100
AcDbPolyline
 90
        4
 70
     1
 43
0.0
 10
-697.0000000000002
 20
392.0000000000001
 10
-668.0000000000002
 20
392.0000000000001
 10
-668.0000000000002
 20
397.9999999999999
 10
-697.0000000000002
 20
397.9999999999999
  0
LINE
  5
1B445
330
1F
100
AcDbEntity
  8
RAMME SYMBOLER
100
AcDbLine
 10
-665.0
 20
342.0
 30
0.0
 11
-665.0
 21
307.0
 31
0.0
  0
LINE
  5
1B446
330
1F
100
AcDbEntity
  8
RAMME SYMBOLER
100
AcDbLine
 10
-700.0
 20
342.0
 30
0.0
 11
-605.0000000000002
 21
342.0
 31
0.0
  0
TEXT
  5
1B449
330
1F
100
AcDbEntity
  8
RAMME TEKST
100
AcDbText
 10
-698.0
 20
343.0
 30
0.0
 40
2.5
  1
Tekst
  7
Calibri
100
AcDbText
  0
LINE
  5
1B44A
330
1F
100
AcDbEntity
  8
JBTKO_SPOR
100
AcDbLine
 10
-681.0
 20
323.0
 30
0.0
 11
-690.0
 21
314.0
 31
0.0
  0
LINE
  5
1B44B
330
1F
100
AcDbEntity
  8
JBTKO_SPOR
100
AcDbLine
 10
-667.4999999999999
 20
314.0
 30
0.0
 11
-697.5
 21
314.0
 31
0.0
  0
TEXT
  5
1B44C
330
1F
100
AcDbEntity
  8
JBT_Tekst_25
100
AcDbText
 10
-685.1503283553731
 20
315.0
 30
0.0
 40
2.5
  1
X
 41
0.9
  7
ISO25
100
AcDbText
  0
TEXT
  5
1B44D
330
1F
100
AcDbEntity
  8
RAMME TEKST
100
AcDbText
 10
-663.0
 20
318.2
 30
0.0
 40
1.8
  1
Vekselnummer, og annen tekst
  7
Calibri
100
AcDbText
  0
TEXT
  5
1B44E
330
1F
100
AcDbEntity
  8
JBT_Tekst_35
100
AcDbText
 10
-663.0
 20
336.4999999999999
 30
0.0
 40
3.5
  1
Tekst 3.5mm
 41
0.9
  7
ISO35
100
AcDbText
  0
TEXT
  5
1B44F
330
1F
100
AcDbEntity
  8
JBT_Tekst_25
100
AcDbText
 10
-663.0
 20
322.5
 30
0.0
 40
2.5
  1
Tekst 2.5mm
 41
0.9
  7
ISO25
100
AcDbText
  0
LINE
  5
1B450
330
1F
100
AcDbEntity
  8
JBTKO_SPOR
100
AcDbLine
 10
-697.5
 20
333.9999999999999
 30
0.0
 11
-667.4999999999999
 21
333.9999999999999
 31
0.0
  0
TEXT
  5
1B451
330
1F
100
AcDbEntity
  8
JBT_Tekst_35
100
AcDbText
 10
-687.9466933483086
 20
334.9999999999999
 30
0.0
 40
3.5
  1
X
 41
0.9
  7
ISO35
100
AcDbText
  0
LINE
  5
1B452
330
1F
100
AcDbEntity
  8
RAMME SYMBOLER
100
AcDbLine
 10
-700.0
 20
327.0
 30
0.0
 11
-605.0000000000002
 21
327.0
 31
0.0
  0
LINE
  5
1B466
330
1F
100
AcDbEntity
  8
RAMME SYMBOLER
100
AcDbLine
 10
-605.0000000000002
 20
342.0000000000001
 30
0.0
 11
-605.0000000000002
 21
307.0000000000001
 31
0.0
  0
TEXT
  5
1B5CE
330
1F
100
AcDbEntity
  8
RAMME TEKST
100
AcDbText
 10
-663.1016643929058
 20
332.8693042291951
 30
0.0
 40
1.8
  1
Stasjoner og holdeplasser. spornummer
  7
Calibri
100
AcDbText
  0
TEXT
  5
1B5CF
330
1F
100
AcDbEntity
  8
RAMME TEKST
100
AcDbText
 10
-663.1672919508869
 20
420.4573669849931
 30
0.0
 40
2.5
  1
Gjerde/støyskjerm
  7
Calibri
100
AcDbText
  0
TEXT
  5
1B5D0
330
1F
100
AcDbEntity
  8
RAMME TEKST
100
AcDbText
 10
-663.0000000000002
 20
416.0
 30
0.0
 40
2.5
  1
Autovern
  7
Calibri
100
AcDbText
  0
TEXT
  5
1B5D2
330
1F
100
AcDbEntity
  8
RAMME TEKST
100
AcDbText
 10
-663.0
 20
537.1926330150067
 30
0.0
 40
1.8
  1
Avstand mellom to spor skal være 9 mm.
  7
Calibri
100
AcDbText
  0
TEXT
  5
1B5D3
330
1F
100
AcDbEntity
  8
RAMME TEKST
100
AcDbText
 10
-663.1016643929058
 20
532.2087201882673
 30
0.0
 40
1.8
  1
Spor angis som rette streker.
  7
Calibri
100
AcDbText
  0
TEXT
  5
1B5D4
330
1F
100
AcDbEntity
  8
RAMME TEKST
100
AcDbText
 10
-663.1016643929058
 20
522.169304229195
 30
0.0
 40
1.8
  1
Skjulte objekter eller spor
  7
Calibri
100
AcDbText
  0
INSERT
  5
1B658
330
1F
100
AcDbEntity
  8
JBT_Objekter_0.50mm
100
AcDbBlockReference
  2
KU_Bru
 10
-686.9999999999999
 20
119.7762187151207
 30
0.0
  0
LINE
  5
1B659
330
1F
100
AcDbEntity
  8
JBT_Objekter_0.18mm
100
AcDbLine
 10
-646.9999999970674
 20
45.00000000000002
 30
0.0
 11
-649.7927288542196
 21
45.00000000000002
 31
0.0
  0
LINE
  5
1B65A
330
1F
100
AcDbEntity
  8
JBT_Objekter_0.18mm
100
AcDbLine
 10
-646.9999999979509
 20
43.00000000000003
 30
0.0
 11
-649.7927288552943
 21
43.00000000000003
 31
0.0
  0
INSERT
  5
1B6C6
330
1F
100
AcDbEntity
  8
JBT_Objekter_0.18mm
100
AcDbBlockReference
  2
KU_Bru vei
 10
-644.9999999999995
 20
185.000000002134
 30
0.0
  0
INSERT
  5
1B6C7
330
1F
100
AcDbEntity
  8
JBT_Objekter_0.18mm
100
AcDbBlockReference
  2
KU_Bru vei
 10
-682.4999999999995
 20
187.0000000021341
 30
0.0
  0
TEXT
  5
1B6C8
330
1F
100
AcDbEntity
  8
RAMME TEKST
100
AcDbText
 10
-696.9999999999997
 20
97.00000000000002
 30
0.0
 40
1.8
  1
KU_Bru
  7
Calibri
100
AcDbText
  0
TEXT
  5
1B6C9
330
1F
100
AcDbEntity
  8
RAMME TEKST
100
AcDbText
 10
-696.9999999999997
 20
167.0
 30
0.0
 40
1.8
  1
KU_Bru vei
  7
Calibri
100
AcDbText
  0
INSERT
  5
1B6CA
102
{ACAD_XDICTIONARY
360
1B6D2
102
}
330
1F
100
AcDbEntity
  8
JBT_Objekter_0.50mm
100
AcDbBlockReference
  2
*U44
 10
-644.9999999999995
 20
111.8448859730677
 30
0.0
  0
INSERT
  5
1B6F2
102
{ACAD_XDICTIONARY
360
1B6FA
102
}
330
1F
100
AcDbEntity
  8
JBT_Objekter_0.50mm
100
AcDbBlockReference
  2
*U45
 10
-645.2500000006937
 20
141.0000000000208
 30
0.0
 50
90.0
  0
INSERT
  5
1B712
330
1F
100
AcDbEntity
  8
JBT_Objekter_0.18mm
100
AcDbBlockReference
  2
KU_Bru vei
 10
-644.9999999986884
 20
150.0000000002287
 30
0.0
  0
TEXT
  5
1B745
330
1F
100
AcDbEntity
  8
RAMME TEKST
100
AcDbText
 10
-572.9999999999995
 20
195.5
 30
0.0
 40
2.5
  1
Lengde
  7
Calibri
100
AcDbText
  0
TEXT
  5
1B746
330
1F
100
AcDbEntity
  8
RAMME TEKST
100
AcDbText
 10
-696.9999999999997
 20
202.0
 30
0.0
 40
1.8
  1
KU_TNL
  7
Calibri
100
AcDbText
  0
INSERT
  5
1B79E
330
1F
100
AcDbEntity
  8
JBT_Objekter_0.18mm
100
AcDbBlockReference
  2
KU_TUN
 10
-679.4361669483732
 20
217.6081963419989
 30
0.0
  0
INSERT
  5
1B79F
102
{ACAD_XDICTIONARY
360
1B7A8
102
}
330
1F
100
AcDbEntity
  8
JBT_Objekter_0.18mm
100
AcDbBlockReference
  2
*U47
 10
-644.5
 20
215.0
 30
0.0
  0
INSERT
  5
1B7F3
330
1F
100
AcDbEntity
  8
JBT_Objekter_0.18mm
100
AcDbBlockReference
  2
KO_PLO
 10
-682.4999999999999
 20
244.0551590957261
 30
0.0
  0
TEXT
  5
1B7F4
330
1F
100
AcDbEntity
  8
RAMME TEKST
100
AcDbText
 10
-696.9999999999997
 20
227.0
 30
0.0
 40
1.8
  1
KU_PLO
  7
Calibri
100
AcDbText
  0
LINE
  5
1B8DF
330
1F
100
AcDbEntity
  8
RAMME SYMBOLER
100
AcDbLine
 10
-489.9999999999995
 20
40.0
 30
0.0
 11
-299.9999999999996
 21
40.0
 31
0.0
  0
INSERT
  5
1B8E0
330
1F
100
AcDbEntity
  8
JBT_Objekter_0.25mm
100
AcDbBlockReference
  2
KU_Svingskive
 10
-472.4999999999996
 20
52.75
 30
0.0
  0
LINE
  5
1B8E1
330
1F
100
AcDbEntity
  8
JBTKO_SPOR
100
AcDbLine
 10
-451.6116038929422
 20
52.75
 30
0.0
 11
-439.4999999999998
 21
52.75
 31
0.0
  0
LINE
  5
1B8E2
330
1F
100
AcDbEntity
  8
JBTKO_SPOR
100
AcDbLine
 10
-430.4999999999998
 20
52.75
 30
0.0
 11
-424.9999999999998
 21
52.75
 31
0.0
  0
TEXT
  5
1B8E3
330
1F
100
AcDbEntity
  8
RAMME TEKST
100
AcDbText
 10
-412.9999999999999
 20
59.5
 30
0.0
 40
2.5
  1
Svingskive
  7
Calibri
100
AcDbText
  0
TEXT
  5
1B8E4
330
1F
100
AcDbEntity
  8
RAMME TEKST
100
AcDbText
 10
-412.9999999999999
 20
41.5
 30
0.0
 40
1.8
  1
Vist med tilhørende spor
  7
Calibri
100
AcDbText
  0
TEXT
  5
1B8E6
330
1F
100
AcDbEntity
  8
RAMME TEKST
100
AcDbText
 10
-486.9999999999993
 20
42.00160000000005
 30
0.0
 40
1.8
  1
KU_Svingskive
  7
Calibri
100
AcDbText
  0
INSERT
  5
1B8E7
330
1F
100
AcDbEntity
  8
JBT_Objekter_0.25mm
100
AcDbBlockReference
  2
KU_Svingskive
 10
-434.9999999999998
 20
52.75
 30
0.0
 50
15.0
  0
TEXT
  5
1B8E8
330
1F
100
AcDbEntity
  8
RAMME TEKST
100
AcDbText
 10
-412.9999999999999
 20
55.5
 30
0.0
 40
1.8
  1
Sirkel diameter 9mm (KU-SVS)
  7
Calibri
100
AcDbText
  0
LINE
  5
1B8E9
330
1F
100
AcDbEntity
  8
JBTKO_SPOR
100
AcDbLine
 10
-431.1028856829699
 20
55.0
 30
0.0
 11
-426.3397459621555
 21
57.75
 31
0.0
  0
LINE
  5
1B8EA
330
1F
100
AcDbEntity
  8
JBTKO_SPOR
100
AcDbLine
 10
-432.7499999999998
 20
56.64711431702994
 30
0.0
 11
-429.9999999999998
 21
61.41025403784436
 31
0.0
  0
LINE
  5
1B8EB
330
1F
100
AcDbEntity
  8
JBTKO_SPOR
100
AcDbLine
 10
-431.1028856829699
 20
50.5
 30
0.0
 11
-426.3397459621555
 21
47.75
 31
0.0
  0
LINE
  5
1B8F6
330
1F
100
AcDbEntity
  8
RAMME SYMBOLER
100
AcDbLine
 10
-489.9999999999997
 20
20.0
 30
0.0
 11
-299.9999999999997
 21
20.0
 31
0.0
  0
INSERT
  5
1B8F7
330
1F
100
AcDbEntity
  8
JBT_Objekter_0.18mm
100
AcDbBlockReference
  2
Plattform
 10
-486.9999999999997
 20
27.00000000000012
 30
0.0
  0
INSERT
  5
1B8F8
102
{ACAD_XDICTIONARY
360
1B8F9
102
}
330
1F
100
AcDbEntity
  8
JBT_Objekter_0.10mm
100
AcDbBlockReference
  2
*U38
 10
-486.9999999999999
 20
7.000000000000113
 30
0.0
  0
TEXT
  5
1B900
330
1F
100
AcDbEntity
  8
RAMME TEKST
100
AcDbText
 10
-486.9999999999994
 20
2.000000000000028
 30
0.0
 40
1.8
  1
Plattform2
  7
Calibri
100
AcDbText
  0
TEXT
  5
1B901
330
1F
100
AcDbEntity
  8
RAMME TEKST
100
AcDbText
 10
-486.999999999999
 20
22.00000000000003
 30
0.0
 40
1.8
  1
Plattform
  7
Calibri
100
AcDbText
  0
TEXT
  5
1B902
330
1F
100
AcDbEntity
  8
RAMME TEKST
100
AcDbText
 10
-362.9999999999995
 20
15.49999999999994
 30
0.0
 40
2.5
  1
Lengde
  7
Calibri
100
AcDbText
  0
TEXT
  5
1B903
330
1F
100
AcDbEntity
  8
RAMME TEKST
100
AcDbText
 10
-362.9999999999995
 20
35.49999999999994
 30
0.0
 40
2.5
  1
Lengde
  7
Calibri
100
AcDbText
  0
TEXT
  5
1B904
330
1F
100
AcDbEntity
  8
RAMME TEKST
100
AcDbText
 10
-413.0
 20
15.5
 30
0.0
 40
2.5
  1
Plattform2
  7
Calibri
100
AcDbText
  0
TEXT
  5
1B905
330
1F
100
AcDbEntity
  8
RAMME TEKST
100
AcDbText
 10
-412.9999999999999
 20
35.5
 30
0.0
 40
2.5
  1
Plattform
  7
Calibri
100
AcDbText
  0
TEXT
  5
1B93E
330
1F
100
AcDbEntity
  8
RAMME TEKST
100
AcDbText
 10
-412.9999999999999
 20
21.5
 30
0.0
 40
1.8
  1
Skravur som vist ark 1
  7
Calibri
100
AcDbText
  0
TEXT
  5
1B93F
330
1F
100
AcDbEntity
  8
RAMME TEKST
100
AcDbText
 10
-412.9999999999999
 20
1.5
 30
0.0
 40
1.8
  1
Skravur som vist ark 1
  7
Calibri
100
AcDbText
  0
LINE
  5
1B9B2
330
1F
100
AcDbEntity
  8
JBTKO_SPOR_Hovedpor
100
AcDbLine
 10
328.4839790572764
 20
192.3999409414277
 30
0.0
 11
61.48397905727643
 21
192.3999409414277
 31
0.0
  0
LINE
  5
1B9B3
330
1F
100
AcDbEntity
  8
JBTKO_SPOR
100
AcDbLine
 10
93.44006181198935
 20
192.3999409414277
 30
0.0
 11
102.4400618119893
 21
183.3999409414279
 31
0.0
  0
LINE
  5
1B9B5
330
1F
100
AcDbEntity
  8
JBTKO_SPOR
100
AcDbLine
 10
102.4400618119893
 20
183.3999409414279
 30
0.0
 11
297.1051691509379
 21
183.3999409414277
 31
0.0
  0
LINE
  5
1B9B6
330
1F
100
AcDbEntity
  8
JBTKO_SPOR
100
AcDbLine
 10
297.1051691509379
 20
183.3999409414277
 30
0.0
 11
306.1051691509379
 21
192.3999409414277
 31
0.0
  0
LINE
  5
1B9B7
330
1F
100
AcDbEntity
  8
JBTKO_SPOR
100
AcDbLine
 10
241.0983585395883
 20
192.3999409414277
 30
0.0
 11
223.0728988507567
 21
174.3999409414277
 31
0.0
  0
LINE
  5
1B9B8
330
1F
100
AcDbEntity
  8
JBTKO_SPOR
100
AcDbLine
 10
271.5509128232701
 20
165.3999409414277
 30
0.0
 11
251.1891871235581
 21
165.3999409414277
 31
0.0
  0
LINE
  5
1B9B9
330
1F
100
AcDbEntity
  8
JBTKO_SPOR
100
AcDbLine
 10
251.1891871235581
 20
165.3999409414277
 30
0.0
 11
242.1891871235726
 21
174.3999409414277
 31
0.0
  0
LINE
  5
1B9BA
330
1F
100
AcDbEntity
  8
JBTKO_SPOR
100
AcDbLine
 10
277.7803945072169
 20
183.3999409414277
 30
0.0
 11
268.767664662801
 21
174.3999409414277
 31
0.0
  0
LINE
  5
1B9BB
330
1F
100
AcDbEntity
  8
JBTKO_SPOR
100
AcDbLine
 10
268.767664662801
 20
174.3999409414277
 30
0.0
 11
128.1279865867204
 21
174.3999409414277
 31
0.0
  0
LINE
  5
1B9BC
330
1F
100
AcDbEntity
  8
JBTKO_SPOR
100
AcDbLine
 10
128.1279865867204
 20
174.3999409414277
 30
0.0
 11
119.1506442131599
 21
183.3772833150028
 31
0.0
  0
LINE
  5
1B9BD
330
1F
100
AcDbEntity
  8
JBTKO_SPOR
100
AcDbLine
 10
73.8523213975113
 20
156.3999409414277
 30
0.0
 11
137.474822730277
 21
156.3999409414277
 31
0.0
  0
LINE
  5
1B9BE
330
1F
100
AcDbEntity
  8
JBTKO_SPOR
100
AcDbLine
 10
137.474822730277
 20
156.3999409414277
 30
0.0
 11
155.4748227302916
 21
174.3999409414277
 31
0.0
  0
LINE
  5
1B9C0
330
1F
100
AcDbEntity
  8
RAMME SYMBOLER
100
AcDbLine
 10
51.5
 20
277.0
 30
0.0
 11
51.5
 21
285.0
 31
0.0
  0
LINE
  5
1B9C1
330
1F
100
AcDbEntity
  8
RAMME SYMBOLER
100
AcDbLine
 10
338.5
 20
277.0
 30
0.0
 11
338.5
 21
285.0
 31
0.0
  0
INSERT
  5
1B9C2
330
1F
100
AcDbEntity
  8
JBTKO_SPOR
100
AcDbBlockReference
  2
KO_Buttspor
 10
73.85232139751133
 20
156.3999409414277
 30
0.0
  0
INSERT
  5
1B9C3
330
1F
100
AcDbEntity
  8
JBT_Objekter_0.25mm
100
AcDbBlockReference
  2
Stasjonsbygg
 10
187.1230320685726
 20
201.8999409414278
 30
0.0
  0
INSERT
  5
1B9C4
330
1F
100
AcDbEntity
  8
JBT_Objekter_0.18mm
100
AcDbBlockReference
 66
     1
  2
Km tekst linje
 10
89.17606181198946
 20
241.0
 30
0.0
  0
ATTRIB
  5
1B9C5
330
1B9C4
100
AcDbEntity
  8
JBT_Tekst_25
100
AcDbText
 10
88.42606181198947
 20
226.47625
 30
0.0
 40
2.5
  1
Km xxx.xxx
 50
90.0
 41
0.9
  7
ISO25
 72
     2
 11
88.42606181198947
 21
241.0
 31
0.0
100
AcDbAttribute
280
     0
  2
KM
 70
     0
280
     1
  0
ATTRIB
  5
1B9C6
330
1B9C4
100
AcDbEntity
  8
JBT_Tekst_25
100
AcDbText
 10
88.42606181198947
 20
243.0
 30
0.0
 40
2.5
  1

 50
90.0
 41
0.9
  7
ISO25
100
AcDbAttribute
280
     0
  2
Tekst
 70
     0
280
     1
  0
ATTRIB
  5
1B9C7
330
1B9C4
100
AcDbEntity
  8
JBT_Tekst_25
100
AcDbText
 10
92.42606181198947
 20
241.0
 30
0.0
 40
2.5
  1

 50
90.0
 41
0.9
  7
ISO25
 72
     2
 11
92.42606181198947
 21
241.0
 31
0.0
100
AcDbAttribute
280
     0
  2
Tekst2
 70
     0
280
     1
  0
SEQEND
  5
1B9C8
330
1B9C4
100
AcDbEntity
  8
JBT_Objekter_0.18mm
  0
INSERT
  5
1B9C9
330
1F
100
AcDbEntity
  8
JBT_Objekter_0.35mm
100
AcDbBlockReference
 66
     1
  2
KO_Sporpunkt
 10
89.17606181198948
 20
192.3999409414277
 30
0.0
  0
ATTRIB
  5
1B9CA
330
1B9C9
100
AcDbEntity
  8
0
 62
     2
100
AcDbText
 10
87.37606181198948
 20
195.3999409414277
 30
0.0
 40
2.5
  1
SS
 41
0.9
  7
ISO25
 72
     1
 11
89.17606181198948
 21
195.3999409414277
 31
0.0
100
AcDbAttribute
280
     0
  2
SPORGEOM
 70
     0
280
     1
  0
SEQEND
  5
1B9CB
330
1B9C9
100
AcDbEntity
  8
JBT_Objekter_0.35mm
  0
INSERT
  5
1B9CC
330
1F
100
AcDbEntity
  8
JBT_Objekter_0.35mm
100
AcDbBlockReference
  2
KO_SPV_Dobbelkryssveksel_0
 10
232.0856286951724
 20
183.3999409414277
 30
0.0
  0
TEXT
  5
1B9CD
330
1F
100
AcDbEntity
  8
JBT_Tekst_25
100
AcDbText
 10
284.7889185246696
 20
197.3999409414277
 30
0.0
 40
2.5
  1
PLO
 41
0.9
  7
ISO25
 72
     1
 11
287.3764185246696
 21
197.3999409414277
 31
0.0
100
AcDbText
  0
INSERT
  5
1B9CE
102
{ACAD_XDICTIONARY
360
1B9CF
102
}
330
1F
100
AcDbEntity
  8
JBT_Objekter_0.18mm
100
AcDbBlockReference
  2
*U53
 10
287.3764185246691
 20
192.3999409414277
 30
0.0
  0
TEXT
  5
1BA0A
330
1F
100
AcDbEntity
  8
JBT_Tekst_35
100
AcDbText
 10
193.8278565679654
 20
175.3999409414277
 30
0.0
 40
3.5
  1
3
 41
0.9
  7
ISO35
100
AcDbText
  0
TEXT
  5
1BA0B
330
1F
100
AcDbEntity
  8
JBT_Tekst_35
100
AcDbText
 10
193.8278565679654
 20
184.3999409414277
 30
0.0
 40
3.5
  1
2
 41
0.9
  7
ISO35
100
AcDbText
  0
TEXT
  5
1BA0C
330
1F
100
AcDbEntity
  8
JBT_Tekst_35
100
AcDbText
 10
193.8278565679654
 20
193.3999409414277
 30
0.0
 40
3.5
  1
1
 41
0.9
  7
ISO35
100
AcDbText
  0
TEXT
  5
1BA0D
330
1F
100
AcDbEntity
  8
JBT_Tekst_35
100
AcDbText
 10
127.41566410588
 20
157.3999409414277
 30
0.0
 40
3.5
  1
6
 41
0.9
  7
ISO35
100
AcDbText
  0
TEXT
  5
1BA0E
330
1F
100
AcDbEntity
  8
JBT_Tekst_35
100
AcDbText
 10
261.491754198873
 20
166.3999409414277
 30
0.0
 40
3.5
  1
5
 41
0.9
  7
ISO35
100
AcDbText
  0
TEXT
  5
1BA0F
330
1F
100
AcDbEntity
  8
JBT_Tekst_25
100
AcDbText
 10
227.9225704953835
 20
175.3999409414277
 30
0.0
 40
2.5
  1
11a
 41
0.9
  7
ISO25
100
AcDbText
  0
TEXT
  5
1BA10
330
1F
100
AcDbEntity
  8
JBT_Tekst_25
100
AcDbText
 10
236.9353003397994
 20
184.3999409414277
 30
0.0
 40
2.5
  1
14a
 41
0.9
  7
ISO25
100
AcDbText
  0
TEXT
  5
1BA11
330
1F
100
AcDbEntity
  8
JBT_Tekst_25
100
AcDbText
 10
231.1289258744923
 20
188.8999409414277
 30
0.0
 40
2.5
  1
14b
 41
0.9
  7
ISO25
100
AcDbText
  0
TEXT
  5
1BA12
330
1F
100
AcDbEntity
  8
JBT_Tekst_25
100
AcDbText
 10
222.1161960300765
 20
179.8999409414277
 30
0.0
 40
2.5
  1
11b
 41
0.9
  7
ISO25
100
AcDbText
  0
TEXT
  5
1BA13
330
1F
100
AcDbEntity
  8
RAMME TEKST
100
AcDbText
 10
299.9975792551472
 20
188.8999409414277
 30
0.0
 40
2.5
  1
2
 41
0.9
  7
Isocp
100
AcDbText
  0
TEXT
  5
1BA14
330
1F
100
AcDbEntity
  8
JBT_Tekst_25
100
AcDbText
 10
271.6728046114263
 20
179.8999409414277
 30
0.0
 40
2.5
  1
4
 41
0.9
  7
ISO25
100
AcDbText
  0
TEXT
  5
1BA1D
330
1F
100
AcDbEntity
  8
JBT_Tekst_25
100
AcDbText
 10
123.9246552228073
 20
179.8999409414277
 30
0.0
 40
2.5
  1
3
 41
0.9
  7
ISO25
100
AcDbText
  0
TEXT
  5
1BA1E
330
1F
100
AcDbEntity
  8
JBT_Tekst_25
100
AcDbText
 10
98.21407282163683
 20
188.9225985678526
 30
0.0
 40
2.5
  1
1
 41
0.9
  7
ISO25
100
AcDbText
  0
TEXT
  5
1BA1F
330
1F
100
AcDbEntity
  8
JBT_Tekst_25
100
AcDbText
 10
78.70199304213816
 20
158.3999409414277
 30
0.0
 40
2.5
  1
Navn på eier sidespor
 41
0.9
  7
ISO25
100
AcDbText
  0
TEXT
  5
1BA20
330
1F
100
AcDbEntity
  8
JBT_Tekst_25
100
AcDbText
 10
61.48397905727643
 20
194.3999409414277
 30
0.0
 40
2.5
  1
Fra Stasjon
 41
0.9
  7
ISO25
100
AcDbText
  0
TEXT
  5
1BA21
330
1F
100
AcDbEntity
  8
JBT_Tekst_25
100
AcDbText
 10
313.6606702696095
 20
194.3999409414277
 30
0.0
 40
2.5
  1
Til Stasjon
 41
0.9
  7
ISO25
100
AcDbText
  0
INSERT
  5
1BA22
330
1F
100
AcDbEntity
  8
JBTKO_SPOR
100
AcDbBlockReference
  2
KO_Buttspor
 10
271.5509128232701
 20
165.3999409414277
 30
0.0
  0
INSERT
  5
1BA23
330
1F
100
AcDbEntity
  8
JBT_Objekter_0.18mm
100
AcDbBlockReference
 66
     1
  2
Km tekst linje
 10
310.3691691509973
 20
241.0
 30
0.0
  0
ATTRIB
  5
1BA24
330
1BA23
100
AcDbEntity
  8
JBT_Tekst_25
100
AcDbText
 10
309.6191691509973
 20
226.47625
 30
0.0
 40
2.5
  1
Km xxx.xxx
 50
90.0
 41
0.9
  7
ISO25
 72
     2
 11
309.6191691509973
 21
241.0
 31
0.0
100
AcDbAttribute
280
     0
  2
KM
 70
     0
280
     1
  0
ATTRIB
  5
1BA25
330
1BA23
100
AcDbEntity
  8
JBT_Tekst_25
100
AcDbText
 10
309.6191691509973
 20
243.0
 30
0.0
 40
2.5
  1

 50
90.0
 41
0.9
  7
ISO25
100
AcDbAttribute
280
     0
  2
Tekst
 70
     0
280
     1
  0
ATTRIB
  5
1BA26
330
1BA23
100
AcDbEntity
  8
JBT_Tekst_25
100
AcDbText
 10
313.6191691509973
 20
241.0
 30
0.0
 40
2.5
  1

 50
90.0
 41
0.9
  7
ISO25
 72
     2
 11
313.6191691509973
 21
241.0
 31
0.0
100
AcDbAttribute
280
     0
  2
Tekst2
 70
     0
280
     1
  0
SEQEND
  5
1BA27
330
1BA23
100
AcDbEntity
  8
JBT_Objekter_0.18mm
  0
INSERT
  5
1BA28
330
1F
100
AcDbEntity
  8
JBT_Objekter_0.35mm
100
AcDbBlockReference
 66
     1
  2
KO_Sporpunkt
 10
310.3691691509973
 20
192.3999409414277
 30
0.0
  0
ATTRIB
  5
1BA29
330
1BA28
100
AcDbEntity
  8
0
 62
     2
100
AcDbText
 10
308.5691691509973
 20
195.3999409414277
 30
0.0
 40
2.5
  1
SS
 41
0.9
  7
ISO25
 72
     1
 11
310.3691691509973
 21
195.3999409414277
 31
0.0
100
AcDbAttribute
280
     0
  2
SPORGEOM
 70
     0
280
     1
  0
SEQEND
  5
1BA2A
330
1BA28
100
AcDbEntity
  8
JBT_Objekter_0.35mm
  0
TEXT
  5
1BA2B
330
1F
100
AcDbEntity
  8
JBT_Tekst_35
100
AcDbText
 10
182.8725
 20
266.9999999999999
 30
0.0
 40
3.5
  1
PRINSIPP ST.
 41
0.9
  7
ISO35
 72
     1
 11
195.0
 21
266.9999999999999
 31
0.0
100
AcDbText
  0
TEXT
  5
1BA2C
330
1F
100
AcDbEntity
  8
JBT_Tekst_25
100
AcDbText
 10
187.569375
 20
262.0
 30
0.0
 40
2.5
  1
Km xxx.xxx
 41
0.9
  7
ISO25
 72
     1
 11
195.0
 21
262.0
 31
0.0
100
AcDbText
  0
TEXT
  5
1BA2D
330
1F
100
AcDbEntity
  8
JBT_Tekst_25
100
AcDbText
 10
246.9631981332201
 20
170.9225985678527
 30
0.0
 40
2.5
  1
5
 41
0.9
  7
ISO25
100
AcDbText
  0
TEXT
  5
1BA2E
330
1F
100
AcDbEntity
  8
JBT_Tekst_25
100
AcDbText
 10
147.3885513649038
 20
170.8999409414277
 30
0.0
 40
2.5
  1
6
 41
0.9
  7
ISO25
100
AcDbText
  0
INSERT
  5
1BC74
102
{ACAD_XDICTIONARY
360
1BC75
102
}
330
1F
100
AcDbEntity
  8
1 MERKNADER
100
AcDbBlockReference
  2
*U54
 10
140.2171005860823
 20
193.899940941428
 30
0.0
  0
INSERT
  5
1BC7C
102
{ACAD_XDICTIONARY
360
1BC7D
102
}
330
1F
100
AcDbEntity
  8
1 MERKNADER
100
AcDbBlockReference
  2
*U54
 10
140.2171005860823
 20
184.899940941428
 30
0.0
  0
LINE
  5
1BE6E
330
1F
100
AcDbEntity
  8
RAMME SYMBOLER
100
AcDbLine
 10
-534.0000000000001
 20
342.0
 30
0.0
 11
-534.0000000000001
 21
307.0
 31
0.0
  0
LINE
  5
1BE6F
330
1F
100
AcDbEntity
  8
RAMME SYMBOLER
100
AcDbLine
 10
-544.0000000000001
 20
342.0
 30
0.0
 11
-544.0000000000001
 21
307.0
 31
0.0
  0
LINE
  5
1BE70
330
1F
100
AcDbEntity
  8
RAMME SYMBOLER
100
AcDbLine
 10
-560.0000000000002
 20
342.0
 30
0.0
 11
-560.0000000000002
 21
307.0
 31
0.0
  0
LINE
  5
1BE71
330
1F
100
AcDbEntity
  8
RAMME SYMBOLER
100
AcDbLine
 10
-605.0000000000002
 20
342.0
 30
0.0
 11
-510.0000000000001
 21
342.0
 31
0.0
  0
LINE
  5
1BE72
330
1F
100
AcDbEntity
  8
RAMME SYMBOLER
100
AcDbLine
 10
-605.0000000000002
 20
342.0
 30
0.0
 11
-510.0000000000001
 21
342.0
 31
0.0
  0
TEXT
  5
1BE73
330
1F
100
AcDbEntity
  8
RAMME TEKST
100
AcDbText
 10
-603.3375000000002
 20
337.9075762978981
 30
0.0
 40
1.8
  1
JBT_Tekst_35
  7
Calibri
100
AcDbText
  0
TEXT
  5
1BE74
330
1F
100
AcDbEntity
  8
RAMME TEKST
100
AcDbText
 10
-558.3806952704777
 20
337.9075762978981
 30
0.0
 40
1.8
  1
Continuous
  7
Calibri
100
AcDbText
  0
LINE
  5
1BE75
330
1F
100
AcDbEntity
  8
RAMME SYMBOLER
100
AcDbLine
 10
-605.0000000000002
 20
336.0
 30
0.0
 11
-510.0000000000001
 21
336.0
 31
0.0
  0
TEXT
  5
1BE76
330
1F
100
AcDbEntity
  8
RAMME TEKST
100
AcDbText
 10
-532.2758474625019
 20
337.9249622099639
 30
0.0
 40
1.8
  1
white/black
  7
Calibri
100
AcDbText
  0
TEXT
  5
1BE77
330
1F
100
AcDbEntity
  8
RAMME TEKST
100
AcDbText
 10
-542.3789236169344
 20
337.9249622099639
 30
0.0
 40
1.8
  1
0.35
  7
Calibri
100
AcDbText
  0
LINE
  5
1BE78
330
1F
100
AcDbEntity
  8
RAMME SYMBOLER
100
AcDbLine
 10
-605.0000000000002
 20
327.0
 30
0.0
 11
-510.0000000000001
 21
327.0
 31
0.0
  0
LINE
  5
1BE79
330
1F
100
AcDbEntity
  8
RAMME SYMBOLER
100
AcDbLine
 10
-605.0000000000002
 20
327.0
 30
0.0
 11
-510.0000000000001
 21
327.0
 31
0.0
  0
TEXT
  5
1BE7A
330
1F
100
AcDbEntity
  8
RAMME TEKST
100
AcDbText
 10
-603.3375000000002
 20
322.9075762978981
 30
0.0
 40
1.8
  1
JBT_Tekst_25
  7
Calibri
100
AcDbText
  0
TEXT
  5
1BE7B
330
1F
100
AcDbEntity
  8
RAMME TEKST
100
AcDbText
 10
-558.3806952704777
 20
322.9075762978981
 30
0.0
 40
1.8
  1
Continuous
  7
Calibri
100
AcDbText
  0
LINE
  5
1BE7C
330
1F
100
AcDbEntity
  8
RAMME SYMBOLER
100
AcDbLine
 10
-605.0000000000002
 20
321.0
 30
0.0
 11
-510.0000000000001
 21
321.0
 31
0.0
  0
TEXT
  5
1BE7D
330
1F
100
AcDbEntity
  8
RAMME TEKST
100
AcDbText
 10
-532.2758474625019
 20
322.9249622099638
 30
0.0
 40
1.8
  1
yellow
  7
Calibri
100
AcDbText
  0
TEXT
  5
1BE7E
330
1F
100
AcDbEntity
  8
RAMME TEKST
100
AcDbText
 10
-542.3789236169344
 20
322.9249622099638
 30
0.0
 40
1.8
  1
0.25
  7
Calibri
100
AcDbText
  0
TEXT
  5
1BE81
330
1F
100
AcDbEntity
  8
RAMME TEKST
100
AcDbText
 10
-602.6730307277123
 20
331.5
 30
0.0
 40
1.8
  1
ISO35, Font ISOCP.SHX
  7
Calibri
100
AcDbText
  0
TEXT
  5
1BE82
330
1F
100
AcDbEntity
  8
RAMME TEKST
100
AcDbText
 10
-602.6730307277123
 20
328.5
 30
0.0
 40
1.8
  1
With factor 0.90
  7
Calibri
100
AcDbText
  0
TEXT
  5
1BE83
330
1F
100
AcDbEntity
  8
RAMME TEKST
100
AcDbText
 10
-602.6730307277123
 20
316.5
 30
0.0
 40
1.8
  1
ISO25, Font ISOCP.SHX
  7
Calibri
100
AcDbText
  0
TEXT
  5
1BE84
330
1F
100
AcDbEntity
  8
RAMME TEKST
100
AcDbText
 10
-602.6730307277123
 20
313.5
 30
0.0
 40
1.8
  1
With factor 0.90
  7
Calibri
100
AcDbText
  0
TEXT
  5
1BE8A
330
1F
100
AcDbEntity
  8
RAMME TEKST
100
AcDbText
 10
53.39588504297944
 20
281.9302201329372
 30
0.0
 40
3.5
  1
A4
  7
Calibri
100
AcDbText
  0
TEXT
  5
1BE96
330
1F
100
AcDbEntity
  8
RAMME TEKST
100
AcDbText
 10
0.7700254812744998
 20
300.1122510111457
 30
0.0
 40
10.0
  1
A3 Mal/prototype Skjematisk sporplan
  7
Calibri
100
AcDbText
  0
TEXT
  5
1BE97
330
1F
100
AcDbEntity
  8
RAMME TEKST
100
AcDbText
 10
289.1424363326257
 20
29.03596275539502
 30
0.0
 40
10.0
  1
Tittelfelt
  7
Calibri
100
AcDbText
  0
TEXT
  5
1BE9B
330
1F
100
AcDbEntity
  8
RAMME TEKST
100
AcDbText
 10
-413.2143384615384
 20
204.3680307692307
 30
0.0
 40
1.8
  1
Bygg tegnes med rektangel 18x10mm
  7
Calibri
100
AcDbText
  0
TEXT
  5
1BE9C
330
1F
100
AcDbEntity
  8
RAMME TEKST
100
AcDbText
 10
-413.1158923076922
 20
201.2295692307691
 30
0.0
 40
1.8
  1
eller med geografisk form.
  7
Calibri
100
AcDbText
  0
TEXT
  5
1BE9D
330
1F
100
AcDbEntity
  8
RAMME TEKST
100
AcDbText
 10
-413.0884769230768
 20
198.1007999999999
 30
0.0
 40
1.8
  1
Stasjon indikeres med tekst: St.
  7
Calibri
100
AcDbText
  0
TEXT
  5
1BE9F
330
1F
100
AcDbEntity
  8
RAMME TEKST
100
AcDbText
 10
-413.3028153846155
 20
241.0292307692307
 30
0.0
 40
1.8
  1
Bygg direkte relatert/knyttet til
  7
Calibri
100
AcDbText
  0
TEXT
  5
1BEA0
330
1F
100
AcDbEntity
  8
RAMME TEKST
100
AcDbText
 10
-413.1894153846156
 20
237.7938461538461
 30
0.0
 40
1.8
  1
spor/jernbanedrift. Bygningens funksjon
  7
Calibri
100
AcDbText
  0
TEXT
  5
1BEA1
330
1F
100
AcDbEntity
  8
RAMME TEKST
100
AcDbText
 10
-413.2791384615386
 20
234.6650769230769
 30
0.0
 40
1.8
  1
markers med tekst
  7
Calibri
100
AcDbText
  0
TEXT
  5
1BED7
330
1F
100
AcDbEntity
  8
RAMME TEKST
100
AcDbText
 10
330.93500570686
 20
281.9302201329372
 30
0.0
 40
3.5
  1
A4
  7
Calibri
100
AcDbText
  0
TEXT
  5
1BFA9
330
1F
100
AcDbEntity
  8
RAMME TEKST
100
AcDbText
 10
-532.275847462502
 20
420.9249622099638
 30
0.0
 40
1.8
  1
cyan
  7
Calibri
100
AcDbText
  0
TEXT
  5
1BFAA
330
1F
100
AcDbEntity
  8
RAMME TEKST
100
AcDbText
 10
-542.3789236169345
 20
420.9249622099638
 30
0.0
 40
1.8
  1
0.18
  7
Calibri
100
AcDbText
  0
TEXT
  5
1BFB4
330
1F
100
AcDbEntity
  8
RAMME TEKST
100
AcDbText
 10
-412.9999999999999
 20
31.0
 30
0.0
 40
2.5
  1
(Blokk)
  7
Calibri
100
AcDbText
  0
TEXT
  5
1BFB5
330
1F
100
AcDbEntity
  8
RAMME TEKST
100
AcDbText
 10
-412.9999999999999
 20
11.0
 30
0.0
 40
2.5
  1
(Blokk)
  7
Calibri
100
AcDbText
  0
LWPOLYLINE
  5
101C0D4
330
1F
100
AcDbEntity
  8
RAMME
100
AcDbPolyline
 90
        4
 70
     1
 43
0.0
 10
-300.0000000000002
 20
891.0
 10
-490.0
 20
891.0
 10
-490.0000000000002
 20
614.0
 10
-300.0000000000002
 20
614.0
  0
LWPOLYLINE
  5
101C0D5
330
1F
100
AcDbEntity
  8
RAMME
100
AcDbPolyline
 90
        2
 70
     0
 43
0.0
 10
-490.0000000000002
 20
877.0
 10
-300.0000000000002
 20
877.0
  0
TEXT
  5
101C0D6
330
1F
100
AcDbEntity
  8
RAMME TEKST
  6
ByBlock
100
AcDbText
 10
-485.0000000000002
 20
880.0
 30
0.0
 40
3.5
  1
Forklaring
  7
Calibri
100
AcDbText
  0
LINE
  5
101C0D7
330
1F
100
AcDbEntity
  8
RAMME SYMBOLER
100
AcDbLine
 10
-324.0000000000003
 20
877.0
 30
0.0
 11
-324.0000000000003
 21
891.0
 31
0.0
  0
TEXT
  5
101C0D8
330
1F
100
AcDbEntity
  8
RAMME TEKST
  6
ByBlock
100
AcDbText
 10
-319.0000000000002
 20
880.0
 30
0.0
 40
3.5
  1
2
  7
Calibri
100
AcDbText
  0
TEXT
  5
101C0D9
330
1F
100
AcDbEntity
  8
RAMME TEKST
  6
ByBlock
100
AcDbText
 10
-322.0000000000002
 20
887.1999999999998
 30
0.0
 40
1.8
  1
ARK NR.
  7
Calibri
100
AcDbText
  0
OLE2FRAME
  5
101C0DA
330
1F
100
AcDbEntity
  8
0
100
AcDbOle2Frame
 70
     2
  1
OLE
1001
ACAD
1000
OLEBEGIN
1070
    70
1070
     1
1070
    71
1070
     1
1070
    40
1040
0.0
1070
    41
1040
16.90135969697843
1070
    42
1040
129.3157719962796
1070
    72
1070
     0
1070
     3
1000

1070
    90
1071
        0
1070
    43
1040
0.0
1070
     4
1000

1070
    91
1071
        0
1070
    44
1040
0.0
1000
OLEEND
  0
MTEXT
  5
101C0DB
330
1F
100
AcDbEntity
  8
RAMME TEKST
100
AcDbMText
 10
-470.0000000000001
 20
869.1618939052913
 30
0.0
 40
2.5
 41
150.0
 46
0.0
 71
     1
 72
     5
  3
{\fCalibri|b1|i0|c0|p34;\H1.4x;Units: millimeter\P\PDynamiske blokker \P\fCalibri|b0|i0|c0|p34;\H0.71428x;Blokker med funksjoner for fastsatt redigering. \PBlokkene endres/redigeres med GRIPS gripepunkter eller i PROPERTIES.\P\P\fCalibri|b1|i0|c0|p34
  1
;\H1.00001x;DYNAMISKE GRIPS \fCalibri|b0|i0|c0|p34;Utforming og funksjon}
  7
Calibri
 73
     1
 44
1.0
1001
ACAD
1000
ACAD_MTEXT_COLUMN_INFO_BEGIN
1070
    75
1070
     2
1070
    79
1070
     0
1070
    76
1070
     1
1070
    78
1070
     0
1070
    48
1040
150.0
1070
    49
1040
12.5
1070
    50
1070
     1
1040
0.0
1000
ACAD_MTEXT_COLUMN_INFO_END
  0
MTEXT
  5
101C0DC
330
1F
100
AcDbEntity
  8
RAMME TEKST
100
AcDbMText
 10
-450.4789121757896
 20
828.4157421318031
 30
0.0
 40
2.5
 41
55.08238267058914
 46
0.0
 71
     1
 72
     5
  3
{\fCalibri|b0|i0|c0|p34;Innsettingspunkt \P\fCalibri|b1|i0|c0|p34;\H1.4x;Basepoint\P\H0.71429x;\P\P\P\fCalibri|b0|i0|c0|p34;Flytte i alle retninger \P\fCalibri|b1|i0|c0|p34;\H1.39999x;Move\P\H0.71429x;\P\P\fCalibri|b0|i0|c0|p34;Flytte langs en define
  3
rt akse \P\fCalibri|b1|i0|c0|p34;\H1.39999x;Linear\P\H0.71429x;\P\P\fCalibri|b0|i0|c0|p34;Rotere rundt en akse \P\fCalibri|b1|i0|c0|p34;\H1.39999x;Rotate\P\H0.71429x;\P\P\fCalibri|b0|i0|c0|p34;Vende på objekt \P\fCalibri|b1|i0|c0|p34;\H1.39999x;Flip\
  1
P\H0.71429x;\P\P\fCalibri|b0|i0|c0|p34;Liste med valg\P\fCalibri|b1|i0|c0|p34;\H1.39999x;Lookup\P\H0.71429x;\P\P\fCalibri|b0|i0|c0|p34;Justere til objekt \P\fCalibri|b1|i0|c0|p34;\H1.39999x;Align}
  7
Calibri
 73
     1
 44
1.0
1001
ACAD
1000
ACAD_MTEXT_COLUMN_INFO_BEGIN
1070
    75
1070
     2
1070
    79
1070
     0
1070
    76
1070
     1
1070
    78
1070
     0
1070
    48
1040
55.08238267058914
1070
    49
1040
12.5
1070
    50
1070
     1
1040
0.0
1000
ACAD_MTEXT_COLUMN_INFO_END
  0
TEXT
  5
101C273
330
1F
100
AcDbEntity
  8
RAMME TEKST
100
AcDbText
 10
-623.2143384615386
 20
52.01446153846159
 30
0.0
 40
2.5
  1
(fotgjenger)
  7
Calibri
100
AcDbText
  0
TEXT
  5
101C38B
330
1F
100
AcDbEntity
  8
RAMME TEKST
100
AcDbText
 10
-622.0000000000002
 20
66.00000000000012
 30
0.0
 40
1.8
  1
vist jernbanebru over elv
  7
Calibri
100
AcDbText
  0
LWPOLYLINE
  5
101C503
330
1F
100
AcDbEntity
  8
RAMME
100
AcDbPolyline
 90
        4
 70
     1
 43
0.0
 10
-510.0
 20
891.0
 10
-699.9999999999998
 20
891.0
 10
-700.0
 20
614.0
 10
-510.0
 20
614.0
  0
MTEXT
  5
101C504
102
{ACAD_XDICTIONARY
360
101C505
102
}
330
1F
100
AcDbEntity
  8
RAMME TEKST
100
AcDbMText
 10
-680.0
 20
821.0
 30
0.0
 40
3.5
 41
150.0
 46
0.0
 71
     1
 72
     5
  3
\P\pi-10.5,l15.75,t15.75;1.^IForside og innholdsfortegnelse{\H1.67692x; }\P2.^IForklaring{\H1.46513x; }\P3.^ILag oversikt, skravur og tekst{\H1.53438x; }\P4.^IVeksler {\H1.5113x; }\P5.^IVeklser 30 grader{\H1.51899x; }\P6.^ITunnel, bru og overganger {\H1.51
  1
643x; }\P7.^IBygg og fast installasjon{\H1.52267x; }\P8.^ISporgeometri og forkortelser{\H1.52193x; }\P9.^IA3 Mal/prototype Skjematisk sporplan{\H1.57602x; }
  7
Calibri
 73
     1
 44
1.0
1001
ACAD
1000
ACAD_MTEXT_COLUMN_INFO_BEGIN
1070
    75
1070
     2
1070
    79
1070
     0
1070
    76
1070
     1
1070
    78
1070
     0
1070
    48
1040
150.0
1070
    49
1040
12.5
1070
    50
1070
     1
1040
0.0
1000
ACAD_MTEXT_COLUMN_INFO_END
  0
LWPOLYLINE
  5
101C506
330
1F
100
AcDbEntity
  8
RAMME
100
AcDbPolyline
 90
        2
 70
     0
 43
0.0
 10
-700.0
 20
877.0
 10
-510.0
 20
877.0
  0
LINE
  5
101C508
330
1F
100
AcDbEntity
  8
RAMME SYMBOLER
100
AcDbLine
 10
-534.0000000000001
 20
877.0
 30
0.0
 11
-534.0000000000001
 21
891.0
 31
0.0
  0
TEXT
  5
101C509
330
1F
100
AcDbEntity
  8
RAMME TEKST
  6
ByBlock
100
AcDbText
 10
-529.0
 20
880.0
 30
0.0
 40
3.5
  1
1
  7
Calibri
100
AcDbText
  0
TEXT
  5
101C50A
330
1F
100
AcDbEntity
  8
RAMME TEKST
  6
ByBlock
100
AcDbText
 10
-532.0
 20
887.1999999999998
 30
0.0
 40
1.8
  1
ARK NR.
  7
Calibri
100
AcDbText
  0
LINE
  5
101C8EB
330
1F
100
AcDbEntity
  8
JBT_Stipplet2
100
AcDbLine
 10
-646.9999999979509
 20
48.50000000000003
 30
0.0
 11
-642.9999999997773
 21
48.50000000000003
 31
0.0
  0
LINE
  5
101C8F5
330
1F
100
AcDbEntity
  8
JBT_Stipplet2
100
AcDbLine
 10
-647.0000000002226
 20
39.50000000000003
 30
0.0
 11
-643.000000002049
 21
39.50000000000003
 31
0.0
  0
LINE
  5
101C8F6
330
1F
100
AcDbEntity
  8
JBT_Stipplet2
100
AcDbLine
 10
-647.9999999986879
 20
150.0000000032208
 30
0.0
 11
-641.9999999986879
 21
149.9999999968207
 31
0.0
  0
LINE
  5
101C8F7
330
1F
100
AcDbEntity
  8
JBT_Stipplet2
100
AcDbLine
 10
-648.0000000006937
 20
141.0000000032208
 30
0.0
 11
-642.0000000006937
 21
140.9999999968207
 31
0.0
  0
LINE
  5
101C902
330
1F
100
AcDbEntity
  8
JBT_Stipplet2
100
AcDbLine
 10
-647.999999999999
 20
185.0000000063149
 30
0.0
 11
-641.9999999999991
 21
184.9999999999148
 31
0.0
  0
LINE
  5
101C903
330
1F
100
AcDbEntity
  8
JBT_Stipplet2
100
AcDbLine
 10
-647.999999999999
 20
176.0000000063149
 30
0.0
 11
-641.9999999999991
 21
175.9999999999148
 31
0.0
  0
LINE
  5
101C904
330
1F
100
AcDbEntity
  8
RAMME SYMBOLER
100
AcDbLine
 10
-605.0000000000002
 20
515.0
 30
0.0
 11
-510.0000000000001
 21
515.0
 31
0.0
  0
LINE
  5
101C905
330
1F
100
AcDbEntity
  8
JBT_Stipplet2
100
AcDbLine
 10
-667.0
 20
507.5
 30
0.0
 11
-697.5
 21
507.4999999999999
 31
0.0
  0
TEXT
  5
101C906
330
1F
100
AcDbEntity
  8
RAMME TEKST
100
AcDbText
 10
-663.0
 20
510.5
 30
0.0
 40
2.5
  1
Stipplet 2
  7
Calibri
100
AcDbText
  0
TEXT
  5
101C907
330
1F
100
AcDbEntity
  8
RAMME TEKST
100
AcDbText
 10
-603.3375000000002
 20
510.9075762978981
 30
0.0
 40
1.8
  1
JBT_Stipplet2
  7
Calibri
100
AcDbText
  0
TEXT
  5
101C90A
330
1F
100
AcDbEntity
  8
RAMME TEKST
100
AcDbText
 10
-558.3806952704777
 20
510.9075762978981
 30
0.0
 40
1.8
  1
STIPPLET2
  7
Calibri
100
AcDbText
  0
LINE
  5
101C90B
330
1F
100
AcDbEntity
  8
RAMME SYMBOLER
100
AcDbLine
 10
-700.0
 20
515.0
 30
0.0
 11
-510.0000000000002
 21
515.0
 31
0.0
  0
TEXT
  5
101C90C
330
1F
100
AcDbEntity
  8
RAMME TEKST
100
AcDbText
 10
-663.1016643929058
 20
507.1693042291951
 30
0.0
 40
1.8
  1
Skjulte objekter eller spor
  7
Calibri
100
AcDbText
  0
TEXT
  5
101C90D
330
1F
100
AcDbEntity
  8
RAMME TEKST
100
AcDbText
 10
-532.2758474625019
 20
510.9249622099638
 30
0.0
 40
1.8
  1
white/black
  7
Calibri
100
AcDbText
  0
TEXT
  5
101C90E
330
1F
100
AcDbEntity
  8
RAMME TEKST
100
AcDbText
 10
-542.3789236169344
 20
510.9249622099638
 30
0.0
 40
1.8
  1
0.35
  7
Calibri
100
AcDbText
  0
LINE
  5
101CB5F
330
1F
100
AcDbEntity
  8
RAMME SYMBOLER
100
AcDbLine
 10
-280.0
 20
250.0
 30
0.0
 11
-90.00000000000023
 21
250.0
 31
0.0
  0
LINE
  5
101CB60
330
1F
100
AcDbEntity
  8
RAMME SYMBOLER
100
AcDbLine
 10
-245.0000000000002
 20
255.0
 30
0.0
 11
-245.0000000000001
 21
164.9999999999998
 31
0.0
  0
LWPOLYLINE
  5
101CB61
330
1F
100
AcDbEntity
  8
RAMME
100
AcDbPolyline
 90
        4
 70
     1
 43
0.0
 10
-90.00000000000023
 20
277.0
 10
-280.0
 20
277.0
 10
-280.0
 20
0.0
 10
-90.0
 20
0.0
  0
TEXT
  5
101CB62
330
1F
100
AcDbEntity
  8
RAMME TEKST
100
AcDbText
 10
-277.0000000000002
 20
256.5
 30
0.0
 40
2.5
  1
SYMBOL
  7
Calibri
100
AcDbText
  0
TEXT
  5
101CB63
330
1F
100
AcDbEntity
  8
RAMME TEKST
100
AcDbText
 10
-208.0000000000002
 20
251.5
 30
0.0
 40
1.8
  1
Navn, beskrivelse.
  7
Calibri
100
AcDbText
  0
LINE
  5
101CB64
330
1F
100
AcDbEntity
  8
RAMME SYMBOLER
100
AcDbLine
 10
-280.0000000000002
 20
255.0
 30
0.0
 11
-90.00000000000046
 21
255.0
 31
0.0
  0
LWPOLYLINE
  5
101CB65
330
1F
100
AcDbEntity
  8
RAMME
100
AcDbPolyline
 90
        2
 70
     0
 43
0.0
 10
-280.0000000000002
 20
263.0
 10
-90.00000000000023
 20
263.0
  0
TEXT
  5
101CB66
330
1F
100
AcDbEntity
  8
RAMME TEKST
100
AcDbText
 10
-275.0000000000002
 20
266.0
 30
0.0
 40
3.5
  1
Sporgeometri
  7
Calibri
100
AcDbText
  0
LINE
  5
101CB67
330
1F
100
AcDbEntity
  8
RAMME SYMBOLER
100
AcDbLine
 10
-114.0000000000002
 20
263.0
 30
0.0
 11
-114.0000000000002
 21
277.0
 31
0.0
  0
TEXT
  5
101CB68
330
1F
100
AcDbEntity
  8
RAMME TEKST
100
AcDbText
 10
-109.0000000000002
 20
266.0
 30
0.0
 40
3.5
  1
8
  7
Calibri
100
AcDbText
  0
TEXT
  5
101CB69
330
1F
100
AcDbEntity
  8
RAMME TEKST
100
AcDbText
 10
-112.0000000000002
 20
273.2
 30
0.0
 40
1.8
  1
ARK NR.
  7
Calibri
100
AcDbText
  0
TEXT
  5
101CB6D
330
1F
100
AcDbEntity
  8
RAMME TEKST
100
AcDbText
 10
-207.9999999999998
 20
190.4999999999999
 30
0.0
 40
2.5
  1
Kurvepunkt
  7
Calibri
100
AcDbText
  0
TEXT
  5
101CB6E
330
1F
100
AcDbEntity
  8
RAMME TEKST
100
AcDbText
 10
-207.9999999999998
 20
175.4999999999999
 30
0.0
 40
2.5
  1
Sporpunkt
  7
Calibri
100
AcDbText
  0
TEXT
  5
101CB6F
330
1F
100
AcDbEntity
  8
RAMME TEKST
100
AcDbText
 10
-208.0000000000001
 20
80.50000000000006
 30
0.0
 40
2.5
  1
KM
  7
Calibri
100
AcDbText
  0
TEXT
  5
101CB70
330
1F
100
AcDbEntity
  8
RAMME TEKST
100
AcDbText
 10
-208.2976923076925
 20
76.32115384615389
 30
0.0
 40
2.5
  1
Hele og halv km
  7
Calibri
100
AcDbText
  0
TEXT
  5
101CB71
330
1F
100
AcDbEntity
  8
RAMME TEKST
100
AcDbText
 10
-208.0000000000002
 20
60.5
 30
0.0
 40
2.5
  1
Kjedebrudd
  7
Calibri
100
AcDbText
  0
TEXT
  5
101CB72
330
1F
100
AcDbEntity
  8
RAMME TEKST
100
AcDbText
 10
-208.0000000000002
 20
56.5
 30
0.0
 40
2.5
  1
Angir kjedebrudd plasseres over
  7
Calibri
100
AcDbText
  0
LINE
  5
101CB73
330
1F
100
AcDbEntity
  8
RAMME SYMBOLER
100
AcDbLine
 10
-279.9999999999999
 20
179.9999999999999
 30
0.0
 11
-90.00000000000014
 21
179.9999999999999
 31
0.0
  0
LINE
  5
101CB74
330
1F
100
AcDbEntity
  8
RAMME SYMBOLER
100
AcDbLine
 10
-279.9999999999999
 20
164.9999999999999
 30
0.0
 11
-90.00000000000014
 21
164.9999999999998
 31
0.0
  0
LINE
  5
101CB75
330
1F
100
AcDbEntity
  8
RAMME SYMBOLER
100
AcDbLine
 10
-280.0
 20
65.0
 30
0.0
 11
-90.00000000000014
 21
65.0
 31
0.0
  0
TEXT
  5
101CB76
330
1F
100
AcDbEntity
  8
RAMME TEKST
100
AcDbText
 10
-208.2517053206
 20
186.4999999999999
 30
0.0
 40
1.8
  1
Horisontalkurvatur
  7
Calibri
100
AcDbText
  0
TEXT
  5
101CB77
330
1F
100
AcDbEntity
  8
RAMME TEKST
100
AcDbText
 10
-208.013813096862
 20
171.4999999999999
 30
0.0
 40
1.8
  1
Vertikalkurvatur, stokkskinneskjøt
  7
Calibri
100
AcDbText
  0
TEXT
  5
101CB79
330
1F
100
AcDbEntity
  8
RAMME TEKST
100
AcDbText
 10
-208.0
 20
245.5
 30
0.0
 40
2.5
  1
Buttspor
  7
Calibri
100
AcDbText
  0
INSERT
  5
101CB7A
330
1F
100
AcDbEntity
  8
JBTKO_SPOR
100
AcDbBlockReference
  2
KO_Buttspor
 10
-262.5
 20
244.4999999999999
 30
0.0
  0
LINE
  5
101CB7B
330
1F
100
AcDbEntity
  8
RAMME SYMBOLER
100
AcDbLine
 10
-280.0
 20
30.0
 30
0.0
 11
-90.00000000000014
 21
30.0
 31
0.0
  0
TEXT
  5
101CB7D
330
1F
100
AcDbEntity
  8
RAMME TEKST
100
AcDbText
 10
-208.0000000000002
 20
25.49999999999989
 30
0.0
 40
2.5
  1
Km markering
  7
Calibri
100
AcDbText
  0
LINE
  5
101CB7E
330
1F
100
AcDbEntity
  8
RAMME SYMBOLER
100
AcDbLine
 10
-280.0
 20
235.0
 30
0.0
 11
-90.00000000000023
 21
235.0
 31
0.0
  0
TEXT
  5
101CB8C
330
1F
100
AcDbEntity
  8
RAMME TEKST
100
AcDbText
 10
-278.0
 20
251.0
 30
0.0
 40
1.8
  1
Grafikk, blokk, blokk navn
  7
Calibri
100
AcDbText
  0
INSERT
  5
101CB8D
330
1F
100
AcDbEntity
  8
JBT_Objekter_0.35mm
100
AcDbBlockReference
 66
     1
  2
KO_Kurvepunkt
 10
-262.5
 20
187.4999999999999
 30
0.0
  0
ATTRIB
  5
101CB8E
330
101CB8D
100
AcDbEntity
  8
0
 62
     2
100
AcDbText
 10
-262.5
 20
190.4999999999999
 30
0.0
 40
2.5
  1

 41
0.9
  7
ISO25
 72
     1
 11
-262.5
 21
190.4999999999999
 31
0.0
100
AcDbAttribute
280
     0
  2
KP
 70
     0
280
     1
  0
SEQEND
  5
101CB8F
330
101CB8D
100
AcDbEntity
  8
JBT_Objekter_0.35mm
  0
INSERT
  5
101CB90
330
1F
100
AcDbEntity
  8
JBT_Objekter_0.35mm
100
AcDbBlockReference
 66
     1
  2
KO_Sporpunkt
 10
-262.5
 20
172.4999999999999
 30
0.0
  0
ATTRIB
  5
101CB91
330
101CB90
100
AcDbEntity
  8
0
 62
     2
100
AcDbText
 10
-262.5
 20
175.4999999999999
 30
0.0
 40
2.5
  1

 41
0.9
  7
ISO25
 72
     1
 11
-262.5
 21
175.4999999999999
 31
0.0
100
AcDbAttribute
280
     0
  2
SPORGEOM
 70
     0
280
     1
  0
SEQEND
  5
101CB92
330
101CB90
100
AcDbEntity
  8
JBT_Objekter_0.35mm
  0
INSERT
  5
101CB93
330
1F
100
AcDbEntity
  8
JBT_Objekter_0.35mm
100
AcDbBlockReference
 66
     1
  2
KO_KM
 10
-262.5
 20
70.5
 30
0.0
  0
ATTRIB
  5
101CB94
330
101CB93
100
AcDbEntity
  8
0
100
AcDbText
 10
-274.14625
 20
78.50000000000003
 30
0.0
 40
3.5
  1
KM xxx,xxx
  7
ISO35
 72
     1
 11
-262.5
 21
78.50000000000003
 31
0.0
100
AcDbAttribute
280
     0
  2
KM
 70
     0
280
     1
  0
SEQEND
  5
101CB95
330
101CB93
100
AcDbEntity
  8
JBT_Objekter_0.35mm
  0
INSERT
  5
101CB96
330
1F
100
AcDbEntity
  8
JBT_Objekter_0.18mm
100
AcDbBlockReference
 66
     1
  2
Km tekst linje
 10
-262.5
 20
25.99999999999989
 30
0.0
  0
ATTRIB
  5
101CB97
330
101CB96
100
AcDbEntity
  8
JBT_Tekst_25
100
AcDbText
 10
-263.25
 20
11.47624999999988
 30
0.0
 40
2.5
  1
Km xxx.xxx
 50
90.0
 41
0.9
  7
ISO25
 72
     2
 11
-263.25
 21
25.99999999999989
 31
0.0
100
AcDbAttribute
280
     0
  2
KM
 70
     0
280
     1
  0
ATTRIB
  5
101CB98
330
101CB96
100
AcDbEntity
  8
JBT_Tekst_25
100
AcDbText
 10
-263.25
 20
27.99999999999989
 30
0.0
 40
2.5
  1

 50
90.0
 41
0.9
  7
ISO25
100
AcDbAttribute
280
     0
  2
Tekst
 70
     0
280
     1
  0
ATTRIB
  5
101CB99
330
101CB96
100
AcDbEntity
  8
JBT_Tekst_25
100
AcDbText
 10
-259.25
 20
25.99999999999989
 30
0.0
 40
2.5
  1

 50
90.0
 41
0.9
  7
ISO25
 72
     2
 11
-259.25
 21
25.99999999999989
 31
0.0
100
AcDbAttribute
280
     0
  2
Tekst2
 70
     0
280
     1
  0
SEQEND
  5
101CB9A
330
101CB96
100
AcDbEntity
  8
JBT_Objekter_0.18mm
  0
TEXT
  5
101CB9B
330
1F
100
AcDbEntity
  8
RAMME TEKST
100
AcDbText
 10
-277.0
 20
237.0
 30
0.0
 40
1.8
  1
KO_Buttspor
  7
Calibri
100
AcDbText
  0
TEXT
  5
101CB9C
330
1F
100
AcDbEntity
  8
RAMME TEKST
100
AcDbText
 10
-277.0
 20
181.9999999999999
 30
0.0
 40
1.8
  1
KO_Kurvepunkt
  7
Calibri
100
AcDbText
  0
TEXT
  5
101CB9D
330
1F
100
AcDbEntity
  8
RAMME TEKST
100
AcDbText
 10
-277.0
 20
166.9999999999999
 30
0.0
 40
1.8
  1
KO_Sporpunkt
  7
Calibri
100
AcDbText
  0
TEXT
  5
101CB9E
330
1F
100
AcDbEntity
  8
RAMME TEKST
100
AcDbText
 10
-277.0
 20
67.0
 30
0.0
 40
1.8
  1
KO_KM
  7
Calibri
100
AcDbText
  0
TEXT
  5
101CB9F
330
1F
100
AcDbEntity
  8
RAMME TEKST
100
AcDbText
 10
-277.0
 20
32.0
 30
0.0
 40
1.8
  1
KO_Kjedebrudd
  7
Calibri
100
AcDbText
  0
TEXT
  5
101CBA0
330
1F
100
AcDbEntity
  8
RAMME TEKST
100
AcDbText
 10
-277.0
 20
2.0
 30
0.0
 40
1.8
  1
KM  tekst linje
  7
Calibri
100
AcDbText
  0
INSERT
  5
101CBA1
330
1F
100
AcDbEntity
  8
JBT_Objekter_0.18mm
100
AcDbBlockReference
 66
     1
  2
KO_Kjedebrudd
 10
-262.5000000000002
 20
41.5
 30
0.0
  0
ATTRIB
  5
101CBA2
330
101CBA1
100
AcDbEntity
  8
0
 62
     2
100
AcDbText
 10
-263.5000000000002
 20
43.0
 30
0.0
 40
2.5
  1
xxx.xxx
 50
90.0
 41
0.9
  7
ISO25
 11
-264.7500000000002
 21
43.0
 31
0.0
100
AcDbAttribute
280
     0
  2
KB-FRA
 70
     0
 74
     2
280
     1
  0
ATTRIB
  5
101CBA3
330
101CBA1
100
AcDbEntity
  8
0
 62
     2
100
AcDbText
 10
-259.0000000000002
 20
43.0
 30
0.0
 40
2.5
  1
xxx.xx
 50
90.0
 41
0.9
  7
ISO25
 11
-260.2500000000002
 21
43.0
 31
0.0
100
AcDbAttribute
280
     0
  2
KB-TIL
 70
     0
 74
     2
280
     1
  0
ATTRIB
  5
101CBA4
330
101CBA1
100
AcDbEntity
  8
0
 62
     2
100
AcDbText
 10
-265.9157741475464
 20
60.00000000000023
 30
0.0
 40
2.5
  1
+xxm
 41
0.9
  7
ISO25
 72
     1
 11
-262.5000000000002
 21
60.00000000000023
 31
0.0
100
AcDbAttribute
280
     0
  2
KB-M
 70
     0
280
     1
  0
SEQEND
  5
101CBA5
330
101CBA1
100
AcDbEntity
  8
JBT_Objekter_0.18mm
  0
TEXT
  5
101CBA6
330
1F
100
AcDbEntity
  8
RAMME TEKST
100
AcDbText
 10
-123.0000000000004
 20
251.5
 30
0.0
 40
1.8
  1
Attributter
  7
Calibri
100
AcDbText
  0
TEXT
  5
101CBA7
330
1F
100
AcDbEntity
  8
RAMME TEKST
100
AcDbText
 10
-153.0000000000002
 20
251.5
 30
0.0
 40
1.8
  1
Dynamiske funksjoner
  7
Calibri
100
AcDbText
  0
LINE
  5
101CBA8
330
1F
100
AcDbEntity
  8
RAMME SYMBOLER
100
AcDbLine
 10
-125.0000000000004
 20
255.0
 30
0.0
 11
-125.0000000000005
 21
164.9999999999998
 31
0.0
  0
TEXT
  5
101CBA9
330
1F
100
AcDbEntity
  8
RAMME TEKST
100
AcDbText
 10
-153.0000000000004
 20
256.5
 30
0.0
 40
2.5
  1
BLOKK DETALJER
  7
Calibri
100
AcDbText
  0
LINE
  5
101CBAA
330
1F
100
AcDbEntity
  8
RAMME SYMBOLER
100
AcDbLine
 10
-155.0000000000007
 20
263.0
 30
0.0
 11
-155.0000000000007
 21
164.9999999999998
 31
0.0
  0
TEXT
  5
101CBAB
330
1F
100
AcDbEntity
  8
RAMME TEKST
100
AcDbText
 10
-123.0000000000002
 20
190.4999999999999
 30
0.0
 40
2.5
  1
KP
  7
Calibri
100
AcDbText
  0
TEXT
  5
101CBAC
330
1F
100
AcDbEntity
  8
RAMME TEKST
100
AcDbText
 10
-123.0000000000002
 20
175.4999999999999
 30
0.0
 40
2.5
  1
Sporgeom
  7
Calibri
100
AcDbText
  0
TEXT
  5
101CBAD
330
1F
100
AcDbEntity
  8
RAMME TEKST
100
AcDbText
 10
-123.0000000000002
 20
80.49999999999991
 30
0.0
 40
2.5
  1
KM
  7
Calibri
100
AcDbText
  0
TEXT
  5
101CBAE
330
1F
100
AcDbEntity
  8
RAMME TEKST
100
AcDbText
 10
-123.0000000000002
 20
25.5
 30
0.0
 40
2.5
  1
KM
  7
Calibri
100
AcDbText
  0
TEXT
  5
101CBAF
330
1F
100
AcDbEntity
  8
RAMME TEKST
100
AcDbText
 10
-123.0000000000002
 20
60.5
 30
0.0
 40
2.5
  1
Fra
  7
Calibri
100
AcDbText
  0
TEXT
  5
101CBB0
330
1F
100
AcDbEntity
  8
RAMME TEKST
100
AcDbText
 10
-123.0000000000002
 20
56.0
 30
0.0
 40
2.5
  1
Til
  7
Calibri
100
AcDbText
  0
TEXT
  5
101CBB1
330
1F
100
AcDbEntity
  8
RAMME TEKST
100
AcDbText
 10
-123.0000000000002
 20
51.5
 30
0.0
 40
2.5
  1
+/- M
  7
Calibri
100
AcDbText
  0
LINE
  5
101CBB2
330
1F
100
AcDbEntity
  8
RAMME SYMBOLER
100
AcDbLine
 10
-280.0
 20
85.00000000000003
 30
0.0
 11
-90.00000000000014
 21
85.00000000000003
 31
0.0
  0
INSERT
  5
101CBB3
330
1F
100
AcDbEntity
  8
JBT_Objekter_0.18mm
100
AcDbBlockReference
 66
     1
  2
SA_Sporsperre
 10
-262.5000000000001
 20
225.0
 30
0.0
  0
ATTRIB
  5
101CBB4
330
101CBB3
100
AcDbEntity
  8
JBTSA_ATT_Tekst25
100
AcDbText
 10
-262.5000000000001
 20
220.9999999999999
 30
0.0
 40
2.5
  1

  7
ISO25
 72
     4
 11
-262.5000000000001
 21
220.9999999999999
 31
0.0
100
AcDbAttribute
280
     0
  2
TEKST
 70
     0
280
     0
  0
SEQEND
  5
101CBB6
330
101CBB3
100
AcDbEntity
  8
JBT_Objekter_0.18mm
  0
INSERT
  5
101CBB7
330
1F
100
AcDbEntity
  8
JBT_Objekter_0.18mm
100
AcDbBlockReference
 66
     1
  2
SA_Sporsperre dobbel
 10
-266.0
 20
202.5
 30
0.0
  0
ATTRIB
  5
101CBB8
330
101CBB7
100
AcDbEntity
  8
JBTSA_ATT_Tekst25
100
AcDbText
 10
-262.5
 20
199.4999999999999
 30
0.0
 40
2.5
  1

  7
ISO25
 72
     4
 11
-262.5
 21
199.4999999999999
 31
0.0
100
AcDbAttribute
280
     0
  2
TEKST
 70
     0
280
     0
  0
SEQEND
  5
101CBBA
330
101CBB7
100
AcDbEntity
  8
JBT_Objekter_0.18mm
  0
LINE
  5
101CBBD
330
1F
100
AcDbEntity
  8
RAMME SYMBOLER
100
AcDbLine
 10
-210.0000000000002
 20
255.0
 30
0.0
 11
-210.0000000000002
 21
164.9999999999998
 31
0.0
  0
LINE
  5
101CBBE
330
1F
100
AcDbEntity
  8
RAMME SYMBOLER
100
AcDbLine
 10
-245.0
 20
0.0
 30
0.0
 11
-245.0
 21
5.0
 31
0.0
  0
LINE
  5
101CBBF
330
1F
100
AcDbEntity
  8
RAMME SYMBOLER
100
AcDbLine
 10
-280.0
 20
214.9999999999999
 30
0.0
 11
-90.00000000000023
 21
214.9999999999999
 31
0.0
  0
LINE
  5
101CBC0
330
1F
100
AcDbEntity
  8
RAMME SYMBOLER
100
AcDbLine
 10
-280.0
 20
194.9999999999999
 30
0.0
 11
-90.00000000000023
 21
194.9999999999999
 31
0.0
  0
LINE
  5
101CBC1
330
1F
100
AcDbEntity
  8
JBTKO_SPOR
100
AcDbLine
 10
-242.0000000000002
 20
225.0
 30
0.0
 11
-213.0000000000002
 21
225.0
 31
0.0
  0
INSERT
  5
101CBC2
330
1F
100
AcDbEntity
  8
JBT_Objekter_0.18mm
100
AcDbBlockReference
 66
     1
  2
SA_Sporsperre
 10
-227.4741513427908
 20
225.0
 30
0.0
  0
ATTRIB
  5
101CBC3
330
101CBC2
100
AcDbEntity
  8
JBTSA_ATT_Tekst25
100
AcDbText
 10
-227.4741513427908
 20
220.9999999999999
 30
0.0
 40
2.5
  1

  7
ISO25
 72
     4
 11
-227.4741513427908
 21
220.9999999999999
 31
0.0
100
AcDbAttribute
280
     0
  2
TEKST
 70
     0
280
     0
  0
SEQEND
  5
101CBC5
330
101CBC2
100
AcDbEntity
  8
JBT_Objekter_0.18mm
  0
LINE
  5
101CBC6
330
1F
100
AcDbEntity
  8
JBTKO_SPOR
100
AcDbLine
 10
-231.0000000000002
 20
200.8370299733587
 30
0.0
 11
-221.9999999999997
 21
209.837029973359
 31
0.0
  0
LINE
  5
101CBC7
330
1F
100
AcDbEntity
  8
JBTKO_SPOR
100
AcDbLine
 10
-242.0000000000002
 20
200.8370299733587
 30
0.0
 11
-213.0000000000002
 21
200.8370299733587
 31
0.0
  0
INSERT
  5
101CBC8
330
1F
100
AcDbEntity
  8
JBT_Objekter_0.18mm
100
AcDbBlockReference
 66
     1
  2
SA_Sporsperre dobbel
 10
-231.0000000000002
 20
200.8370299733587
 30
0.0
  0
ATTRIB
  5
101CBC9
330
101CBC8
100
AcDbEntity
  8
JBTSA_ATT_Tekst25
100
AcDbText
 10
-227.5000000000003
 20
197.8370299733587
 30
0.0
 40
2.5
  1

  7
ISO25
 72
     4
 11
-227.5000000000003
 21
197.8370299733587
 31
0.0
100
AcDbAttribute
280
     0
  2
TEKST
 70
     0
280
     0
  0
SEQEND
  5
101CBCB
330
101CBC8
100
AcDbEntity
  8
JBT_Objekter_0.18mm
  0
TEXT
  5
101CBCC
330
1F
100
AcDbEntity
  8
RAMME TEKST
100
AcDbText
 10
-208.0000000000002
 20
210.4999999999999
 30
0.0
 40
2.5
  1
Dobbel sporsperre
  7
Calibri
100
AcDbText
  0
TEXT
  5
101CBCD
330
1F
100
AcDbEntity
  8
RAMME TEKST
100
AcDbText
 10
-276.9999999999998
 20
217.0016
 30
0.0
 40
1.8
  1
SA_Sporsperre
  7
Calibri
100
AcDbText
  0
TEXT
  5
101CBCE
330
1F
100
AcDbEntity
  8
RAMME TEKST
100
AcDbText
 10
-277.0
 20
197.0016
 30
0.0
 40
1.8
  1
SA_Sporsperre dobbel
  7
Calibri
100
AcDbText
  0
TEXT
  5
101CBD0
330
1F
100
AcDbEntity
  8
RAMME TEKST
100
AcDbText
 10
-208.0000000000002
 20
230.4999999999999
 30
0.0
 40
2.5
  1
Sporsperre
  7
Calibri
100
AcDbText
  0
LINE
  5
101CBD2
330
1F
100
AcDbEntity
  8
JBTKO_SPOR
100
AcDbLine
 10
-213.0000000000002
 20
187.4999999999999
 30
0.0
 11
-242.0000000000002
 21
187.4999999999999
 31
0.0
  0
LINE
  5
101CBD3
330
1F
100
AcDbEntity
  8
JBTKO_SPOR
100
AcDbLine
 10
-213.0000000000002
 20
172.4999999999999
 30
0.0
 11
-242.0000000000001
 21
172.4999999999999
 31
0.0
  0
INSERT
  5
101CBD4
330
1F
100
AcDbEntity
  8
JBT_Objekter_0.35mm
100
AcDbBlockReference
 66
     1
  2
KO_Kurvepunkt
 10
-227.5000000000001
 20
187.4999999999999
 30
0.0
  0
ATTRIB
  5
101CBD5
330
101CBD4
100
AcDbEntity
  8
0
 62
     2
100
AcDbText
 10
-229.3056250000001
 20
190.4999999999999
 30
0.0
 40
2.5
  1
KP
 41
0.9
  7
ISO25
 72
     1
 11
-227.5000000000001
 21
190.4999999999999
 31
0.0
100
AcDbAttribute
280
     0
  2
KP
 70
     0
280
     1
  0
SEQEND
  5
101CBD6
330
101CBD4
100
AcDbEntity
  8
JBT_Objekter_0.35mm
  0
INSERT
  5
101CBD7
330
1F
100
AcDbEntity
  8
JBT_Objekter_0.35mm
100
AcDbBlockReference
 66
     1
  2
KO_Sporpunkt
 10
-227.5000000000001
 20
172.4999999999999
 30
0.0
  0
ATTRIB
  5
101CBD8
330
101CBD7
100
AcDbEntity
  8
0
 62
     2
100
AcDbText
 10
-229.3000000000001
 20
175.4999999999999
 30
0.0
 40
2.5
  1
SS
 41
0.9
  7
ISO25
 72
     1
 11
-227.5000000000001
 21
175.4999999999999
 31
0.0
100
AcDbAttribute
280
     0
  2
SPORGEOM
 70
     0
280
     1
  0
SEQEND
  5
101CBD9
330
101CBD7
100
AcDbEntity
  8
JBT_Objekter_0.35mm
  0
LINE
  5
101CBDA
330
1F
100
AcDbEntity
  8
JBTKO_SPOR
100
AcDbLine
 10
-227.5000000000002
 20
244.4999999999999
 30
0.0
 11
-242.0000000000002
 21
244.4999999999999
 31
0.0
  0
INSERT
  5
101CBDB
330
1F
100
AcDbEntity
  8
JBTKO_SPOR
100
AcDbBlockReference
  2
KO_Buttspor
 10
-227.5000000000002
 20
244.4999999999999
 30
0.0
  0
LINE
  5
101CBFA
330
1F
100
AcDbEntity
  8
RAMME SYMBOLER
100
AcDbLine
 10
-210.0000000000003
 20
85.00000000000003
 30
0.0
 11
-210.0000000000004
 21
-0.0000000000000568
 31
0.0
  0
LINE
  5
101CBFB
330
1F
100
AcDbEntity
  8
RAMME SYMBOLER
100
AcDbLine
 10
-245.0000000000001
 20
85.0
 30
0.0
 11
-245.0
 21
0.0
 31
0.0
  0
LINE
  5
101CBFC
330
1F
100
AcDbEntity
  8
JBTKO_SPOR
100
AcDbLine
 10
-221.9999999999997
 20
209.837029973359
 30
0.0
 11
-213.0000000000002
 21
209.8370299733587
 31
0.0
  0
LINE
  5
101CBFD
330
1F
100
AcDbEntity
  8
JBTKO_SPOR
100
AcDbLine
 10
-213.0000000000003
 20
70.5
 30
0.0
 11
-242.0000000000001
 21
70.5
 31
0.0
  0
INSERT
  5
101CBFE
330
1F
100
AcDbEntity
  8
JBT_Objekter_0.35mm
100
AcDbBlockReference
 66
     1
  2
KO_KM
 10
-227.5000000000003
 20
70.5
 30
0.0
  0
ATTRIB
  5
101CBFF
330
101CBFE
100
AcDbEntity
  8
0
100
AcDbText
 10
-239.1462500000003
 20
78.50000000000003
 30
0.0
 40
3.5
  1
KM xxx,xxx
  7
ISO35
 72
     1
 11
-227.5000000000003
 21
78.50000000000003
 31
0.0
100
AcDbAttribute
280
     0
  2
KM
 70
     0
280
     1
  0
SEQEND
  5
101CC00
330
101CBFE
100
AcDbEntity
  8
JBT_Objekter_0.35mm
  0
LINE
  5
101CC03
330
1F
100
AcDbEntity
  8
RAMME SYMBOLER
100
AcDbLine
 10
-125.0000000000005
 20
85.0
 30
0.0
 11
-125.0000000000005
 21
0.0
 31
0.0
  0
LINE
  5
101CC04
330
1F
100
AcDbEntity
  8
RAMME SYMBOLER
100
AcDbLine
 10
-155.0000000000007
 20
85.00000000000003
 30
0.0
 11
-155.0000000000007
 21
0.0
 31
0.0
  0
TEXT
  5
101CC05
330
1F
100
AcDbEntity
  8
RAMME TEKST
100
AcDbText
 10
-153.0000000000004
 20
230.4999999999999
 30
0.0
 40
2.5
  1
WIPEOUT
  7
Calibri
100
AcDbText
  0
TEXT
  5
101CC0F
330
1F
100
AcDbEntity
  8
RAMME TEKST
100
AcDbText
 10
-153.0000000000004
 20
210.4999999999999
 30
0.0
 40
2.5
  1
WIPEOUT
  7
Calibri
100
AcDbText
  0
MTEXT
  5
101CC2F
102
{ACAD_XDICTIONARY
360
101CC30
102
}
330
1F
100
AcDbEntity
  8
RAMME TEKST
100
AcDbMText
 10
-470.0000000000001
 20
691.1618939052914
 30
0.0
 40
2.5
 41
150.0
 46
0.0
 71
     1
 72
     5
  3
{\fCalibri|b1|i0|c0|p34;\H1.4x;Wipeout\P\fCalibri|b0|i0|c0|p34;\H0.71429x;Polygon ramme/område som maskerer underliggende objekter\PDette er på objekter der trim funksjon ikke er egnet.\P\fCalibri|b1|i0|c0|p34;Draworder\fCalibri|b0|i0|c0|p34;; above 
  3
objekt må brukes dersom ikke ønsket resultat\P\PWIPEOUTFRAME System variabel \P0 -Rammen blir ikke vist eller plottet\P1 -Rammen blir vist og plottet\P\pi-5.89583,l5.89583;2 -Rammen vises men plottes ikke\P\pi0,l0;\H1.4x;\P\fCalibri|b1|i0|c0|p34;Plot
  1
 style table\fCalibri|b0|i0|c0|p34;\H0.71429x;: Bane NOR.ctb}
 73
     1
 44
1.0
1001
ACAD
1000
ACAD_MTEXT_COLUMN_INFO_BEGIN
1070
    75
1070
     2
1070
    79
1070
     0
1070
    76
1070
     1
1070
    78
1070
     0
1070
    48
1040
150.0
1070
    49
1040
12.5
1070
    50
1070
     1
1040
0.0
1000
ACAD_MTEXT_COLUMN_INFO_END
  0
TEXT
  5
101CC6C
330
1F
100
AcDbEntity
  8
RAMME TEKST
100
AcDbText
 10
-123.0000000000001
 20
210.4999999999999
 30
0.0
 40
2.5
  1
TEKST
  7
Calibri
100
AcDbText
  0
TEXT
  5
101CC6E
330
1F
100
AcDbEntity
  8
RAMME TEKST
100
AcDbText
 10
-123.0000000000001
 20
230.4999999999999
 30
0.0
 40
2.5
  1
TEKST
  7
Calibri
100
AcDbText
  0
TEXT
  5
101CC80
330
1F
100
AcDbEntity
  8
RAMME TEKST
100
AcDbText
 10
-278.0
 20
86.00000000000003
 30
0.0
 40
2.5
  1
Km markering
  7
Calibri
100
AcDbText
  0
TEXT
  5
101CCDE
330
1F
100
AcDbEntity
  8
RAMME TEKST
100
AcDbText
 10
-208.013813096862
 20
226.5
 30
0.0
 40
1.8
  1
Vist med avsporingsrettning til høyre
  7
Calibri
100
AcDbText
  0
TEXT
  5
101CCDF
330
1F
100
AcDbEntity
  8
RAMME TEKST
100
AcDbText
 10
-222.2007917078157
 20
204.3888873303906
 30
0.0
 40
1.8
  1
(Sperret)
  7
Calibri
100
AcDbText
  0
LINE
  5
101CCF1
330
1F
100
AcDbEntity
  8
RAMME SYMBOLER
100
AcDbLine
 10
-490.0000000000002
 20
108.0
 30
0.0
 11
-300.0
 21
108.0
 31
0.0
  0
LWPOLYLINE
  5
101CD03
330
1F
100
AcDbEntity
  8
JBT_Stipplet2
100
AcDbPolyline
 90
        4
 70
     1
 43
0.0
 10
-439.9999999999996
 20
94.50000000000001
 10
-429.9999999999996
 20
94.50000000000001
 10
-429.9999999999996
 20
98.50000000000001
 10
-439.9999999999996
 20
98.50000000000001
  0
LINE
  5
101CD04
330
1F
100
AcDbEntity
  8
JBTKO_SPOR
100
AcDbLine
 10
-449.499999985656
 20
96.5
 30
0.0
 11
-418.5000000143433
 21
96.5
 31
0.0
  0
TEXT
  5
101CD07
330
1F
100
AcDbEntity
  8
RAMME TEKST
100
AcDbText
 10
-412.9999999999999
 20
103.5
 30
0.0
 40
2.5
  1
Grav
  7
Calibri
100
AcDbText
  0
TEXT
  5
101CD08
330
1F
100
AcDbEntity
  8
RAMME TEKST
100
AcDbText
 10
-412.9999999999999
 20
99.50000000000001
 30
0.0
 40
1.8
  1
Inspeksjons grav el.
  7
Calibri
100
AcDbText
  0
TEXT
  5
101CD09
330
1F
100
AcDbEntity
  8
JBT_Tekst_25
100
AcDbText
 10
-441.3550752763755
 20
100.5
 30
0.0
 40
2.5
  1
Insp. grav
 41
0.9
  7
ISO25
100
AcDbText
  0
TEXT
  5
101CE43
330
1F
100
AcDbEntity
  8
RAMME TEKST
  6
ByBlock
100
AcDbText
 10
-695.0
 20
880.0
 30
0.0
 40
3.5
  1
Forside og innholdsfortegnelse
  7
Calibri
100
AcDbText
  0
TEXT
  5
101CE44
330
1F
100
AcDbEntity
  8
RAMME TEKST
  6
ByBlock
100
AcDbText
 10
-555.0
 20
886.4999999999998
 30
0.0
 40
2.5
  1
05.02.2019
  7
Calibri
100
AcDbText
  0
TEXT
  5
101CE45
330
1F
100
AcDbEntity
  8
RAMME TEKST
  6
ByBlock
100
AcDbText
 10
-565.0
 20
886.4999999999998
 30
0.0
 40
1.8
  1
Dato
  7
Calibri
100
AcDbText
  0
TEXT
  5
101CE46
330
1F
100
AcDbEntity
  8
RAMME TEKST
  6
ByBlock
100
AcDbText
 10
-555.0
 20
880.0
 30
0.0
 40
2.5
  1
1 av 9
  7
Calibri
100
AcDbText
  0
TEXT
  5
101CE47
330
1F
100
AcDbEntity
  8
RAMME TEKST
  6
ByBlock
100
AcDbText
 10
-565.0
 20
880.0
 30
0.0
 40
1.8
  1
Side
  7
Calibri
100
AcDbText
  0
MTEXT
  5
101CE48
102
{ACAD_XDICTIONARY
360
101CE49
102
}
330
1F
100
AcDbEntity
  8
RAMME TEKST
  6
ByBlock
100
AcDbMText
 10
-685.8158445781191
 20
854.8713684253135
 30
0.0
 40
5.0
 41
150.0
 46
0.0
 71
     1
 72
     5
  1
{\fCalibri|b0|i0|c0|p34;Skjematiske sporplan.\PPrototype/mal og symboler\H1.95435x; }
  7
Arial
 73
     1
 44
1.0
1001
ACAD
1000
ACAD_MTEXT_COLUMN_INFO_BEGIN
1070
    75
1070
     2
1070
    79
1070
     0
1070
    76
1070
     1
1070
    78
1070
     0
1070
    48
1040
150.0
1070
    49
1040
12.5
1070
    50
1070
     1
1040
0.0
1000
ACAD_MTEXT_COLUMN_INFO_END
  0
MTEXT
  5
101CFE9
330
1F
100
AcDbEntity
  8
RAMME TEKST
100
AcDbMText
 10
-208.0000000000004
 20
160.4999999999999
 30
0.0
 40
1.8
 41
82.99999999999986
 46
70.49999999999994
 71
     1
 72
     5
  3
FORKORTELSER \P\PHorisontaltrase (KO_HOT): \PKP ^IKurvepunkt\POB ^IOvergangskurvens begynnelsespunkt\POE^IOvergangskurvens endepunkt\PFKP^IFelles kurvepunkt\PFOB^IFelles overgangskurve begynnelsespunkt\P\P\PVertikaltrase (KO_VET): \PSE^IStigningskurvens en
  1
depunkt\PRE^IOverhøyderampens endepunkt\PLBP^ILavbrekk punkt \PHBP^IHøybrekk punkt \P\PSporveksel\PSS^IStokkskinneskjøt\PBK^IBakkant sporveksel\PBKA^IBakkant sporveksel avvik\PTK^ITeoretisk kryss
  7
Calibri
 73
     1
 44
1.0
  0
TEXT
  5
101CFEA
330
1F
100
AcDbEntity
  8
RAMME TEKST
100
AcDbText
 10
-222.2007917078157
 20
228.5518573570318
 30
0.0
 40
1.8
  1
(Sperret)
  7
Calibri
100
AcDbText
  0
VIEWPORT
  5
101C174
102
{ACAD_XDICTIONARY
360
101C175
102
}
330
101C172
100
AcDbEntity
 67
     1
  8
0
100
AcDbViewport
 10
94.20625001192092
 20
147.7062500119209
 30
0.0
 40
644.2304423076921
 41
314.226
 68
     1
 69
     1
 12
94.20625001192092
 22
147.7062500119209
 13
0.0
 23
0.0
 14
10.0
 24
10.0
 15
10.0
 25
10.0
 16
0.0
 26
0.0
 36
1.0
 17
0.0
 27
0.0
 37
0.0
 42
50.0
 43
0.0
 44
0.0
 45
314.226
 50
0.0
 51
0.0
 72
  1000
 90
   819232
  1

281
     0
 71
     1
 74
     0
110
0.0
120
0.0
130
0.0
111
1.0
121
0.0
131
0.0
112
0.0
122
1.0
132
0.0
 79
     0
146
0.0
170
     0
 61
     5
348
9F
292
     1
282
     1
141
0.0
142
0.0
 63
   250
421
  3355443
1001
GENIUS_GENOBJ-N-SDF_13
1002
{
1000
OWNER
1000
GEN
1002
}
1001
GENIUS_GENODEF_13
1002
{
1000
HIER
1070
     0
1002
}
1002
{
1000
MANEDIT
1070
     0
1002
}
1002
{
1000
NOSEL
1070
     0
1002
}
1002
{
1000
BEHIND
1070
     0
1002
}
1002
{
1000
OTHER
1070
     0
1002
}
1002
{
1000
REACTOR
1002
}
1001
GENIUS_GENSCREG_15
1000
PF
1040
1.0
1000
DF
1040
1.0
1000
MIN
1011
-227.9089711419252
1021
-9.40674998807907
1031
0.0
1000
MAX
1011
416.321471165767
1021
304.8192500119209
1031
0.0
1000
FLAGS
1070
     4
  0
VIEWPORT
  5
101C177
102
{ACAD_XDICTIONARY
360
101C178
102
}
330
101C172
100
AcDbEntity
 67
     1
  8
RAMME
100
AcDbViewport
 10
84.99999999999994
 20
138.713864117366
 30
0.0
 40
189.9999999999998
 41
277.427728234732
 68
     2
 69
     2
 12
-605.0000000000001
 22
752.5
 13
0.0
 23
0.0
 14
0.5
 24
0.5
 15
0.5
 25
0.5
 16
0.0
 26
0.0
 36
1.0
 17
0.0
 27
0.0
 37
0.0
 42
50.0
 43
0.0
 44
0.0
 45
277.4277282347318
 50
0.0
 51
0.0
 72
  1000
 90
   819296
  1

281
     0
 71
     1
 74
     0
110
0.0
120
0.0
130
0.0
111
1.0
121
0.0
131
0.0
112
0.0
122
1.0
132
0.0
 79
     0
146
0.0
170
     0
 61
     5
348
9F
292
     1
282
     1
141
0.0
142
0.0
 63
   250
421
  3355443
1001
GENIUS_GENOBJ-N-SDF_13
1002
{
1000
OWNER
1000
GEN
1002
}
1001
GENIUS_GENODEF_13
1002
{
1000
HIER
1070
     0
1002
}
1002
{
1000
MANEDIT
1070
     0
1002
}
1002
{
1000
NOSEL
1070
     0
1002
}
1002
{
1000
BEHIND
1070
     0
1002
}
1002
{
1000
OTHER
1070
     0
1002
}
1002
{
1000
REACTOR
1002
}
1001
GENIUS_GENSCREG_15
1000
PF
1040
0.0
1000
DF
1040
0.0
1000
MIN
1011
-10.0
1021
0.0
1031
0.0
1000
MAX
1011
179.9999999999999
1021
277.427728234732
1031
0.0
1000
FLAGS
1070
     4
  0
ENDSEC
  0
SECTION
  2
OBJECTS
  0
DICTIONARY
  5
C
330
0
100
AcDbDictionary
281
     1
  3
ACAD_BACKGROUND
350
157C9
  3
ACAD_BGPLOT_KEY
350
101D08F
  3
ACAD_CIP_PREVIOUS_PRODUCT_INFO
350
3AE1
  3
ACAD_COLOR
350
73
  3
ACAD_DETAILVIEWSTYLE
350
3AD6
  3
ACAD_FIELDLIST
350
8560
  3
ACAD_GROUP
350
D
  3
ACAD_LAYOUT
350
1A
  3
ACAD_MATERIAL
350
72
  3
ACAD_MLEADERSTYLE
350
D7
  3
ACAD_MLINESTYLE
350
17
  3
ACAD_PDFDEFINITIONS
350
10192
  3
ACAD_PLOTSETTINGS
350
19
  3
ACAD_PLOTSTYLENAME
350
E
  3
ACAD_RENDER_ACTIVE_RAPIDRT_SETTINGS
350
101C2C9
  3
ACAD_RENDER_RAPIDRT_SETTINGS
350
133FF
  3
ACAD_SCALELIST
350
B6
  3
ACAD_SECTIONVIEWSTYLE
350
3AD3
  3
ACAD_TABLESTYLE
350
86
  3
ACAD_VISUALSTYLE
350
99
  3
ACAD_WIPEOUT_VARS
350
EDF3
  3
ACDB_RECOMPOSE_DATA
350
101D113
  3
AcDbVariableDictionary
350
66
  3
AcmDictionary
350
851D
  3
ADE_QUERY_LIBRARY
350
16BB
  3
AEC_DISP_REP_CONFIGURATIONS
350
1BB4D
  3
AEC_DISP_REP_SETS
350
1BB44
  3
AEC_DISP_REPS
350
17740
  3
AEC_DISPLAY_PROPS_DEFAULTS
350
1BB14
  3
AEC_PROPERTY_SET_DEFS
350
1303
  3
AEC_VARS
350
1B9AF
  3
AMG
350
84F2
  3
AMGSNAPSETTINGS
350
856C
  3
ASE_INDEX_DICTIONARY
350
160EB
  3
Autodesk_MAP
350
3AE3
  3
Novapoint
350
F6AA
1001
ADE
1000
ADE02C004
1000
[Query]
1000
CaseSensitiveMatch=0
1000
SaveCurrQueryInSession=1
1000
MkSelSetWithQryObj=0
1000
ShowBlockAsInsPt=0
1000
CreateAssociativeHatchObjects=0
1000
ReferenceBoundaryForAreaLocation=1
1000
ShowImageAsBoundary=1
1000
DefaultJoinOperator=2
1000
ColorForAdd=red
1000
ColorForRemove=red
1000
BlockLocnForQuery=1
1000
TextLocnForQuery=1
1000
IncludeAllObjectsInGroups=0
1000
AlwaysUseLibraryDefinitions=0
1000
PreviewDefinitionsFrom=2
1000
[Save Back]
1000
RedefineBlockDefinitions=1
1000
RedefineLayerDefinitions=1
1000
RedefineTextStyleDefinitions=1
1000
RemoveUnusedGroups=1
1000
EraseSavedBackObjects=1
1000
RemoveLockAfterSave=1
1000
CreateHistoryFileOfChanges=0
1000
CreateBackupFileOfSourceDwg=1
1000
DontAddObjectsToSaveSet=0
1000
MarkObjectsForEditingWithoutPrompting=0
1000
FdoDontAddObjsToSvSet=0
1000
FdoEditWithoutPrompt=1
1000
FdoRemUnusedGrps=1
1000
FdoEraseSvdBkObjs=1
1000
FdoRemoveLockOnSave=1
1000
FdoTesselationMaxPointsDistance=0
1000
FdoTesselationMaxCurvesDistance=0
1000
[Coordinate Transformation]
1000
RestoreLastActiveDwgsOnStartup=1
1000
ActivateDwgsOnAttach=1
1000
AdjustSizesAndScalesForChangesInUnits=1
1000
AdjustRotationsForMapDistortions=1
1000
AdjustSizesAndScalesForMapDistortions=1
1000
AdjustElevations=1
1000
AdjustZeroRotationObjects=1
1000
ReconnectDbOnWSOpen=1
1000
NoOfSQLConditionsInHistory=10
  0
DICTIONARY
  5
18E
330
2
100
AcDbDictionary
280
     1
281
     1
  3
ACAD_LAYERSTATES
360
18F
  0
DICTIONARY
  5
E6
330
10
100
AcDbDictionary
280
     1
281
     1
  0
DICTIONARY
  5
F0D
330
F0C
100
AcDbDictionary
280
     1
281
     1
  0
DICTIONARY
  5
F6BE
330
F6BD
100
AcDbDictionary
280
     1
281
     1
  0
DICTIONARY
  5
17C4F
330
17C4E
100
AcDbDictionary
280
     1
281
     1
  0
DICTIONARY
  5
1BB5A
330
1BB59
100
AcDbDictionary
280
     1
281
     1
  0
DICTIONARY
  5
101C06A
330
101C069
100
AcDbDictionary
280
     1
281
     1
  0
DICTIONARY
  5
101C9D4
330
101C9D3
100
AcDbDictionary
280
     1
281
     1
  0
DICTIONARY
  5
11168
330
11167
100
AcDbDictionary
280
     1
281
     1
  3
ADSK_XREC_VTR_ANNOSCALE_DATA
360
11169
  3
ADSK_XREC_VTRANIMATIONINFO
360
1116E
  3
ADSK_XREC_VTRVIEWINFO
360
1116A
  0
DICTIONARY
  5
15D
330
1F
100
AcDbDictionary
280
     1
281
     1
  3
ACAD_SORTENTS
360
233E
  0
DICTIONARY
  5
1501E
330
8548
100
AcDbDictionary
280
     1
281
     1
  0
DICTIONARY
  5
BC15
330
8556
100
AcDbDictionary
280
     1
281
     1
  0
DICTIONARY
  5
1B3B6
330
106F6
100
AcDbDictionary
280
     1
281
     1
  3
ACAD_SORTENTS
360
1B3B7
  0
DICTIONARY
  5
14746
330
12BD8
100
AcDbDictionary
280
     1
281
     1
  3
ACAD_ENHANCEDBLOCK
360
14747
  3
AcDbDynamicBlockRoundTripPurgePreventer
360
14755
  0
DICTIONARY
  5
150D2
330
14200
100
AcDbDictionary
280
     1
281
     1
  3
ACAD_ENHANCEDBLOCK
360
150D3
  3
AcDbDynamicBlockRoundTripPurgePreventer
360
150E5
  0
DICTIONARY
  5
1475B
330
14756
100
AcDbDictionary
280
     1
281
     1
  0
DICTIONARY
  5
150EB
330
150E6
100
AcDbDictionary
280
     1
281
     1
  0
DICTIONARY
  5
19AC7
330
19A33
100
AcDbDictionary
280
     1
281
     1
  3
ACAD_ENHANCEDBLOCK
360
19AC8
  3
AcDbDynamicBlockRoundTripPurgePreventer
360
19ADC
  0
DICTIONARY
  5
1B429
330
19A50
100
AcDbDictionary
280
     1
281
     1
  3
ACAD_ENHANCEDBLOCK
360
1B42A
  3
AcDbDynamicBlockRoundTripPurgePreventer
360
1B435
  0
DICTIONARY
  5
19BE4
330
19BD5
100
AcDbDictionary
280
     1
281
     1
  0
DICTIONARY
  5
1B370
330
19D4F
100
AcDbDictionary
280
     1
281
     1
  3
ACAD_ENHANCEDBLOCK
360
1B371
  3
ACAD_SORTENTS
360
1B37C
  3
AcDbDynamicBlockRoundTripPurgePreventer
360
1B388
  0
DICTIONARY
  5
1ACB1
330
1ACB0
100
AcDbDictionary
280
     1
281
     1
  3
ACAD_ENHANCEDBLOCK
360
1ACB2
  3
ACAD_SORTENTS
360
1ACBB
  3
AcDbDynamicBlockRoundTripPurgePreventer
360
1ACBC
  0
DICTIONARY
  5
1ACD6
330
1ACD5
100
AcDbDictionary
280
     1
281
     1
  0
DICTIONARY
  5
1ACEF
330
1ACEE
100
AcDbDictionary
280
     1
281
     1
  0
DICTIONARY
  5
1ACF7
330
1ACF6
100
AcDbDictionary
280
     1
281
     1
  3
ACAD_SORTENTS
360
1ACF8
  0
DICTIONARY
  5
1BFB0
330
1AD11
100
AcDbDictionary
280
     1
281
     1
  0
DICTIONARY
  5
1AD5F
330
1AD5E
100
AcDbDictionary
280
     1
281
     1
  0
DICTIONARY
  5
1AD65
330
1AD64
100
AcDbDictionary
280
     1
281
     1
  0
DICTIONARY
  5
1BE0B
330
1AD69
100
AcDbDictionary
280
     1
281
     1
  0
DICTIONARY
  5
1B38E
330
1B389
100
AcDbDictionary
280
     1
281
     1
  3
ACAD_SORTENTS
360
1B38F
  0
DICTIONARY
  5
1B43B
330
1B436
100
AcDbDictionary
280
     1
281
     1
  0
DICTIONARY
  5
1BCD5
330
1B4E4
100
AcDbDictionary
280
     1
281
     1
  0
DICTIONARY
  5
1BCC3
330
1B50E
100
AcDbDictionary
280
     1
281
     1
  0
DICTIONARY
  5
1BED3
330
1B525
100
AcDbDictionary
280
     1
281
     1
  0
DICTIONARY
  5
1B62C
330
1B623
100
AcDbDictionary
280
     1
281
     1
  3
ACAD_ENHANCEDBLOCK
360
1B62D
  3
ACAD_SORTENTS
360
1B638
  3
AcDbDynamicBlockRoundTripPurgePreventer
360
1B63F
  0
DICTIONARY
  5
1B6A0
330
1B6AF
100
AcDbDictionary
280
     1
281
     1
  3
ACAD_ENHANCEDBLOCK
360
1B6A1
  3
AcDbDynamicBlockRoundTripPurgePreventer
360
1B6B2
  0
DICTIONARY
  5
1B6D0
330
1B6CB
100
AcDbDictionary
280
     1
281
     1
  3
ACAD_SORTENTS
360
1B6D1
  0
DICTIONARY
  5
1B6F8
330
1B6F3
100
AcDbDictionary
280
     1
281
     1
  3
ACAD_SORTENTS
360
1B6F9
  0
DICTIONARY
  5
1B779
330
1B787
100
AcDbDictionary
280
     1
281
     1
  3
ACAD_ENHANCEDBLOCK
360
1B77A
  3
ACAD_SORTENTS
360
1B781
  3
AcDbDynamicBlockRoundTripPurgePreventer
360
1B78A
  0
DICTIONARY
  5
1B7A6
330
1B7A0
100
AcDbDictionary
280
     1
281
     1
  3
ACAD_SORTENTS
360
1B7A7
  0
DICTIONARY
  5
1B7CD
330
1B7DC
100
AcDbDictionary
280
     1
281
     1
  3
ACAD_ENHANCEDBLOCK
360
1B7CE
  3
AcDbDynamicBlockRoundTripPurgePreventer
360
1B7DF
  0
DICTIONARY
  5
1B9DB
330
1B9D6
100
AcDbDictionary
280
     1
281
     1
  0
DICTIONARY
  5
1B9F7
330
1B9F2
100
AcDbDictionary
280
     1
281
     1
  0
DICTIONARY
  5
1BF3A
330
1BF3E
100
AcDbDictionary
280
     1
281
     1
  3
ACAD_SORTENTS
360
1BF3B
  0
DICTIONARY
  5
101C035
330
101C034
100
AcDbDictionary
280
     1
281
     1
  3
ACAD_SORTENTS
360
101C036
  0
DICTIONARY
  5
101C543
330
101C4B4
100
AcDbDictionary
280
     1
281
     1
  0
DICTIONARY
  5
101CB0E
330
101C9AC
100
AcDbDictionary
280
     1
281
     1
  3
ACAD_SORTENTS
360
101CB0F
  0
DICTIONARY
  5
101CAE7
330
101C9C4
100
AcDbDictionary
280
     1
281
     1
  0
DICTIONARY
  5
289B
330
289A
100
AcDbDictionary
280
     1
281
     1
  3
ASDK_XREC_ANNOTATION_SCALE_INFO
360
289C
  0
DICTIONARY
  5
289F
330
289E
100
AcDbDictionary
280
     1
281
     1
  3
ASDK_XREC_ANNOTATION_SCALE_INFO
360
28A0
  0
DICTIONARY
  5
1B81C
330
1B81B
100
AcDbDictionary
280
     1
281
     1
  3
ASDK_XREC_ANNOTATION_SCALE_INFO
360
1B81D
  0
DICTIONARY
  5
1B81F
330
1B81E
100
AcDbDictionary
280
     1
281
     1
  3
ASDK_XREC_ANNOTATION_SCALE_INFO
360
1B820
  0
DICTIONARY
  5
1BA3F
330
1BA3E
100
AcDbDictionary
280
     1
281
     1
  3
ASDK_XREC_ANNOTATION_SCALE_INFO
360
1BA40
  0
DICTIONARY
  5
1BA65
330
1BA64
100
AcDbDictionary
280
     1
281
     1
  3
ASDK_XREC_ANNOTATION_SCALE_INFO
360
1BA66
  0
DICTIONARY
  5
101C7BC
330
101C7BB
100
AcDbDictionary
280
     1
281
     1
  3
ASDK_XREC_ANNOTATION_SCALE_INFO
360
101C7BD
  0
DICTIONARY
  5
101C7BF
330
101C7BE
100
AcDbDictionary
280
     1
281
     1
  3
ASDK_XREC_ANNOTATION_SCALE_INFO
360
101C7C0
  0
DICTIONARY
  5
1B83D
330
1B83C
100
AcDbDictionary
280
     1
281
     1
  3
ASDK_XREC_ANNOTATION_SCALE_INFO
360
1B83E
  0
DICTIONARY
  5
1B840
330
1B83F
100
AcDbDictionary
280
     1
281
     1
  3
ASDK_XREC_ANNOTATION_SCALE_INFO
360
1B841
  0
DICTIONARY
  5
101C192
330
101C191
100
AcDbDictionary
280
     1
281
     1
  3
ASDK_XREC_ANNOTATION_SCALE_INFO
360
101C193
  0
DICTIONARY
  5
101C195
330
101C194
100
AcDbDictionary
280
     1
281
     1
  3
ASDK_XREC_ANNOTATION_SCALE_INFO
360
101C196
  0
DICTIONARY
  5
1B848
330
1B847
100
AcDbDictionary
280
     1
281
     1
  3
ASDK_XREC_ANNOTATION_SCALE_INFO
360
1B849
  0
DICTIONARY
  5
1B84B
330
1B84A
100
AcDbDictionary
280
     1
281
     1
  3
ASDK_XREC_ANNOTATION_SCALE_INFO
360
1B84C
  0
DICTIONARY
  5
1B832
330
1B831
100
AcDbDictionary
280
     1
281
     1
  3
ASDK_XREC_ANNOTATION_SCALE_INFO
360
1B833
  0
DICTIONARY
  5
1B835
330
1B834
100
AcDbDictionary
280
     1
281
     1
  3
ASDK_XREC_ANNOTATION_SCALE_INFO
360
1B836
  0
DICTIONARY
  5
1A01E
330
1A01D
100
AcDbDictionary
280
     1
281
     1
  3
ASDK_XREC_ANNOTATION_SCALE_INFO
360
1A01F
  0
DICTIONARY
  5
1A021
330
1A020
100
AcDbDictionary
280
     1
281
     1
  3
ASDK_XREC_ANNOTATION_SCALE_INFO
360
1A022
  0
DICTIONARY
  5
1A9A0
330
1A99F
100
AcDbDictionary
280
     1
281
     1
  3
AcDbBlockRepresentation
360
1A9A1
  0
DICTIONARY
  5
1A9DB
330
1A9DA
100
AcDbDictionary
280
     1
281
     1
  3
AcDbBlockRepresentation
360
1A9DC
  0
DICTIONARY
  5
1A9EC
330
1A9EB
100
AcDbDictionary
280
     1
281
     1
  3
AcDbBlockRepresentation
360
1A9ED
  0
DICTIONARY
  5
1AC03
330
1AC02
100
AcDbDictionary
280
     1
281
     1
  3
AcDbBlockRepresentation
360
1AC04
  0
DICTIONARY
  5
1AFCE
330
1AFCD
100
AcDbDictionary
280
     1
281
     1
  3
AcDbBlockRepresentation
360
1AFCF
  0
DICTIONARY
  5
1B0AA
330
1B0A9
100
AcDbDictionary
280
     1
281
     1
  3
AcDbBlockRepresentation
360
1B0AB
  0
DICTIONARY
  5
1B6D2
330
1B6CA
100
AcDbDictionary
280
     1
281
     1
  3
AcDbBlockRepresentation
360
1B6D3
  0
DICTIONARY
  5
1B6FA
330
1B6F2
100
AcDbDictionary
280
     1
281
     1
  3
AcDbBlockRepresentation
360
1B6FB
  0
DICTIONARY
  5
1B7A8
330
1B79F
100
AcDbDictionary
280
     1
281
     1
  3
AcDbBlockRepresentation
360
1B7A9
  0
DICTIONARY
  5
1B8F9
330
1B8F8
100
AcDbDictionary
280
     1
281
     1
  3
AcDbBlockRepresentation
360
1B8FA
  0
DICTIONARY
  5
1B9CF
330
1B9CE
100
AcDbDictionary
280
     1
281
     1
  3
AcDbBlockRepresentation
360
1B9D0
  0
DICTIONARY
  5
1BC75
330
1BC74
100
AcDbDictionary
280
     1
281
     1
  3
AcDbBlockRepresentation
360
1BC76
  0
DICTIONARY
  5
1BC7D
330
1BC7C
100
AcDbDictionary
280
     1
281
     1
  3
AcDbBlockRepresentation
360
1BC7E
  0
DICTIONARY
  5
101C505
330
101C504
100
AcDbDictionary
280
     1
281
     1
  3
ACAD_MTEXT_2008_RT
360
101D110
  0
DICTIONARY
  5
101CC30
330
101CC2F
100
AcDbDictionary
280
     1
281
     1
  3
ACAD_MTEXT_2008_RT
360
101D111
  0
DICTIONARY
  5
101CE49
330
101CE48
100
AcDbDictionary
280
     1
281
     1
  3
ACAD_MTEXT_2008_RT
360
101D112
  0
DICTIONARY
  5
101C175
330
101C174
100
AcDbDictionary
280
     1
281
     1
  3
ASDK_XREC_ANNOTATION_SCALE_INFO
360
101C176
  0
DICTIONARY
  5
101C178
330
101C177
100
AcDbDictionary
280
     1
281
     1
  3
ASDK_XREC_ANNOTATION_SCALE_INFO
360
101C179
  0
DICTIONARY
  5
157C9
102
{ACAD_REACTORS
330
C
102
}
330
C
100
AcDbDictionary
281
     1
  0
DICTIONARY
  5
101D08F
102
{ACAD_REACTORS
330
C
102
}
330
C
100
AcDbDictionary
280
     1
281
     1
  0
XRECORD
  5
3AE1
102
{ACAD_REACTORS
330
C
102
}
330
C
100
AcDbXrecord
280
     1
300
AMECH_PP
300
2017
300
AMECH_PP_F_S
  0
DICTIONARY
  5
73
102
{ACAD_REACTORS
330
C
102
}
330
C
100
AcDbDictionary
281
     1
  0
DICTIONARY
  5
3AD6
102
{ACAD_REACTORS
330
C
102
}
330
C
100
AcDbDictionary
281
     1
  3
Imperial24
350
3AD7
  3
Metric50
350
15A10
  0
FIELDLIST
  5
8560
102
{ACAD_REACTORS
330
C
102
}
330
C
100
AcDbIdSet
 90
        4
330
855E
330
855F
330
8561
330
8562
100
AcDbFieldList
  0
DICTIONARY
  5
D
102
{ACAD_REACTORS
330
C
102
}
330
C
100
AcDbDictionary
281
     1
  0
DICTIONARY
  5
1A
102
{ACAD_REACTORS
330
C
102
}
330
C
100
AcDbDictionary
281
     1
  3
1 Forside
350
101C17B
  3
2 Forklaring
350
101C198
  3
3
350
1B843
  3
4
350
1B84E
  3
5
350
1B838
  3
6
350
1B822
  3
7
350
5E
  3
8
350
1A026
  3
Model
350
22
  3
SSP A3
350
1BA30
  3
SSP A4
350
101C7C6
  0
DICTIONARY
  5
72
102
{ACAD_REACTORS
330
C
102
}
330
C
100
AcDbDictionary
281
     1
  3
ByBlock
350
97
  3
ByLayer
350
96
  3
Global
350
98
  0
DICTIONARY
  5
D7
102
{ACAD_REACTORS
330
C
102
}
330
C
100
AcDbDictionary
281
     1
  3
KM
350
162F7
  3
Standard
350
D8
  0
DICTIONARY
  5
17
102
{ACAD_REACTORS
330
C
102
}
330
C
100
AcDbDictionary
281
     1
  3
Standard
350
18
  0
DICTIONARY
  5
10192
102
{ACAD_REACTORS
330
C
102
}
330
C
100
AcDbDictionary
281
     1
  0
DICTIONARY
  5
19
102
{ACAD_REACTORS
330
C
102
}
330
C
100
AcDbDictionary
281
     1
  0
ACDBDICTIONARYWDFLT
  5
E
102
{ACAD_REACTORS
330
C
102
}
330
C
100
AcDbDictionary
281
     1
  3
Normal
350
F
100
AcDbDictionaryWithDefault
340
F
  0
RAPIDRTRENDERSETTINGS
  5
101C2C9
102
{ACAD_REACTORS
330
C
102
}
330
C
100
AcDbRenderSettings
 90
        2
  1
Medium
290
     1
290
     0
290
     1
290
     1
  1

  1
Applies 5 rendering levels
 90
        0
100
AcDbRapidRTRenderSettings
 90
        3
 70
     0
 90
        5
 90
        1
 70
     1
 70
     2
 40
3.0
 40
3.0
290
     1
  0
DICTIONARY
  5
133FF
102
{ACAD_REACTORS
330
C
102
}
330
C
100
AcDbDictionary
281
     1
  3
Coffee-Break Quality
350
13403
  3
High
350
13402
  3
Low
350
13400
  3
Lunch Quality
350
13404
  3
Medium
350
13401
  3
Overnight Quality
350
13405
  0
DICTIONARY
  5
B6
102
{ACAD_REACTORS
330
C
102
}
330
C
100
AcDbDictionary
281
     1
  3
*A1
350
1669E
  3
*A2
350
1669F
  3
A0
350
B7
  0
DICTIONARY
  5
3AD3
102
{ACAD_REACTORS
330
C
102
}
330
C
100
AcDbDictionary
281
     1
  3
Imperial24
350
3AD5
  3
Metric50
350
15A0E
  0
DICTIONARY
  5
86
102
{ACAD_REACTORS
330
C
102
}
330
C
100
AcDbDictionary
281
     1
  3
Standard
350
87
  0
DICTIONARY
  5
99
102
{ACAD_REACTORS
330
C
102
}
330
C
100
AcDbDictionary
281
     1
  3
2dWireframe
350
9F
  3
3D Hidden
350
3A0B
  3
3dWireframe
350
F48
  3
Basic
350
9E
  3
Brighten
350
A5
  3
ColorChange
350
A9
  3
Conceptual
350
A2
  3
Dim
350
A4
  3
EdgeColorOff
350
175
  3
Facepattern
350
A8
  3
Flat
350
9A
  3
FlatWithEdges
350
9B
  3
Gouraud
350
9C
  3
GouraudWithEdges
350
9D
  3
Hidden
350
A1
  3
JitterOff
350
173
  3
Linepattern
350
A7
  3
OverhangOff
350
174
  3
Realistic
350
A3
  3
Shaded
350
182
  3
Shaded with edges
350
181
  3
Shades of Gray
350
17E
  3
Sketchy
350
17F
  3
Thicken
350
A6
  3
Wireframe
350
A0
  3
X-Ray
350
180
  0
WIPEOUTVARIABLES
  5
EDF3
102
{ACAD_REACTORS
330
C
102
}
330
C
100
AcDbWipeoutVariables
 70
     1
  0
XRECORD
  5
101D113
102
{ACAD_REACTORS
330
C
102
}
330
C
100
AcDbXrecord
280
     1
 90
        1
330
87
330
3AD5
330
3AD7
330
15A0E
330
15A10
330
101C0DB
330
101C0DC
330
101C504
330
101CC2F
330
101CE48
  0
DICTIONARY
  5
66
102
{ACAD_REACTORS
330
C
102
}
330
C
100
AcDbDictionary
281
     1
  3
CANNOSCALE
350
F0
  3
CMLEADERSTYLE
350
EF
  3
CTABLESTYLE
350
89
  3
CVIEWDETAILSTYLE
350
4B30
  3
CVIEWSECTIONSTYLE
350
4B31
  3
DIMASSOC
350
67
  3
FIELDEVAL
350
101D10A
  3
HIDETEXT
350
6B
  3
HPCOLOR
350
132DD
  3
HPTRANSPARENCY
350
132DC
  3
LAYEREVAL
350
14D
  3
LAYERNOTIFY
350
14E
  0
DICTIONARY
  5
851D
102
{ACAD_REACTORS
330
C
102
}
330
C
100
AcDbDictionary
281
     1
  3
AcmStdDictionary
350
8524
  0
DICTIONARY
  5
16BB
102
{ACAD_REACTORS
330
C
102
}
330
C
100
AcDbDictionary
281
     1
  3
_CurrQry
350
1BFF6
  0
DICTIONARY
  5
1BB4D
102
{ACAD_REACTORS
330
C
102
}
330
C
100
AcDbDictionary
281
     1
  3
Standard
350
1BB4E
  0
DICTIONARY
  5
1BB44
102
{ACAD_REACTORS
330
C
102
}
330
C
100
AcDbDictionary
281
     1
  3
Elevation
350
1BB48
  3
Model
350
1BB45
  3
Model High Detail
350
1BB4C
  3
Model Low Detail
350
1BB4B
  3
Plan
350
1BB46
  3
Plan High Detail
350
1BB4A
  3
Plan Low Detail
350
1BB49
  3
Reflected
350
1BB47
  0
DICTIONARY
  5
17740
102
{ACAD_REACTORS
330
C
102
}
330
C
100
AcDbDictionary
281
     1
  3
AecDbDispRep2dSection
350
1BB36
  3
AecDbDispRepAnchor
350
1BB2F
  3
AecDbDispRepAnchorBubToGrid
350
1BBC6
  3
AecDbDispRepAnchorBubToGridMdl
350
1BBC8
  3
AecDbDispRepAnchorBubToGridRcp
350
1BBCA
  3
AecDbDispRepAnchorEntToNode
350
1BB38
  3
AecDbDispRepAnchorExtendedTagToEnt
350
1BB3A
  3
AecDbDispRepAnchorTagToEnt
350
1BB32
  3
AecDbDispRepBdgElevLineModel
350
1BBCC
  3
AecDbDispRepBdgElevLinePlan
350
1BB7A
  3
AecDbDispRepBdgElevLinePlan100
350
1BB7C
  3
AecDbDispRepBdgElevLinePlan50
350
1BBAB
  3
AecDbDispRepBdgElevLineRcp
350
1BBCE
  3
AecDbDispRepBdgSectionLineModel
350
1BBD0
  3
AecDbDispRepBdgSectionLinePlan
350
1BB7E
  3
AecDbDispRepBdgSectionLinePlan100
350
1BB74
  3
AecDbDispRepBdgSectionLinePlan50
350
1BBAD
  3
AecDbDispRepBdgSectionLineRcp
350
1BBD2
  3
AecDbDispRepBdgSectionModel
350
1BBD4
  3
AecDbDispRepBdgSectionSubDiv
350
1BBD5
  3
AecDbDispRepCeilingGrid
350
1BB76
  3
AecDbDispRepCeilingGridModel
350
1BBD7
  3
AecDbDispRepCeilingGridPlan100
350
1BB80
  3
AecDbDispRepCeilingGridPlan50
350
1BBAF
  3
AecDbDispRepCeilingGridRcp
350
1BBD9
  3
AecDbDispRepClipVolModel
350
1BB34
  3
AecDbDispRepClipVolPlan
350
1BB30
  3
AecDbDispRepClipVolResSubDiv
350
1BB1C
  3
AecDbDispRepClipVolResult
350
1BB2E
  3
AecDbDispRepColumnGrid
350
1BB82
  3
AecDbDispRepColumnGridModel
350
1BBDB
  3
AecDbDispRepColumnGridPlan100
350
1BB84
  3
AecDbDispRepColumnGridPlan50
350
1BBB1
  3
AecDbDispRepColumnGridRcp
350
1BBDD
  3
AecDbDispRepCurtainWallLayoutModel
350
1BBDF
  3
AecDbDispRepCurtainWallLayoutPlan
350
1BB86
  3
AecDbDispRepCurtainWallLayoutPlan100
350
1BB88
  3
AecDbDispRepCurtainWallLayoutPlan50
350
1BBB3
  3
AecDbDispRepCurtainWallUnitModel
350
1BBE1
  3
AecDbDispRepCurtainWallUnitPlan
350
1BB8A
  3
AecDbDispRepCurtainWallUnitPlan100
350
1BB8C
  3
AecDbDispRepCurtainWallUnitPlan50
350
1BBB5
  3
AecDbDispRepDimGroupPlan
350
1BBE7
  3
AecDbDispRepDimGroupPlan100
350
1BBE3
  3
AecDbDispRepDimGroupPlan50
350
1BBE5
  3
AecDbDispRepDisplayTheme
350
1BB2C
  3
AecDbDispRepDoorElev
350
1BBEB
  3
AecDbDispRepDoorModel
350
1BBE9
  3
AecDbDispRepDoorNominal
350
1BBEF
  3
AecDbDispRepDoorPlan
350
1BBED
  3
AecDbDispRepDoorPlan50
350
1BBF1
  3
AecDbDispRepDoorPlanHekto
350
1BBF3
  3
AecDbDispRepDoorRcp
350
1BBF5
  3
AecDbDispRepDoorThresholdPlan
350
1BBF7
  3
AecDbDispRepDoorThresholdSymbolPlan
350
1BBF9
  3
AecDbDispRepEditInPlaceProfile
350
1BB2A
  3
AecDbDispRepEntRef
350
1BB28
  3
AecDbDispRepLayoutCurve
350
1BB26
  3
AecDbDispRepLayoutGrid2d
350
1BB24
  3
AecDbDispRepLayoutGrid3d
350
1BB22
  3
AecDbDispRepMaskBlockRef
350
1BB20
  3
AecDbDispRepMaskBlockRefRcp
350
1BBFB
  3
AecDbDispRepMassElemModel
350
1BB3C
  3
AecDbDispRepMassElemPlan100
350
1BBFD
  3
AecDbDispRepMassElemPlan50
350
1BBFF
  3
AecDbDispRepMassElemRcp
350
1BC01
  3
AecDbDispRepMassElemSchem
350
1BB3E
  3
AecDbDispRepMassGroupModel
350
1BB40
  3
AecDbDispRepMassGroupPlan
350
1BB42
  3
AecDbDispRepMassGroupPlan100
350
1BC03
  3
AecDbDispRepMassGroupPlan50
350
1BC05
  3
AecDbDispRepMassGroupRcp
350
1BC07
  3
AecDbDispRepMaterial
350
1BB1E
  3
AecDbDispRepMvBlockRef
350
1BB1B
  3
AecDbDispRepMvBlockRefModel
350
1BB1A
  3
AecDbDispRepMvBlockRefPlan100
350
1BB8E
  3
AecDbDispRepMvBlockRefPlan50
350
1BBB7
  3
AecDbDispRepMvBlockRefRcp
350
1BC09
  3
AecDbDispRepOpening
350
1BC0A
  3
AecDbDispRepOpeningModel
350
1BC0C
  3
AecDbDispRepOpeningPlan100
350
1BC0E
  3
AecDbDispRepOpeningPlan50
350
1BC10
  3
AecDbDispRepOpeningPlanReflected
350
1BC12
  3
AecDbDispRepOpeningSillPlan
350
1BC14
  3
AecDbDispRepPolygonModel
350
1BB18
  3
AecDbDispRepPolygonTrueColour
350
1BB16
  3
AecDbDispRepRailingModel
350
1BC16
  3
AecDbDispRepRailingPlan
350
1BC18
  3
AecDbDispRepRailingPlan100
350
1BC1A
  3
AecDbDispRepRailingPlan50
350
1BC1C
  3
AecDbDispRepRoofModel
350
1BC1E
  3
AecDbDispRepRoofPlan
350
1BB8F
  3
AecDbDispRepRoofPlan100
350
1BB91
  3
AecDbDispRepRoofPlan50
350
1BBB8
  3
AecDbDispRepRoofRcp
350
1BC20
  3
AecDbDispRepRoofSlabModel
350
1BC24
  3
AecDbDispRepRoofSlabPlan
350
1BB95
  3
AecDbDispRepRoofSlabPlan100
350
1BB97
  3
AecDbDispRepRoofSlabPlan50
350
1BBBA
  3
AecDbDispRepScheduleTable
350
1BB78
  3
AecDbDispRepSlabModel
350
1BC22
  3
AecDbDispRepSlabPlan
350
1BB93
  3
AecDbDispRepSlabPlan100
350
1BB99
  3
AecDbDispRepSlabPlan50
350
1BBBC
  3
AecDbDispRepSlice
350
1BB13
  3
AecDbDispRepSpaceDecomposed
350
1BC26
  3
AecDbDispRepSpaceModel
350
1BC28
  3
AecDbDispRepSpacePlan
350
1BB9B
  3
AecDbDispRepSpacePlan100
350
1BB9D
  3
AecDbDispRepSpacePlan50
350
1BBBE
  3
AecDbDispRepSpaceRcp
350
1BC2A
  3
AecDbDispRepSpaceVolume
350
1BC2C
  3
AecDbDispRepStairModel
350
1BC2E
  3
AecDbDispRepStairPlan
350
1BC30
  3
AecDbDispRepStairPlan100
350
1BC32
  3
AecDbDispRepStairPlan50
350
1BC34
  3
AecDbDispRepStairPlanOverlapping
350
1BC36
  3
AecDbDispRepStairRcp
350
1BC38
  3
AecDbDispRepWallGraph
350
1BC3A
  3
AecDbDispRepWallModel
350
1BC3C
  3
AecDbDispRepWallPlan
350
1BB9F
  3
AecDbDispRepWallPlan100
350
1BBA1
  3
AecDbDispRepWallPlan50
350
1BBC0
  3
AecDbDispRepWallRcp
350
1BC3E
  3
AecDbDispRepWallSchem
350
1BC40
  3
AecDbDispRepWindowAssemblyModel
350
1BC42
  3
AecDbDispRepWindowAssemblyPlan
350
1BBA3
  3
AecDbDispRepWindowAssemblyPlan100
350
1BBA5
  3
AecDbDispRepWindowAssemblyPlan50
350
1BBC2
  3
AecDbDispRepWindowAssemblySillPlan
350
1BC44
  3
AecDbDispRepWindowElev
350
1BC48
  3
AecDbDispRepWindowModel
350
1BC46
  3
AecDbDispRepWindowNominal
350
1BC4C
  3
AecDbDispRepWindowPlan
350
1BC4A
  3
AecDbDispRepWindowPlan100
350
1BC4E
  3
AecDbDispRepWindowPlan50
350
1BC50
  3
AecDbDispRepWindowRcp
350
1BC52
  3
AecDbDispRepWindowSillPlan
350
1BC54
  3
AecDbDispRepZone
350
1BBA7
  3
AecDbDispRepZonePlan100
350
1BBA9
  3
AecDbDispRepZonePlan50
350
1BBC4
  3
AecsDbDispRepMemberElevationDesign
350
1BB64
  3
AecsDbDispRepMemberElevationDetail
350
1BB66
  3
AecsDbDispRepMemberLogical
350
1BB68
  3
AecsDbDispRepMemberModelDesign
350
1BB6A
  3
AecsDbDispRepMemberModelDetail
350
1BB6C
  3
AecsDbDispRepMemberPlanDesign
350
1BB6E
  3
AecsDbDispRepMemberPlanDetail
350
1BB70
  3
AecsDbDispRepMemberPlanSketch
350
1BB72
  0
DICTIONARY
  5
1BB14
102
{ACAD_REACTORS
330
C
102
}
330
C
100
AcDbDictionary
281
     1
  3
*A1
350
1BB15
  3
*A10
350
1BC3B
  3
*A100
350
1BB3F
  3
*A101
350
1BB41
  3
*A102
350
1BC02
  3
*A103
350
1BB7F
  3
*A104
350
1BC49
  3
*A105
350
1BC17
  3
*A106
350
1BBE2
  3
*A107
350
1BBE8
  3
*A108
350
1BB2D
  3
*A109
350
1BBD6
  3
*A11
350
1BB67
  3
*A110
350
1BB81
  3
*A111
350
1BB92
  3
*A112
350
1BBE4
  3
*A113
350
1BB25
  3
*A114
350
1BB83
  3
*A115
350
1BB85
  3
*A116
350
1BC4B
  3
*A117
350
1BBC7
  3
*A118
350
1BC4F
  3
*A119
350
1BBC1
  3
*A12
350
1BC27
  3
*A120
350
1BB94
  3
*A121
350
1BB1D
  3
*A122
350
1BB87
  3
*A123
350
1BC2D
  3
*A124
350
1BB9E
  3
*A125
350
1BC3D
  3
*A126
350
1BBFE
  3
*A127
350
1BBB6
  3
*A128
350
1BC0B
  3
*A129
350
1BC0F
  3
*A13
350
1BBAE
  3
*A130
350
1BC00
  3
*A131
350
1BB73
  3
*A132
350
1BBA0
  3
*A133
350
1BBA2
  3
*A134
350
1BB2B
  3
*A135
350
1BB65
  3
*A136
350
1BBE6
  3
*A137
350
1BB6D
  3
*A138
350
1BBA4
  3
*A139
350
1BC4D
  3
*A14
350
1BBCB
  3
*A140
350
1BB37
  3
*A141
350
1BBB9
  3
*A15
350
1BBDE
  3
*A16
350
1BC37
  3
*A17
350
1BC2B
  3
*A18
350
1BBCD
  3
*A19
350
1BBCF
  3
*A2
350
1BB79
  3
*A20
350
1BB8B
  3
*A21
350
1BC19
  3
*A22
350
1BB90
  3
*A23
350
1BC11
  3
*A24
350
1BB43
  3
*A25
350
1BBE0
  3
*A26
350
1BBD1
  3
*A27
350
1BBD3
  3
*A28
350
1BB6B
  3
*A29
350
1BBEC
  3
*A3
350
1BBA6
  3
*A30
350
1BB7B
  3
*A31
350
1BC53
  3
*A32
350
1BC06
  3
*A33
350
1BB23
  3
*A34
350
1BB27
  3
*A35
350
1BBFC
  3
*A36
350
1BC55
  3
*A37
350
1BBBD
  3
*A38
350
1BBEE
  3
*A39
350
1BBF0
  3
*A4
350
1BBA8
  3
*A40
350
1BB31
  3
*A41
350
1BBAC
  3
*A42
350
1BC39
  3
*A43
350
1BBB4
  3
*A44
350
1BBF2
  3
*A45
350
1BB8D
  3
*A46
350
1BC1D
  3
*A47
350
1BB9C
  3
*A48
350
1BC08
  3
*A49
350
1BC31
  3
*A5
350
1BB19
  3
*A50
350
1BB75
  3
*A51
350
1BB69
  3
*A52
350
1BC1F
  3
*A53
350
1BC21
  3
*A54
350
1BBC3
  3
*A55
350
1BBD8
  3
*A56
350
1BB35
  3
*A57
350
1BBDC
  3
*A58
350
1BB29
  3
*A59
350
1BBAA
  3
*A6
350
1BBC9
  3
*A60
350
1BC33
  3
*A61
350
1BC23
  3
*A62
350
1BC25
  3
*A63
350
1BBB2
  3
*A64
350
1BC3F
  3
*A65
350
1BBF4
  3
*A66
350
1BBC5
  3
*A67
350
1BB96
  3
*A68
350
1BB1F
  3
*A69
350
1BC15
  3
*A7
350
1BB89
  3
*A70
350
1BC41
  3
*A71
350
1BC51
  3
*A72
350
1BB98
  3
*A73
350
1BC0D
  3
*A74
350
1BC43
  3
*A75
350
1BC45
  3
*A76
350
1BBF6
  3
*A77
350
1BB7D
  3
*A78
350
1BBFA
  3
*A79
350
1BB77
  3
*A8
350
1BB33
  3
*A80
350
1BC04
  3
*A81
350
1BC47
  3
*A82
350
1BBDA
  3
*A83
350
1BB39
  3
*A84
350
1BBEA
  3
*A85
350
1BB21
  3
*A86
350
1BB6F
  3
*A87
350
1BBBB
  3
*A88
350
1BBBF
  3
*A89
350
1BBB0
  3
*A9
350
1BC35
  3
*A90
350
1BB3B
  3
*A91
350
1BB3D
  3
*A92
350
1BC13
  3
*A93
350
1BC29
  3
*A94
350
1BB9A
  3
*A95
350
1BC2F
  3
*A96
350
1BB17
  3
*A97
350
1BBF8
  3
*A98
350
1BC1B
  3
*A99
350
1BB71
  0
DICTIONARY
  5
1303
102
{ACAD_REACTORS
330
C
102
}
330
C
100
AcDbDictionary
281
     1
  0
DICTIONARY
  5
1B9AF
102
{ACAD_REACTORS
330
C
102
}
330
C
100
AcDbDictionary
281
     1
  3
AEC_VARS_DWG_SETUP
350
1B9B0
  0
DICTIONARY
  5
84F2
102
{ACAD_REACTORS
330
C
102
}
330
C
100
AcDbDictionary
281
     1
  0
DICTIONARY
  5
856C
102
{ACAD_REACTORS
330
C
102
}
330
C
100
AcDbDictionary
281
     1
  0
DICTIONARY
  5
160EB
102
{ACAD_REACTORS
330
C
102
}
330
C
100
AcDbDictionary
281
     1
  3
ASEBlockHierarchyIndexRecord
350
160EC
1001
DCO15
1040
1926065639.492
  0
DICTIONARY
  5
3AE3
102
{ACAD_REACTORS
330
C
102
}
330
C
100
AcDbDictionary
281
     1
  3
AcMapDMStylizedEntities
350
3AF3
  3
AcMapResourceManager
350
3AE8
  3
MAP_DISPLAY_CUSTOMOBJ_REG_TABLE
350
3AE7
  3
MAP_DISPLAY_MANAGEMENT_DICTIONARY
350
3AE4
  3
MAP_DISPLAY_STYLELIBRARY_DICTIONARY
350
3AE5
  3
MAP_RESOURCE_VERSION_MANAGEMENT_DICTIONARY
350
3AF4
1001
MAPGWS
1000
C:\ProgramData\Autodesk\Autodesk AutoCAD Map 3D 2016\R20.1\MapCache\1_JBT_Sporplan_malGWS1512654436.xml
  0
DICTIONARY
  5
F6AA
102
{ACAD_REACTORS
330
C
102
}
330
C
100
AcDbDictionary
281
     1
  3
VNNP_SCALE
350
F6AB
  0
DICTIONARY
  5
18F
102
{ACAD_REACTORS
330
18E
102
}
330
18E
100
AcDbDictionary
281
     1
  3
ACAD_VIEWS_aLT1
350
1116B
  0
XRECORD
  5
11169
102
{ACAD_REACTORS
330
11168
102
}
330
11168
100
AcDbXrecord
280
     1
340
B7
  0
XRECORD
  5
1116E
102
{ACAD_REACTORS
330
11168
102
}
330
11168
100
AcDbXrecord
280
     1
 96
       -1
 91
        1
 92
        0
 93
        2
 94
        0
 95
        0
 41
0.5
 42
1.0
 43
183.0
 44
0.0
 45
0.0
 46
0.0
 47
0.0
 48
0.0
 49
0.0
 50
0.0
 51
0.0
 52
0.0
 53
0.0
  0
XRECORD
  5
1116A
102
{ACAD_REACTORS
330
11168
102
}
330
11168
100
AcDbXrecord
280
     1
300
<None>
302
ACAD_VIEWS_aLT1
330
22
294
     0
  0
SORTENTSTABLE
  5
233E
102
{ACAD_REACTORS
330
15D
102
}
330
15D
100
AcDbSortentsTable
330
1F
331
1B011
  5
1B022
331
1B015
  5
1B035
331
1B019
  5
1B037
331
1A959
  5
1A974
331
1AC88
  5
1AFCC
331
1B5D3
  5
1B077
331
1B44A
  5
1B65A
331
1AFCC
  5
1AFDC
331
1AC8C
  5
1AFD5
331
1B44E
  5
1B6C9
331
1B452
  5
1B745
331
1A9B8
  5
1A9D2
331
1B0B8
  5
1B0D0
331
1B07B
  5
1B088
331
1B0BC
  5
1B0D4
331
1B07F
  5
1B08C
331
1A9C4
  5
1A9D5
331
1B083
  5
1B090
331
1B0CC
  5
1B0D9
331
1B087
  5
1B097
331
1B6C6
  5
1858F
331
101C90D
  5
101C90E
331
1BE96
  5
1AFD9
331
1B9B2
  5
1BA0F
331
1BFA9
  5
101C273
331
1B9B6
  5
1BA12
331
101CB71
  5
101CB74
331
101CB75
  5
101CB79
331
1BFB5
  5
101C503
331
101CBBE
  5
101CBC8
331
1B3FA
  5
1B519
331
101CB79
  5
101CB7C
331
101CBC2
  5
101CBD0
331
101CB7D
  5
101CB80
331
1B108
  5
1B121
331
101CBC6
  5
18501
331
1B149
  5
1B161
331
1B181
  5
1B19A
331
1B10C
  5
1B125
331
1B14D
  5
1B165
331
1B185
  5
1B19E
331
1B34A
  5
1B3D4
331
1B110
  5
1B129
331
1B151
  5
1B169
331
1B34E
  5
1B3E5
331
1B189
  5
1B1A2
331
1B114
  5
1B12D
331
1B155
  5
1B16D
331
1B18D
  5
1B1A5
331
1B352
  5
1B3E8
331
101C504
  5
101C519
331
1B035
  5
1B06D
331
1AFD8
  5
1AFE1
331
1AFDC
  5
1AFE5
331
1A975
  5
1A99D
331
1B466
  5
1B79F
331
1B0D0
  5
1B0EE
331
1B08B
  5
1B098
331
1A9D0
  5
1A9D8
331
1A9D4
  5
1A9E3
331
1B093
  5
1B0A1
331
1B097
  5
1B0A5
331
1B8E1
  5
1B9B5
331
1B9BA
  5
1BA1E
331
1B9BE
  5
1BA22
331
1B8E9
  5
1B9BD
331
101CB8D
  5
101CB96
331
1B3CD
  5
1B3FB
331
101CBCE
  5
101CBDB
331
1B118
  5
1B131
331
1B159
  5
1B171
331
1B191
  5
1B1A9
331
1B15D
  5
1B175
331
1B195
  5
1B1AD
331
1B35A
  5
1B3F4
331
101C508
  5
101C6C2
331
1B120
  5
1B138
331
1B35E
  5
1B3F8
331
1B199
  5
1B1B1
331
1B124
  5
1B13C
331
1B19D
  5
1B346
331
1BA0C
  5
1BE6F
331
1BA10
  5
1BE73
331
1BA14
  5
1BE79
331
1AFE1
  5
1AFEA
331
1AFE5
  5
1AFEE
331
1AC10
  5
1AC7A
331
1AFE9
  5
1AFF5
331
1AC28
  5
1AC7B
331
1A9D9
  5
1A9EA
331
1B098
  5
1B0A6
331
1B03B
  5
1B071
331
1A998
  5
1A9AA
331
1B65A
  5
1B8E3
331
1B0A0
  5
1B0B4
331
1B0A4
  5
1B0B8
331
101C0D6
  5
101C507
331
101C0DA
  5
101C50B
331
1BE72
  5
1BE9B
331
1BE76
  5
1BEA0
331
1B8F6
  5
1B9C3
331
1BE7A
  5
1BF4F
331
1BE7E
  5
1BF73
331
101CB9E
  5
101CBA1
331
101CBA6
  5
101CBA9
331
1B129
  5
1B141
331
1B0D8
  5
1B106
331
1B12D
  5
1B145
331
1B161
  5
1B179
331
1B131
  5
1B149
331
1B165
  5
1B17D
331
1B1A2
  5
1B34D
331
1B9C0
  5
1BA23
331
1B1A6
  5
1B353
331
1B135
  5
1B14D
331
1B169
  5
1B181
331
1B9C4
  5
1BA2D
331
1BA1D
  5
1BE7A
331
1B16D
  5
1B185
331
1B1AA
  5
1B359
331
1BA21
  5
1BE7E
331
1B1AE
  5
1B35F
331
1B9CC
  5
1BC59
331
1B00D
  5
1B01A
331
1A94D
  5
1A954
331
1A951
  5
1A96A
331
1AC7C
  5
1AC84
331
1B446
  5
1B5CD
331
1B5CF
  5
185A0
331
19859
  5
1A94D
331
1B06B
  5
1B078
331
1B0A8
  5
1B0BC
331
1B06F
  5
1B07C
331
1B6F2
  5
1B8EA
331
1B073
  5
1B080
331
1B077
  5
1B084
331
1B7F4
  5
1B901
331
1B79F
  5
1B8F7
331
101C8F5
  5
101C8F6
331
1BE82
  5
1BF75
331
1B902
  5
1B9CE
331
101C905
  5
101C906
331
1BE8A
  5
1BF78
331
1B93E
  5
1BA0D
331
101CB61
  5
101CB64
331
101CBAA
  5
101CBAE
331
101CB65
  5
101CB68
331
1B3E6
  5
1B44A
331
101CBAE
  5
101CBB3
331
101CB69
  5
101CB6F
331
1B3EA
  5
1B44C
331
101CB6D
  5
101CB70
331
101CBB2
  5
101CBBF
331
101CBFD
  5
101CC03
331
1B3EE
  5
1B451
331
1B139
  5
1B151
331
1B13D
  5
1B155
331
1B100
  5
1B118
331
1B175
  5
1B18E
331
1B1B2
  5
1B3D0
331
1B145
  5
1B15D
331
1B104
  5
1B11D
331
1B179
  5
1B192
331
1BA2D
  5
1BE95
331
1B17D
  5
1B196
331
1B346
  5
1B3D2
331
1B010
  5
1B021
331
1B014
  5
1B034
331
1AC83
  5
1AC8C
331
1A958
  5
1A973
331
1AFCB
  5
1AFDB
331
1B449
  5
1B659
331
1B01C
  5
1B042
331
1B44D
  5
1B6C8
331
1B5D2
  5
1B076
331
1A960
  5
1A996
331
1B451
  5
1B712
331
1A9F8
  5
1AC18
331
1B07A
  5
1B087
331
1B0BB
  5
1B0D3
331
1AC00
  5
1AC2A
331
1A9C3
  5
1A9D4
331
1B07E
  5
1B08B
331
1B0BF
  5
1B0D5
331
1B712
  5
1B8EB
331
1B082
  5
1B08F
331
1B0CB
  5
1B0D8
331
1B086
  5
1B093
331
1B0CF
  5
1B0DF
331
101C90C
  5
101C90D
331
1BE9D
  5
1B101
331
1B9B5
  5
1BA11
331
1B3F1
  5
1B458
331
101CB70
  5
101CB73
331
101CBBD
  5
101CBC6
331
101CB74
  5
101CB77
331
1BFB4
  5
101C502
331
1B3F9
  5
1B4F1
331
101CBC1
  5
101CBCE
331
1B148
  5
1B160
331
1B10B
  5
1B124
331
1B14C
  5
1B164
331
1B10F
  5
1B128
331
1B180
  5
1B199
331
1B150
  5
1B168
331
1B113
  5
1B12C
331
1B34D
  5
1B3DA
331
1B184
  5
1B19D
331
1B154
  5
1B16C
331
1B117
  5
1B130
331
1B351
  5
1B3E6
331
1B188
  5
1B1A1
331
101C503
  5
101C515
331
1B355
  5
1B3ED
331
1B18C
  5
1B1A4
331
1B034
  5
1B06B
331
1AFD7
  5
1AFE0
331
1AFDB
  5
1AFE4
331
1AFDF
  5
1AFE8
331
1A974
  5
1A99C
331
1A9CF
  5
1A9D7
331
1A9D3
  5
1A9E2
331
1B0D7
  5
1B105
331
1A9D7
  5
1A9E7
331
1B6CA
  5
1B8E8
331
1B092
  5
1B0A0
331
1B096
  5
1B0A4
331
1BEA1
  5
1BF7B
331
1B8E0
  5
1B9B3
331
1B9B9
  5
1BA1D
331
1B8E4
  5
1B9B8
331
1B9BD
  5
1BA21
331
1B8E8
  5
1B9BB
331
101CB8C
  5
101CB93
331
101CBCD
  5
101CBDA
331
101CB90
  5
101CB9B
331
1B158
  5
1B170
331
1B11B
  5
1B134
331
1B15C
  5
1B174
331
1B11F
  5
1B137
331
1B359
  5
1B3F3
331
1B190
  5
1B1A8
331
1B123
  5
1B13B
331
1B35D
  5
1B3F7
331
1B194
  5
1B1AC
331
1BA0B
  5
1BE6E
331
1B127
  5
1B13F
331
1B198
  5
1B1B0
331
1BA0F
  5
1BE72
331
1B19C
  5
1B239
331
1BA13
  5
1BE78
331
1AFE0
  5
1AFE9
331
1AFE4
  5
1AFED
331
1AFE8
  5
1AFF4
331
1A9D8
  5
1A9E9
331
1A997
  5
1A99F
331
1B03A
  5
1B070
331
1B09B
  5
1B0A9
331
1B659
  5
1B8E2
331
1B09F
  5
1B0B3
331
1A99F
  5
1A9D0
331
1B042
  5
1B075
331
1B0A3
  5
1B0B7
331
1B0A7
  5
1B0BB
331
101C0D5
  5
101C506
331
101C0D9
  5
101C50A
331
1BE71
  5
1BE9A
331
1BC7C
  5
18513
331
1BE75
  5
1BE9F
331
1BE79
  5
1BED7
331
1BE7D
  5
1BF72
331
1B360
  5
1B3FA
331
1B3D5
  5
1B444
331
101CB9D
  5
101CBA0
331
101CBD0
  5
101CBF6
331
101CBA1
  5
101CBA8
331
101CBD4
  5
101CBFB
331
1B128
  5
1B140
331
1B12C
  5
1B144
331
1B1A1
  5
1B34C
331
1B160
  5
1B178
331
1B130
  5
1B148
331
1B1A5
  5
1B352
331
1B164
  5
1B17C
331
101C273
  5
101C50F
331
1B9C3
  5
1BA2C
331
1B134
  5
1B14C
331
1B0E7
  5
1B10D
331
1B1A9
  5
1B358
331
1B168
  5
1B180
331
1B1AD
  5
1B35E
331
1B16C
  5
1B184
331
1BA20
  5
1BE7D
331
1B004
  5
1B013
331
1B008
  5
1B015
331
1AC77
  5
1AC7F
331
1A94C
  5
1A953
331
1B00C
  5
1B019
331
1AC7B
  5
1AC82
331
1A950
  5
1A958
331
1AC7F
  5
1AC87
331
1B445
  5
1B573
331
1A9E8
  5
1A9FA
331
1B5CE
  5
1B746
331
19858
  5
19AFB
331
1B06E
  5
1B07B
331
1A9B7
  5
1A9D1
331
1A9F4
  5
1AC0F
331
1B072
  5
1B07F
331
1B0B3
  5
1B0C6
331
1B7F3
  5
1B8F8
331
1B79E
  5
1B8F6
331
1BE81
  5
1BF74
331
1B901
  5
1B9CD
331
1B905
  5
1BA0C
331
101C904
  5
101C905
331
101CBA9
  5
101CBAD
331
101CB60
  5
101CB61
331
101CBAD
  5
101CBB2
331
101CB64
  5
101CB67
331
101CBB1
  5
101CBBE
331
1B3ED
  5
1B450
331
101CB68
  5
101CB6D
331
101CBFC
  5
101CBD3
331
1B138
  5
1B150
331
1B13C
  5
1B154
331
101CC04
  5
101CBAF
331
1B1B1
  5
1B3CE
331
1B103
  5
1B11B
331
1B174
  5
1B18D
331
101C38B
  5
101C510
331
1BA28
  5
1BE83
331
1B144
  5
1B15C
331
1B107
  5
1B120
331
1B178
  5
1B191
331
1BA2C
  5
1BE8A
331
1B17C
  5
1B195
331
1B013
  5
1B033
331
1B017
  5
1B036
331
1A95B
  5
1A994
331
1AFCA
  5
1AFDA
331
1B01B
  5
1B03A
331
1AC86
  5
1AFCB
331
1A95F
  5
1A995
331
1B44C
  5
1B6C7
331
1B450
  5
1B6F2
331
1B079
  5
1B086
331
1B07D
  5
1B08A
331
1B0BA
  5
1B0D2
331
1B081
  5
1B08E
331
1B085
  5
1B092
331
1B0CA
  5
1B0D7
331
1B0CE
  5
1B0DD
331
101C90B
  5
101C90C
331
1BE9C
  5
1B0FF
331
1B8DF
  5
1B9B2
331
1B3F0
  5
1B457
331
101CB73
  5
101CB76
331
1B3F8
  5
1B4A3
331
101CB77
  5
101CB7B
331
101CBC0
  5
101CBCD
331
1B3FC
  5
1B554
331
101CB7B
  5
101CB7E
331
1B14B
  5
1B163
331
1B10A
  5
1B123
331
1B14F
  5
1B167
331
1B10E
  5
1B127
331
1B183
  5
1B19C
331
1B34C
  5
1B3D8
331
1B153
  5
1B16B
331
1B112
  5
1B12B
331
1B187
  5
1B1A0
331
1B157
  5
1B16F
331
1B116
  5
1B12F
331
1B18B
  5
1B1A3
331
1B354
  5
1B3EB
331
1B18F
  5
1B1A7
331
101C506
  5
101C51A
331
1B033
  5
1B049
331
1AFD6
  5
1AFDF
331
1AFDA
  5
1AFE3
331
1A973
  5
1A99B
331
1AFDE
  5
1AFE7
331
1AC0F
  5
1AC36
331
1B08D
  5
1B09F
331
1A9D2
  5
1A9DA
331
1B6C9
  5
1B8E6
331
1B0D6
  5
1B104
331
1A9D6
  5
1A9E5
331
1B095
  5
1B0A3
331
1B746
  5
1B8F5
331
1BEA0
  5
1BF7A
331
1B9B8
  5
1BA14
331
1B8E3
  5
1B9B7
331
1B9BC
  5
1BA20
331
1B8E7
  5
1B9BA
331
1BC74
  5
18516
331
1B8EB
  5
1B9C0
331
1BE6F
  5
1BE98
331
101CBC8
  5
101CBD4
331
101CBCC
  5
101CBD7
331
101CB93
  5
101CB9C
331
1B3CF
  5
1B3FE
331
1B15B
  5
1B173
331
1B11A
  5
1B133
331
1B358
  5
1B3F1
331
1B15F
  5
1B177
331
1B11E
  5
1B136
331
1B193
  5
1B1AB
331
1B122
  5
1B13A
331
1B197
  5
1B1AF
331
101C50A
  5
101C6C4
331
1BA0A
  5
1BE03
331
1B126
  5
1B13E
331
1B19B
  5
1B238
331
1B19F
  5
1B34A
331
1BA0E
  5
1BE71
331
1BA12
  5
1BE75
331
1AFE3
  5
1AFEC
331
1AFE7
  5
1AFF0
331
18533
  5
1859F
331
1A996
  5
1A99E
331
1B039
  5
1B06F
331
1B658
  5
1B8E1
331
1A99A
  5
1A9AC
331
1A9E3
  5
1A9F3
331
1B09A
  5
1B0A8
331
1A99E
  5
1A9B9
331
1A9E7
  5
1A9F7
331
1B09E
  5
1B0B2
331
1B0A2
  5
1B0B6
331
1B0A6
  5
1B0BA
331
101C0D4
  5
101C504
331
1BE70
  5
1BE99
331
101C0D8
  5
101C509
331
1BE74
  5
1BE9D
331
101C0DC
  5
101C50D
331
101C8EB
  5
101C8F5
331
1BE78
  5
1BEA2
331
1B8F8
  5
1B9C9
331
1BE7C
  5
1BF71
331
1B3D0
  5
1B442
331
1BED7
  5
1BFA9
331
1B3D8
  5
1B449
331
101CB9C
  5
101CB9F
331
101CBD3
  5
101CBFA
331
101CBA0
  5
101CBA7
331
101CBD7
  5
101CBFC
331
101CB5F
  5
101CB60
331
101CBDB
  5
101CBFE
331
1B12B
  5
1B143
331
1B1A0
  5
1B34B
331
1B12F
  5
1B147
331
1B163
  5
1B17B
331
1B1A4
  5
1B351
331
1B0E2
  5
1B10A
331
1B133
  5
1B14B
331
1B167
  5
1B17F
331
1B1A8
  5
1B355
331
1B0E6
  5
1B10C
331
1B137
  5
1B14F
331
1B16B
  5
1B183
331
1B9C2
  5
1BA2B
331
1B1AC
  5
1B35D
331
1BA1F
  5
1BE7C
331
1BA23
  5
1BE82
331
1B9CE
  5
1BE02
331
1B003
  5
1B012
331
1B00B
  5
1B017
331
1AC76
  5
1AC7E
331
1A94F
  5
1A957
331
1B00F
  5
1B01C
331
1AC7A
  5
1AC81
331
1AC7E
  5
1AC85
331
1A957
  5
1A972
331
1A9EB
  5
1AC02
331
1B06D
  5
1B07A
331
1A9F7
  5
1AC17
331
1B071
  5
1B07E
331
1B075
  5
1B083
331
1B0B2
  5
1B0C1
331
1B900
  5
1B9CC
331
101C8F7
  5
101C902
331
1BE84
  5
1BF77
331
1B904
  5
1BA0B
331
101C903
  5
101C904
331
101C907
  5
101C90A
331
101CBA8
  5
101CBAB
331
101CB63
  5
101CB66
331
101CBAC
  5
101CBB1
331
1B3E8
  5
1B44B
331
101CB67
  5
101CB6C
331
101CBFB
  5
101CB63
331
1B3EC
  5
1B44E
331
101CBB0
  5
101CBBD
331
101CB6F
  5
101CB72
331
1B13B
  5
1B153
331
101CC03
  5
101CBAC
331
1B13F
  5
1B15B
331
1B173
  5
1B18C
331
1B1B0
  5
1B3CD
331
1B102
  5
1B11A
331
1B177
  5
1B190
331
1B106
  5
1B11F
331
1B147
  5
1B15F
331
1B17B
  5
1B194
331
1BA2B
  5
1BE84
331
1B17F
  5
1B198
331
1B012
  5
1B023
331
1AC81
  5
1AC89
331
1AC85
  5
1AC8D
331
1A95A
  5
1A993
331
1B5D0
  5
1A950
331
1AFCD
  5
1AFDD
331
1B01A
  5
1B039
331
1AC89
  5
1AFCD
331
1B44B
  5
1B6C6
331
1B5D4
  5
1B107
331
1AC8D
  5
1AFD7
331
1B44F
  5
1B6CA
331
1A9FA
  5
1AC28
331
1B0B9
  5
1B0D1
331
1B078
  5
1B085
331
1A9C5
  5
1A9D6
331
1AC02
  5
1AC35
331
1B07C
  5
1B089
331
1B0C9
  5
1B0D6
331
1B080
  5
1B08D
331
1B0CD
  5
1B0DB
331
1B084
  5
1B091
331
1B6C7
  5
1B8E4
331
101C90A
  5
101C90B
331
101C90E
  5
101C9EC
331
1BE97
  5
1B3D1
331
1BE9B
  5
1B0F4
331
1B9B3
  5
1BA10
331
1BE9F
  5
1BF79
331
1B9B7
  5
1BA13
331
1BFAA
  5
101C38B
331
1B3F3
  5
1B466
331
1B3F7
  5
1B4A2
331
101CB72
  5
101CB75
331
1B3FB
  5
1B530
331
101CBBF
  5
101CBCC
331
101CB76
  5
101CB7A
331
101CB7A
  5
101CB7D
331
1B109
  5
1B122
331
101CBC7
  5
101CBD2
331
101CB7E
  5
101CB81
331
1B10D
  5
1B126
331
1B14A
  5
1B162
331
1B182
  5
1B19B
331
1B14E
  5
1B166
331
1B111
  5
1B12A
331
1B34B
  5
1B3D5
331
1B115
  5
1B12E
331
1B152
  5
1B16A
331
1B186
  5
1B19F
331
1B156
  5
1B16E
331
1B353
  5
1B3EA
331
1B18E
  5
1B1A6
331
1AFD5
  5
1AFDE
331
1B036
  5
1B06E
331
1AFD9
  5
1AFE2
331
1AC9D
  5
1AFD8
331
1AFDD
  5
1AFE6
331
1A972
  5
1A997
331
1A9D1
  5
1A9D9
331
1B0D1
  5
1B0F3
331
1B6C8
  5
1B8E5
331
1A9D5
  5
1A9E4
331
1B08C
  5
1B099
331
1B094
  5
1B0A2
331
1B745
  5
1B8EC
331
1B9BB
  5
1BA1F
331
1B8E2
  5
1B9B6
331
1B8E6
  5
1B9B9
331
1B8EA
  5
1B9BE
331
1BE6E
  5
1BE97
331
1B3CE
  5
1B3FC
331
1B119
  5
1B132
331
101CB96
  5
101CB9D
331
1B11D
  5
1B135
331
1B15A
  5
1B172
331
1B192
  5
1B1AA
331
1B15E
  5
1B176
331
1B121
  5
1B139
331
1B35B
  5
1B3F6
331
101C509
  5
101C6C3
331
1B196
  5
1B1AE
331
1B125
  5
1B13D
331
1B35F
  5
1B3F9
331
1B19A
  5
1B1B2
331
1BA0D
  5
1BE70
331
1B19E
  5
1B347
331
1BA11
  5
1BE74
331
1AFE2
  5
1AFEB
331
1AFE6
  5
1AFEF
331
1AFEA
  5
1AFF6
331
1A9DA
  5
1A9EB
331
1B099
  5
1B0A7
331
1A999
  5
1A9AB
331
1B09D
  5
1B0B1
331
1A99D
  5
1A9B8
331
1B0A1
  5
1B0B5
331
1A9E6
  5
1A9F5
331
1B0A5
  5
1B0B9
331
101C0D7
  5
101C508
331
101C0DB
  5
101C50C
331
1BE73
  5
1BE9C
331
1B8F7
  5
1B9C4
331
1BE77
  5
1BEA1
331
1BE7B
  5
1BF70
331
1B3D7
  5
1B445
331
101CB9B
  5
101CB9E
331
101CB9F
  5
101CBA6
331
101CBD2
  5
101CBF7
331
101CBA7
  5
101CBAA
331
101CBDA
  5
101CBFD
331
1B12A
  5
1B142
331
1B162
  5
1B17A
331
1B1A3
  5
1B34E
331
1B12E
  5
1B146
331
1B166
  5
1B17E
331
1B1A7
  5
1B354
331
1B9C1
  5
1BA28
331
1B0E5
  5
1B10B
331
1B132
  5
1B14A
331
1B16A
  5
1B182
331
1B1AB
  5
1B35A
331
1B136
  5
1B14E
331
1BA1E
  5
1BE7B
331
1B16E
  5
1B18B
331
1B1AF
  5
1B360
331
1B9C9
  5
1BA2E
331
1B9CD
  5
1BC5A
331
1BA22
  5
1BE81
331
1AC75
  5
1AC7D
331
1B006
  5
1B014
331
1AC79
  5
1AC80
331
1A94A
  5
1A952
331
1B00E
  5
1B01B
331
1A94E
  5
1A956
331
1A9EA
  5
1AC00
331
1B0A9
  5
1B0BF
331
1B06C
  5
1B079
331
1B0B1
  5
1B0C0
331
1B070
  5
1B07D
331
1A9F6
  5
1AC10
331
1B074
  5
1B081
331
1B903
  5
1BA0A
331
101C8F6
  5
101C8F7
331
1BE83
  5
1BF76
331
101C902
  5
101C903
331
101C906
  5
101C907
331
1B93F
  5
1BA0E
331
101CBAB
  5
101CBB0
331
101CB62
  5
101CB65
331
1B3EB
  5
1B44D
331
101CBAF
  5
101CBB7
331
101CB66
  5
101CB69
331
101CBB3
  5
101CBC0
331
101CBFA
  5
101CBC7
331
101CB6E
  5
101CB71
331
101CBB7
  5
101CBC2
331
101CBFE
  5
101CC04
331
1B0ED
  5
1B114
331
1B13A
  5
1B152
331
1B13E
  5
1B156
331
1B101
  5
1B119
331
1B176
  5
1B18F
331
1B105
  5
1B11E
331
1B17A
  5
1B193
331
1B146
  5
1B15E
331
1B17E
  5
1B197
331
1B347
  5
1B3D3
331
1BA2E
  5
1BE96
  0
SORTENTSTABLE
  5
1B3B7
102
{ACAD_REACTORS
330
1B3B6
102
}
330
1B3B6
100
AcDbSortentsTable
330
106F6
331
1B3B4
  5
1B3B4
  0
ACAD_EVALUATION_GRAPH
  5
14747
102
{ACAD_REACTORS
330
14746
102
}
330
14746
100
AcDbEvalGraph
 96
       10
 97
       10
 91
        0
 93
       32
 95
        3
360
14748
 92
        2
 92
        5
 92
        0
 92
        6
 91
        1
 93
       32
 95
        4
360
14749
 92
       -1
 92
       -1
 92
        2
 92
        2
 91
        2
 93
       32
 95
        5
360
1474A
 92
        0
 92
        0
 92
       -1
 92
       -1
 91
        3
 93
       32
 95
        6
360
1474B
 92
        1
 92
        1
 92
       -1
 92
       -1
 91
        4
 93
       32
 95
        7
360
1474C
 92
       -1
 92
       -1
 92
        5
 92
        5
 91
        5
 93
       32
 95
        8
360
1474D
 92
        3
 92
        3
 92
       -1
 92
       -1
 91
        6
 93
       32
 95
        9
360
1474E
 92
        4
 92
        4
 92
       -1
 92
       -1
 91
        7
 93
       32
 95
       10
360
1474F
 92
        6
 92
        6
 92
       -1
 92
       -1
 92
        0
 93
        0
 94
        1
 91
        0
 91
        2
 92
       -1
 92
       -1
 92
       -1
 92
        1
 92
       -1
 92
        1
 93
        0
 94
        1
 91
        0
 91
        3
 92
       -1
 92
       -1
 92
        0
 92
        3
 92
       -1
 92
        2
 93
        0
 94
        2
 91
        1
 91
        0
 92
       -1
 92
        5
 92
       -1
 92
       -1
 92
       -1
 92
        3
 93
        0
 94
        1
 91
        0
 91
        5
 92
       -1
 92
       -1
 92
        1
 92
        4
 92
       -1
 92
        4
 93
        0
 94
        1
 91
        0
 91
        6
 92
       -1
 92
       -1
 92
        3
 92
        6
 92
       -1
 92
        5
 93
        0
 94
        2
 91
        4
 91
        0
 92
        2
 92
       -1
 92
       -1
 92
       -1
 92
       -1
 92
        6
 93
        0
 94
        2
 91
        0
 91
        7
 92
       -1
 92
       -1
 92
        4
 92
       -1
 92
       -1
  0
ACDB_DYNAMICBLOCKPURGEPREVENTER_VERSION
  5
14755
102
{ACAD_REACTORS
330
14746
102
}
330
14746
100
AcDbDynamicBlockPurgePreventer
 70
     1
  0
ACAD_EVALUATION_GRAPH
  5
150D3
102
{ACAD_REACTORS
330
150D2
102
}
330
150D2
100
AcDbEvalGraph
 96
       10
 97
       10
 91
        0
 93
       32
 95
        3
360
150D4
 92
        2
 92
        5
 92
        0
 92
        6
 91
        1
 93
       32
 95
        4
360
150D5
 92
       -1
 92
       -1
 92
        2
 92
        2
 91
        2
 93
       32
 95
        5
360
150D6
 92
        0
 92
        0
 92
       -1
 92
       -1
 91
        3
 93
       32
 95
        6
360
150D7
 92
        1
 92
        1
 92
       -1
 92
       -1
 91
        4
 93
       32
 95
        7
360
150D8
 92
       -1
 92
       -1
 92
        5
 92
        5
 91
        5
 93
       32
 95
        8
360
150D9
 92
        3
 92
        3
 92
       -1
 92
       -1
 91
        6
 93
       32
 95
        9
360
150DA
 92
        4
 92
        4
 92
       -1
 92
       -1
 91
        7
 93
       32
 95
       10
360
150DB
 92
        6
 92
        6
 92
       -1
 92
       -1
 92
        0
 93
        0
 94
        1
 91
        0
 91
        2
 92
       -1
 92
       -1
 92
       -1
 92
        1
 92
       -1
 92
        1
 93
        0
 94
        1
 91
        0
 91
        3
 92
       -1
 92
       -1
 92
        0
 92
        3
 92
       -1
 92
        2
 93
        0
 94
        2
 91
        1
 91
        0
 92
       -1
 92
        5
 92
       -1
 92
       -1
 92
       -1
 92
        3
 93
        0
 94
        1
 91
        0
 91
        5
 92
       -1
 92
       -1
 92
        1
 92
        4
 92
       -1
 92
        4
 93
        0
 94
        1
 91
        0
 91
        6
 92
       -1
 92
       -1
 92
        3
 92
        6
 92
       -1
 92
        5
 93
        0
 94
        2
 91
        4
 91
        0
 92
        2
 92
       -1
 92
       -1
 92
       -1
 92
       -1
 92
        6
 93
        0
 94
        2
 91
        0
 91
        7
 92
       -1
 92
       -1
 92
        4
 92
       -1
 92
       -1
  0
ACDB_DYNAMICBLOCKPURGEPREVENTER_VERSION
  5
150E5
102
{ACAD_REACTORS
330
150D2
102
}
330
150D2
100
AcDbDynamicBlockPurgePreventer
 70
     1
  0
ACAD_EVALUATION_GRAPH
  5
19AC8
102
{ACAD_REACTORS
330
19AC7
102
}
330
19AC7
100
AcDbEvalGraph
 96
        8
 97
        8
 91
        0
 93
       32
 95
        1
360
19ACA
 92
        2
 92
        2
 92
        0
 92
        3
 91
        1
 93
       32
 95
        2
360
19ACB
 92
       -1
 92
       -1
 92
        2
 92
        2
 91
        2
 93
       32
 95
        3
360
19ACC
 92
        0
 92
        0
 92
       -1
 92
       -1
 91
        3
 93
       32
 95
        4
360
19ACD
 92
        1
 92
        1
 92
       -1
 92
       -1
 91
        4
 93
       32
 95
        8
360
19AD5
 92
        3
 92
        3
 92
       -1
 92
       -1
 92
        0
 93
        0
 94
        1
 91
        0
 91
        2
 92
       -1
 92
       -1
 92
       -1
 92
        1
 92
       -1
 92
        1
 93
        0
 94
        1
 91
        0
 91
        3
 92
       -1
 92
       -1
 92
        0
 92
        3
 92
       -1
 92
        2
 93
        0
 94
        2
 91
        1
 91
        0
 92
       -1
 92
       -1
 92
       -1
 92
       -1
 92
       -1
 92
        3
 93
        0
 94
        2
 91
        0
 91
        4
 92
       -1
 92
       -1
 92
        1
 92
       -1
 92
       -1
  0
ACDB_DYNAMICBLOCKPURGEPREVENTER_VERSION
  5
19ADC
102
{ACAD_REACTORS
330
19AC7
102
}
330
19AC7
100
AcDbDynamicBlockPurgePreventer
 70
     1
  0
ACAD_EVALUATION_GRAPH
  5
1B42A
102
{ACAD_REACTORS
330
1B429
102
}
330
1B429
100
AcDbEvalGraph
 96
        9
 97
        9
 91
        0
 93
       32
 95
        2
360
1B42B
 92
        2
 92
        2
 92
        0
 92
        3
 91
        1
 93
       32
 95
        3
360
1B42C
 92
       -1
 92
       -1
 92
        2
 92
        2
 91
        2
 93
       32
 95
        4
360
1B42D
 92
        0
 92
        0
 92
       -1
 92
       -1
 91
        3
 93
       32
 95
        5
360
1B42E
 92
        1
 92
        1
 92
       -1
 92
       -1
 91
        4
 93
       32
 95
        9
360
1B42F
 92
        3
 92
        3
 92
       -1
 92
       -1
 92
        0
 93
        0
 94
        1
 91
        0
 91
        2
 92
       -1
 92
       -1
 92
       -1
 92
        1
 92
       -1
 92
        1
 93
        0
 94
        1
 91
        0
 91
        3
 92
       -1
 92
       -1
 92
        0
 92
        3
 92
       -1
 92
        2
 93
        0
 94
        2
 91
        1
 91
        0
 92
       -1
 92
       -1
 92
       -1
 92
       -1
 92
       -1
 92
        3
 93
        0
 94
        2
 91
        0
 91
        4
 92
       -1
 92
       -1
 92
        1
 92
       -1
 92
       -1
  0
ACDB_DYNAMICBLOCKPURGEPREVENTER_VERSION
  5
1B435
102
{ACAD_REACTORS
330
1B429
102
}
330
1B429
100
AcDbDynamicBlockPurgePreventer
 70
     1
  0
ACAD_EVALUATION_GRAPH
  5
1B371
102
{ACAD_REACTORS
330
1B370
102
}
330
1B370
100
AcDbEvalGraph
 96
       36
 97
       36
 91
        0
 93
       32
 95
       21
360
1B372
 92
        2
 92
        2
 92
        0
 92
        3
 91
        1
 93
       32
 95
       22
360
1B373
 92
       -1
 92
       -1
 92
        2
 92
        2
 91
        2
 93
       32
 95
       23
360
1B374
 92
        0
 92
        0
 92
       -1
 92
       -1
 91
        3
 93
       32
 95
       24
360
1B375
 92
        1
 92
        1
 92
       -1
 92
       -1
 91
        4
 93
       32
 95
       28
360
1B376
 92
        3
 92
        3
 92
       -1
 92
       -1
 91
        5
 93
       32
 95
       29
360
1B377
 92
        6
 92
        6
 92
        4
 92
        7
 91
        6
 93
       32
 95
       30
360
1B378
 92
       -1
 92
       -1
 92
        6
 92
        6
 91
        7
 93
       32
 95
       31
360
1B379
 92
        4
 92
        4
 92
       -1
 92
       -1
 91
        8
 93
       32
 95
       32
360
1B37A
 92
        5
 92
        5
 92
       -1
 92
       -1
 91
        9
 93
       32
 95
       36
360
1B37B
 92
        7
 92
        7
 92
       -1
 92
       -1
 92
        0
 93
        0
 94
        1
 91
        0
 91
        2
 92
       -1
 92
       -1
 92
       -1
 92
        1
 92
       -1
 92
        1
 93
        0
 94
        1
 91
        0
 91
        3
 92
       -1
 92
       -1
 92
        0
 92
        3
 92
       -1
 92
        2
 93
        0
 94
        2
 91
        1
 91
        0
 92
       -1
 92
       -1
 92
       -1
 92
       -1
 92
       -1
 92
        3
 93
        0
 94
        2
 91
        0
 91
        4
 92
       -1
 92
       -1
 92
        1
 92
       -1
 92
       -1
 92
        4
 93
        0
 94
        1
 91
        5
 91
        7
 92
       -1
 92
       -1
 92
       -1
 92
        5
 92
       -1
 92
        5
 93
        0
 94
        1
 91
        5
 91
        8
 92
       -1
 92
       -1
 92
        4
 92
        7
 92
       -1
 92
        6
 93
        0
 94
        2
 91
        6
 91
        5
 92
       -1
 92
       -1
 92
       -1
 92
       -1
 92
       -1
 92
        7
 93
        0
 94
        2
 91
        5
 91
        9
 92
       -1
 92
       -1
 92
        5
 92
       -1
 92
       -1
  0
SORTENTSTABLE
  5
1B37C
102
{ACAD_REACTORS
330
1B370
102
}
330
1B370
100
AcDbSortentsTable
330
19D4F
  0
ACDB_DYNAMICBLOCKPURGEPREVENTER_VERSION
  5
1B388
102
{ACAD_REACTORS
330
1B370
102
}
330
1B370
100
AcDbDynamicBlockPurgePreventer
 70
     1
  0
ACAD_EVALUATION_GRAPH
  5
1ACB2
102
{ACAD_REACTORS
330
1ACB1
102
}
330
1ACB1
100
AcDbEvalGraph
 96
        8
 97
        8
 91
        0
 93
       32
 95
        1
360
1ACB3
 92
        2
 92
        5
 92
        0
 92
        6
 91
        1
 93
       32
 95
        2
360
1ACB4
 92
       -1
 92
       -1
 92
        2
 92
        2
 91
        2
 93
       32
 95
        3
360
1ACB5
 92
        0
 92
        0
 92
       -1
 92
       -1
 91
        3
 93
       32
 95
        4
360
1ACB6
 92
        1
 92
        1
 92
       -1
 92
       -1
 91
        4
 93
       32
 95
        5
360
1ACB7
 92
       -1
 92
       -1
 92
        5
 92
        5
 91
        5
 93
       32
 95
        6
360
1ACB8
 92
        3
 92
        3
 92
       -1
 92
       -1
 91
        6
 93
       32
 95
        7
360
1ACB9
 92
        4
 92
        4
 92
       -1
 92
       -1
 91
        7
 93
       32
 95
        8
360
1ACBA
 92
        6
 92
        6
 92
       -1
 92
       -1
 92
        0
 93
        0
 94
        1
 91
        0
 91
        2
 92
       -1
 92
       -1
 92
       -1
 92
        1
 92
       -1
 92
        1
 93
        0
 94
        1
 91
        0
 91
        3
 92
       -1
 92
       -1
 92
        0
 92
        3
 92
       -1
 92
        2
 93
        0
 94
        2
 91
        1
 91
        0
 92
       -1
 92
        5
 92
       -1
 92
       -1
 92
       -1
 92
        3
 93
        0
 94
        1
 91
        0
 91
        5
 92
       -1
 92
       -1
 92
        1
 92
        4
 92
       -1
 92
        4
 93
        0
 94
        1
 91
        0
 91
        6
 92
       -1
 92
       -1
 92
        3
 92
        6
 92
       -1
 92
        5
 93
        0
 94
        2
 91
        4
 91
        0
 92
        2
 92
       -1
 92
       -1
 92
       -1
 92
       -1
 92
        6
 93
        0
 94
        2
 91
        0
 91
        7
 92
       -1
 92
       -1
 92
        4
 92
       -1
 92
       -1
  0
SORTENTSTABLE
  5
1ACBB
102
{ACAD_REACTORS
330
1ACB1
102
}
330
1ACB1
100
AcDbSortentsTable
330
1ACB0
331
1ACC2
  5
1ACC0
331
1ACC0
  5
1ACC1
331
1ACC1
  5
1ACC2
  0
ACDB_DYNAMICBLOCKPURGEPREVENTER_VERSION
  5
1ACBC
102
{ACAD_REACTORS
330
1ACB1
102
}
330
1ACB1
100
AcDbDynamicBlockPurgePreventer
 70
     1
  0
SORTENTSTABLE
  5
1ACF8
102
{ACAD_REACTORS
330
1ACF7
102
}
330
1ACF7
100
AcDbSortentsTable
330
1ACF6
331
1ACFE
  5
1ACFC
331
1ACFC
  5
1ACFD
331
1ACFD
  5
1ACFE
  0
SORTENTSTABLE
  5
1B38F
102
{ACAD_REACTORS
330
1B38E
102
}
330
1B38E
100
AcDbSortentsTable
330
1B389
  0
ACAD_EVALUATION_GRAPH
  5
1B62D
102
{ACAD_REACTORS
330
1B62C
102
}
330
1B62C
100
AcDbEvalGraph
 96
       36
 97
       36
 91
        0
 93
       32
 95
       21
360
1B62E
 92
        2
 92
        2
 92
        0
 92
        3
 91
        1
 93
       32
 95
       22
360
1B62F
 92
       -1
 92
       -1
 92
        2
 92
        2
 91
        2
 93
       32
 95
       23
360
1B630
 92
        0
 92
        0
 92
       -1
 92
       -1
 91
        3
 93
       32
 95
       24
360
1B631
 92
        1
 92
        1
 92
       -1
 92
       -1
 91
        4
 93
       32
 95
       28
360
1B632
 92
        3
 92
        3
 92
       -1
 92
       -1
 91
        5
 93
       32
 95
       29
360
1B633
 92
        6
 92
        6
 92
        4
 92
        7
 91
        6
 93
       32
 95
       30
360
1B634
 92
       -1
 92
       -1
 92
        6
 92
        6
 91
        7
 93
       32
 95
       31
360
1B635
 92
        4
 92
        4
 92
       -1
 92
       -1
 91
        8
 93
       32
 95
       32
360
1B636
 92
        5
 92
        5
 92
       -1
 92
       -1
 91
        9
 93
       32
 95
       36
360
1B637
 92
        7
 92
        7
 92
       -1
 92
       -1
 92
        0
 93
        0
 94
        1
 91
        0
 91
        2
 92
       -1
 92
       -1
 92
       -1
 92
        1
 92
       -1
 92
        1
 93
        0
 94
        1
 91
        0
 91
        3
 92
       -1
 92
       -1
 92
        0
 92
        3
 92
       -1
 92
        2
 93
        0
 94
        2
 91
        1
 91
        0
 92
       -1
 92
       -1
 92
       -1
 92
       -1
 92
       -1
 92
        3
 93
        0
 94
        2
 91
        0
 91
        4
 92
       -1
 92
       -1
 92
        1
 92
       -1
 92
       -1
 92
        4
 93
        0
 94
        1
 91
        5
 91
        7
 92
       -1
 92
       -1
 92
       -1
 92
        5
 92
       -1
 92
        5
 93
        0
 94
        1
 91
        5
 91
        8
 92
       -1
 92
       -1
 92
        4
 92
        7
 92
       -1
 92
        6
 93
        0
 94
        2
 91
        6
 91
        5
 92
       -1
 92
       -1
 92
       -1
 92
       -1
 92
       -1
 92
        7
 93
        0
 94
        2
 91
        5
 91
        9
 92
       -1
 92
       -1
 92
        5
 92
       -1
 92
       -1
  0
SORTENTSTABLE
  5
1B638
102
{ACAD_REACTORS
330
1B62C
102
}
330
1B62C
100
AcDbSortentsTable
330
1B623
  0
ACDB_DYNAMICBLOCKPURGEPREVENTER_VERSION
  5
1B63F
102
{ACAD_REACTORS
330
1B62C
102
}
330
1B62C
100
AcDbDynamicBlockPurgePreventer
 70
     1
  0
ACAD_EVALUATION_GRAPH
  5
1B6A1
102
{ACAD_REACTORS
330
1B6A0
102
}
330
1B6A0
100
AcDbEvalGraph
 96
       10
 97
       10
 91
        0
 93
       32
 95
        3
360
1B6A2
 92
        2
 92
        5
 92
        0
 92
        6
 91
        1
 93
       32
 95
        4
360
1B6A3
 92
       -1
 92
       -1
 92
        2
 92
        2
 91
        2
 93
       32
 95
        5
360
1B6A4
 92
        0
 92
        0
 92
       -1
 92
       -1
 91
        3
 93
       32
 95
        6
360
1B6A5
 92
        1
 92
        1
 92
       -1
 92
       -1
 91
        4
 93
       32
 95
        7
360
1B6A6
 92
       -1
 92
       -1
 92
        5
 92
        5
 91
        5
 93
       32
 95
        8
360
1B6A7
 92
        3
 92
        3
 92
       -1
 92
       -1
 91
        6
 93
       32
 95
        9
360
1B6A8
 92
        4
 92
        4
 92
       -1
 92
       -1
 91
        7
 93
       32
 95
       10
360
1B6A9
 92
        6
 92
        6
 92
       -1
 92
       -1
 92
        0
 93
        0
 94
        1
 91
        0
 91
        2
 92
       -1
 92
       -1
 92
       -1
 92
        1
 92
       -1
 92
        1
 93
        0
 94
        1
 91
        0
 91
        3
 92
       -1
 92
       -1
 92
        0
 92
        3
 92
       -1
 92
        2
 93
        0
 94
        2
 91
        1
 91
        0
 92
       -1
 92
        5
 92
       -1
 92
       -1
 92
       -1
 92
        3
 93
        0
 94
        1
 91
        0
 91
        5
 92
       -1
 92
       -1
 92
        1
 92
        4
 92
       -1
 92
        4
 93
        0
 94
        1
 91
        0
 91
        6
 92
       -1
 92
       -1
 92
        3
 92
        6
 92
       -1
 92
        5
 93
        0
 94
        2
 91
        4
 91
        0
 92
        2
 92
       -1
 92
       -1
 92
       -1
 92
       -1
 92
        6
 93
        0
 94
        2
 91
        0
 91
        7
 92
       -1
 92
       -1
 92
        4
 92
       -1
 92
       -1
  0
ACDB_DYNAMICBLOCKPURGEPREVENTER_VERSION
  5
1B6B2
102
{ACAD_REACTORS
330
1B6A0
102
}
330
1B6A0
100
AcDbDynamicBlockPurgePreventer
 70
     1
  0
SORTENTSTABLE
  5
1B6D1
102
{ACAD_REACTORS
330
1B6D0
102
}
330
1B6D0
100
AcDbSortentsTable
330
1B6CB
  0
SORTENTSTABLE
  5
1B6F9
102
{ACAD_REACTORS
330
1B6F8
102
}
330
1B6F8
100
AcDbSortentsTable
330
1B6F3
  0
ACAD_EVALUATION_GRAPH
  5
1B77A
102
{ACAD_REACTORS
330
1B779
102
}
330
1B779
100
AcDbEvalGraph
 96
       27
 97
       27
 91
        0
 93
       32
 95
        6
360
1B77B
 92
        2
 92
        2
 92
        0
 92
        3
 91
        1
 93
       32
 95
        7
360
1B77C
 92
       -1
 92
       -1
 92
        2
 92
        2
 91
        2
 93
       32
 95
        8
360
1B77D
 92
        0
 92
        0
 92
       -1
 92
       -1
 91
        3
 93
       32
 95
        9
360
1B77E
 92
        1
 92
        1
 92
       -1
 92
       -1
 91
        4
 93
       32
 95
       19
360
1B77F
 92
       -1
 92
       -1
 92
       -1
 92
       -1
 91
        5
 93
       32
 95
       27
360
1B780
 92
        3
 92
        3
 92
       -1
 92
       -1
 92
        0
 93
        0
 94
        1
 91
        0
 91
        2
 92
       -1
 92
       -1
 92
       -1
 92
        1
 92
       -1
 92
        1
 93
        0
 94
        1
 91
        0
 91
        3
 92
       -1
 92
       -1
 92
        0
 92
        3
 92
       -1
 92
        2
 93
        0
 94
        2
 91
        1
 91
        0
 92
       -1
 92
       -1
 92
       -1
 92
       -1
 92
       -1
 92
        3
 93
        0
 94
        2
 91
        0
 91
        5
 92
       -1
 92
       -1
 92
        1
 92
       -1
 92
       -1
  0
SORTENTSTABLE
  5
1B781
102
{ACAD_REACTORS
330
1B779
102
}
330
1B779
100
AcDbSortentsTable
330
1B787
  0
ACDB_DYNAMICBLOCKPURGEPREVENTER_VERSION
  5
1B78A
102
{ACAD_REACTORS
330
1B779
102
}
330
1B779
100
AcDbDynamicBlockPurgePreventer
 70
     1
  0
SORTENTSTABLE
  5
1B7A7
102
{ACAD_REACTORS
330
1B7A6
102
}
330
1B7A6
100
AcDbSortentsTable
330
1B7A0
  0
ACAD_EVALUATION_GRAPH
  5
1B7CE
102
{ACAD_REACTORS
330
1B7CD
102
}
330
1B7CD
100
AcDbEvalGraph
 96
       10
 97
       10
 91
        0
 93
       32
 95
        3
360
1B7CF
 92
        2
 92
        5
 92
        0
 92
        6
 91
        1
 93
       32
 95
        4
360
1B7D0
 92
       -1
 92
       -1
 92
        2
 92
        2
 91
        2
 93
       32
 95
        5
360
1B7D1
 92
        0
 92
        0
 92
       -1
 92
       -1
 91
        3
 93
       32
 95
        6
360
1B7D2
 92
        1
 92
        1
 92
       -1
 92
       -1
 91
        4
 93
       32
 95
        7
360
1B7D3
 92
       -1
 92
       -1
 92
        5
 92
        5
 91
        5
 93
       32
 95
        8
360
1B7D4
 92
        3
 92
        3
 92
       -1
 92
       -1
 91
        6
 93
       32
 95
        9
360
1B7D5
 92
        4
 92
        4
 92
       -1
 92
       -1
 91
        7
 93
       32
 95
       10
360
1B7D6
 92
        6
 92
        6
 92
       -1
 92
       -1
 92
        0
 93
        0
 94
        1
 91
        0
 91
        2
 92
       -1
 92
       -1
 92
       -1
 92
        1
 92
       -1
 92
        1
 93
        0
 94
        1
 91
        0
 91
        3
 92
       -1
 92
       -1
 92
        0
 92
        3
 92
       -1
 92
        2
 93
        0
 94
        2
 91
        1
 91
        0
 92
       -1
 92
        5
 92
       -1
 92
       -1
 92
       -1
 92
        3
 93
        0
 94
        1
 91
        0
 91
        5
 92
       -1
 92
       -1
 92
        1
 92
        4
 92
       -1
 92
        4
 93
        0
 94
        1
 91
        0
 91
        6
 92
       -1
 92
       -1
 92
        3
 92
        6
 92
       -1
 92
        5
 93
        0
 94
        2
 91
        4
 91
        0
 92
        2
 92
       -1
 92
       -1
 92
       -1
 92
       -1
 92
        6
 93
        0
 94
        2
 91
        0
 91
        7
 92
       -1
 92
       -1
 92
        4
 92
       -1
 92
       -1
  0
ACDB_DYNAMICBLOCKPURGEPREVENTER_VERSION
  5
1B7DF
102
{ACAD_REACTORS
330
1B7CD
102
}
330
1B7CD
100
AcDbDynamicBlockPurgePreventer
 70
     1
  0
SORTENTSTABLE
  5
1BF3B
102
{ACAD_REACTORS
330
1BF3A
102
}
330
1BF3A
100
AcDbSortentsTable
330
1BF3E
  0
SORTENTSTABLE
  5
101C036
102
{ACAD_REACTORS
330
101C035
102
}
330
101C035
100
AcDbSortentsTable
330
101C034
  0
SORTENTSTABLE
  5
101CB0F
102
{ACAD_REACTORS
330
101CB0E
102
}
330
101CB0E
100
AcDbSortentsTable
330
101C9AC
331
101CB0C
  5
101CB0B
331
101CB0A
  5
101CB0C
331
101CB0B
  5
101CAFB
331
101CB09
  5
101CB0A
331
101CAFD
  5
101CB09
331
101CAFB
  5
101CAFD
  0
XRECORD
  5
289C
102
{ACAD_REACTORS
330
289B
102
}
330
289B
100
AcDbXrecord
280
     1
 90
        1
340
B7
  0
XRECORD
  5
28A0
102
{ACAD_REACTORS
330
289F
102
}
330
289F
100
AcDbXrecord
280
     1
 90
        1
340
B7
  0
XRECORD
  5
1B81D
102
{ACAD_REACTORS
330
1B81C
102
}
330
1B81C
100
AcDbXrecord
280
     1
 90
        1
340
B7
  0
XRECORD
  5
1B820
102
{ACAD_REACTORS
330
1B81F
102
}
330
1B81F
100
AcDbXrecord
280
     1
 90
        1
340
B7
  0
XRECORD
  5
1BA40
102
{ACAD_REACTORS
330
1BA3F
102
}
330
1BA3F
100
AcDbXrecord
280
     1
 90
        1
340
B7
  0
XRECORD
  5
1BA66
102
{ACAD_REACTORS
330
1BA65
102
}
330
1BA65
100
AcDbXrecord
280
     1
 90
        1
340
B7
  0
XRECORD
  5
101C7BD
102
{ACAD_REACTORS
330
101C7BC
102
}
330
101C7BC
100
AcDbXrecord
280
     1
 90
        1
340
B7
  0
XRECORD
  5
101C7C0
102
{ACAD_REACTORS
330
101C7BF
102
}
330
101C7BF
100
AcDbXrecord
280
     1
 90
        1
340
B7
  0
XRECORD
  5
1B83E
102
{ACAD_REACTORS
330
1B83D
102
}
330
1B83D
100
AcDbXrecord
280
     1
 90
        1
340
B7
  0
XRECORD
  5
1B841
102
{ACAD_REACTORS
330
1B840
102
}
330
1B840
100
AcDbXrecord
280
     1
 90
        1
340
B7
  0
XRECORD
  5
101C193
102
{ACAD_REACTORS
330
101C192
102
}
330
101C192
100
AcDbXrecord
280
     1
 90
        1
340
B7
  0
XRECORD
  5
101C196
102
{ACAD_REACTORS
330
101C195
102
}
330
101C195
100
AcDbXrecord
280
     1
 90
        1
340
B7
  0
XRECORD
  5
1B849
102
{ACAD_REACTORS
330
1B848
102
}
330
1B848
100
AcDbXrecord
280
     1
 90
        1
340
B7
  0
XRECORD
  5
1B84C
102
{ACAD_REACTORS
330
1B84B
102
}
330
1B84B
100
AcDbXrecord
280
     1
 90
        1
340
B7
  0
XRECORD
  5
1B833
102
{ACAD_REACTORS
330
1B832
102
}
330
1B832
100
AcDbXrecord
280
     1
 90
        1
340
B7
  0
XRECORD
  5
1B836
102
{ACAD_REACTORS
330
1B835
102
}
330
1B835
100
AcDbXrecord
280
     1
 90
        1
340
B7
  0
XRECORD
  5
1A01F
102
{ACAD_REACTORS
330
1A01E
102
}
330
1A01E
100
AcDbXrecord
280
     1
 90
        1
340
B7
  0
XRECORD
  5
1A022
102
{ACAD_REACTORS
330
1A021
102
}
330
1A021
100
AcDbXrecord
280
     1
 90
        1
340
B7
  0
DICTIONARY
  5
1A9A1
102
{ACAD_REACTORS
330
1A9A0
102
}
330
1A9A0
100
AcDbDictionary
280
     1
281
     1
  3
AcDbRepData
360
1A9A2
  3
AppDataCache
360
1A9A3
  0
DICTIONARY
  5
1A9DC
102
{ACAD_REACTORS
330
1A9DB
102
}
330
1A9DB
100
AcDbDictionary
280
     1
281
     1
  3
AcDbRepData
360
1A9DD
  3
AppDataCache
360
1A9DE
  0
DICTIONARY
  5
1A9ED
102
{ACAD_REACTORS
330
1A9EC
102
}
330
1A9EC
100
AcDbDictionary
280
     1
281
     1
  3
AcDbRepData
360
1A9EE
  3
AppDataCache
360
1A9EF
  0
DICTIONARY
  5
1AC04
102
{ACAD_REACTORS
330
1AC03
102
}
330
1AC03
100
AcDbDictionary
280
     1
281
     1
  3
AcDbRepData
360
1AC05
  3
AppDataCache
360
1B39A
  0
DICTIONARY
  5
1AFCF
102
{ACAD_REACTORS
330
1AFCE
102
}
330
1AFCE
100
AcDbDictionary
280
     1
281
     1
  3
AcDbRepData
360
1AFD0
  3
AppDataCache
360
1AFD1
  0
DICTIONARY
  5
1B0AB
102
{ACAD_REACTORS
330
1B0AA
102
}
330
1B0AA
100
AcDbDictionary
280
     1
281
     1
  3
AcDbRepData
360
1B0AC
  3
AppDataCache
360
1B0AD
  0
DICTIONARY
  5
1B6D3
102
{ACAD_REACTORS
330
1B6D2
102
}
330
1B6D2
100
AcDbDictionary
280
     1
281
     1
  3
AcDbRepData
360
1B6D4
  3
AppDataCache
360
1B6D5
  0
DICTIONARY
  5
1B6FB
102
{ACAD_REACTORS
330
1B6FA
102
}
330
1B6FA
100
AcDbDictionary
280
     1
281
     1
  3
AcDbRepData
360
1B6FC
  3
AppDataCache
360
1B6FD
  0
DICTIONARY
  5
1B7A9
102
{ACAD_REACTORS
330
1B7A8
102
}
330
1B7A8
100
AcDbDictionary
280
     1
281
     1
  3
AcDbRepData
360
1B7AA
  3
AppDataCache
360
1B7AB
  0
DICTIONARY
  5
1B8FA
102
{ACAD_REACTORS
330
1B8F9
102
}
330
1B8F9
100
AcDbDictionary
280
     1
281
     1
  3
AcDbRepData
360
1B8FB
  3
AppDataCache
360
1B8FC
  0
DICTIONARY
  5
1B9D0
102
{ACAD_REACTORS
330
1B9CF
102
}
330
1B9CF
100
AcDbDictionary
280
     1
281
     1
  3
AcDbRepData
360
1B9D1
  3
AppDataCache
360
1B9D2
  0
DICTIONARY
  5
1BC76
102
{ACAD_REACTORS
330
1BC75
102
}
330
1BC75
100
AcDbDictionary
280
     1
281
     1
  3
AcDbRepData
360
1BC77
  3
AppDataCache
360
1BC78
  0
DICTIONARY
  5
1BC7E
102
{ACAD_REACTORS
330
1BC7D
102
}
330
1BC7D
100
AcDbDictionary
280
     1
281
     1
  3
AcDbRepData
360
1BC7F
  3
AppDataCache
360
1BC80
  0
XRECORD
  5
101D110
102
{ACAD_REACTORS
330
101C505
102
}
330
101C505
100
AcDbXrecord
280
     1
 40
6820332.0
  1
\P\pxi-3,l4.5,b0.6,sm1,t4.5;1.^IForside og innholdsfortegnelse\P2.^IForklaring\P3.^ILag oversikt, skravur og tekst\P4.^IVeksler \P5.^IVeklser 30 grader\P6.^ITunnel, bru og overganger \P7.^IBygg og fast installasjon\P8.^ISporgeometri og forkortelser\P9.^IA3 Ma
  1
l/prototype Skjematisk sporplan
  0
XRECORD
  5
101D111
102
{ACAD_REACTORS
330
101CC30
102
}
330
101CC30
100
AcDbXrecord
280
     1
 40
13994678.0
  1
{\fCalibri|b1|i0|c0|p34;\H1.4x;Wipeout\P\fCalibri|b0|i0|c0|p34;\H0.71429x;Polygon ramme/område som maskerer underliggende objekter\PDette er på objekter der trim funksjon ikke er egnet.\P\fCalibri|b1|i0|c0|p34;Draworder\fCalibri|b0|i0|c0|p34;; above 
  1
objekt må brukes dersom ikke ønsket resultat\P\PWIPEOUTFRAME System variabel \P0 -Rammen blir ikke vist eller plottet\P1 -Rammen blir vist og plottet\P\pxi-2.35833,l2.35833;2 -Rammen vises men plottes ikke\P\pi0,l0;\H1.4x;\P\fCalibri|b1|i0|c0|p34;Plo
  1
t style table\fCalibri|b0|i0|c0|p34;\H0.71429x;: Bane NOR.ctb}
  0
XRECORD
  5
101D112
102
{ACAD_REACTORS
330
101CE49
102
}
330
101CE49
100
AcDbXrecord
280
     1
 40
325547.0
  1
\pxa0.66667,sm1.07917;{\fCalibri|b0|i0|c0|p34;Skjematiske sporplan.\PPrototype/mal og symboler}
  0
XRECORD
  5
101C176
102
{ACAD_REACTORS
330
101C175
102
}
330
101C175
100
AcDbXrecord
280
     1
 90
        1
340
B7
  0
XRECORD
  5
101C179
102
{ACAD_REACTORS
330
101C178
102
}
330
101C178
100
AcDbXrecord
280
     1
 90
        1
340
B7
  0
ACDBDETAILVIEWSTYLE
  5
3AD7
102
{ACAD_XDICTIONARY
360
8620
102
}
102
{ACAD_REACTORS
330
3AD6
330
8550
102
}
330
3AD6
100
AcDbModelDocViewStyle
 70
     0
  3
Imperial24
290
     0
100
AcDbDetailViewStyle
 70
     0
 71
     0
 90
        3
 71
     1
340
11
 62
   256
 40
0.24
340
0
 62
   256
 40
0.24
300

 40
0.36
280
     3
 71
     2
340
16
 90
       25
 62
   256
 71
     3
340
11
 62
   256
 40
0.24
 90
        1
 40
0.75
 90
        1
300
%<\AcVar ViewType \f "%tc1">% %<\AcVar ViewDetailId>%\PSCALE %<\AcVar ViewScale \f "%sn">%
 71
     4
340
16
 90
       25
 62
   256
340
16
 90
       25
 62
   256
280
     0
  0
ACDBDETAILVIEWSTYLE
  5
15A10
102
{ACAD_XDICTIONARY
360
15A11
102
}
102
{ACAD_REACTORS
330
3AD6
330
101D082
102
}
330
3AD6
100
AcDbModelDocViewStyle
 70
     0
  3
Metric50
290
     0
100
AcDbDetailViewStyle
 70
     0
 71
     0
 90
        3
 71
     1
340
11
 62
   256
 40
5.0
340
0
 62
   256
 40
5.0
300

 40
0.0
280
     1
 71
     2
340
16
 90
       25
 62
   256
 71
     3
340
11
 62
   256
 40
5.0
 90
        0
 40
15.0
 90
        1
300
%<\AcVar ViewDetailId>% (%<\AcVar ViewScale \f "%sn">%)
 71
     4
340
16
 90
       25
 62
   256
340
16
 90
       25
 62
   256
280
     0
  0
LAYOUT
  5
101C17B
102
{ACAD_XDICTIONARY
360
101C17C
102
}
102
{ACAD_REACTORS
330
1A
102
}
330
1A
100
AcDbPlotSettings
  1

  2
DWG To PDF.pc3
  4
ISO_full_bleed_A4_(210.00_x_297.00_MM)
  6

 40
0.7937499880790711
 41
0.7937499880790711
 42
0.7937469482421875
 43
0.79376220703125
 44
210.0
 45
297.0
 46
0.0
 47
0.0
 48
-10.0
 49
0.0
140
179.9999999999999
141
277.427728234732
142
1.0
143
1.0
 70
   672
 72
     1
 73
     0
 74
     5
  7
Bane NOR.ctb
 75
    16
147
25.4
 76
     0
 77
     2
 78
   300
148
10.0
149
0.0
100
AcDbLayout
  1
1 Forside
 70
     1
 71
     1
 10
-10.79374998807907
 20
-0.7937499880790711
 11
199.2062500119209
 21
296.2062500119209
 12
0.0
 22
0.0
 32
0.0
 14
-10.0
 24
0.0
 34
0.0
 15
179.9999999999999
 25
277.427728234732
 35
0.0
146
0.0
 13
0.0
 23
0.0
 33
0.0
 16
1.0
 26
0.0
 36
0.0
 17
0.0
 27
1.0
 37
0.0
 76
     0
330
101C172
331
101C174
1001
ACAD_PSEXT
1000
DWG To PDF.pc3
1000
DWG To PDF
1000
File
1000

1070
     0
  0
LAYOUT
  5
101C198
102
{ACAD_XDICTIONARY
360
101C199
102
}
102
{ACAD_REACTORS
330
1A
102
}
330
1A
100
AcDbPlotSettings
  1

  2
DWG To PDF.pc3
  4
ISO_full_bleed_A4_(210.00_x_297.00_MM)
  6

 40
0.7937499880790711
 41
0.7937499880790711
 42
0.7937469482421875
 43
0.79376220703125
 44
210.0
 45
297.0
 46
9.206251531839427
 47
8.992379785078838
 48
-10.0
 49
0.0
140
179.9999999999999
141
277.427728234732
142
1.0
143
1.0
 70
   676
 72
     1
 73
     0
 74
     4
  7
Bane NOR.ctb
 75
    16
147
25.4
 76
     0
 77
     2
 78
   300
148
10.0
149
0.0
100
AcDbLayout
  1
2 Forklaring
 70
     1
 71
     2
 10
-20.0000015199185
 20
-9.786129773157909
 11
189.9999984800815
 21
287.2138702268421
 12
0.0
 22
0.0
 32
0.0
 14
-10.0
 24
0.0
 34
0.0
 15
179.9999999999999
 25
277.427728234732
 35
0.0
146
0.0
 13
0.0
 23
0.0
 33
0.0
 16
1.0
 26
0.0
 36
0.0
 17
0.0
 27
1.0
 37
0.0
 76
     0
330
101C18F
331
101C191
1001
ACAD_PSEXT
1000
DWG To PDF.pc3
1000
DWG To PDF
1000
File
1000

1070
     0
  0
LAYOUT
  5
1B843
102
{ACAD_XDICTIONARY
360
1B844
102
}
102
{ACAD_REACTORS
330
1A
102
}
330
1A
100
AcDbPlotSettings
  1

  2
DWG To PDF.pc3
  4
ISO_full_bleed_A4_(210.00_x_297.00_MM)
  6

 40
0.7937499880790711
 41
0.7937499880790711
 42
0.7937469482421875
 43
0.79376220703125
 44
210.0
 45
297.0
 46
9.206251531839427
 47
8.992379785078838
 48
-10.0
 49
0.0
140
179.9999999999999
141
277.427728234732
142
1.0
143
1.0
 70
   676
 72
     1
 73
     0
 74
     4
  7
Bane NOR.ctb
 75
    16
147
25.4
 76
     0
 77
     2
 78
   300
148
10.0
149
0.0
100
AcDbLayout
  1
3
 70
     1
 71
     3
 10
-20.0000015199185
 20
-9.786129773157909
 11
189.9999984800815
 21
287.2138702268421
 12
0.0
 22
0.0
 32
0.0
 14
-10.0
 24
0.0
 34
0.0
 15
179.9999999999999
 25
277.427728234732
 35
0.0
146
0.0
 13
0.0
 23
0.0
 33
0.0
 16
1.0
 26
0.0
 36
0.0
 17
0.0
 27
1.0
 37
0.0
 76
     0
330
1B83A
331
1B83C
1001
ACAD_PSEXT
1000
DWG To PDF.pc3
1000
DWG To PDF
1000
File
1000

1070
     0
  0
LAYOUT
  5
1B84E
102
{ACAD_XDICTIONARY
360
1B84F
102
}
102
{ACAD_REACTORS
330
1A
102
}
330
1A
100
AcDbPlotSettings
  1

  2
DWG To PDF.pc3
  4
ISO_full_bleed_A4_(210.00_x_297.00_MM)
  6

 40
0.7937499880790711
 41
0.7937499880790711
 42
0.7937469482421875
 43
0.79376220703125
 44
210.0
 45
297.0
 46
9.206251531839427
 47
8.992379785078838
 48
-10.0
 49
0.0
140
179.9999999999999
141
277.427728234732
142
1.0
143
1.0
 70
   676
 72
     1
 73
     0
 74
     4
  7
Bane NOR.ctb
 75
    16
147
25.4
 76
     0
 77
     2
 78
   300
148
10.0
149
0.0
100
AcDbLayout
  1
4
 70
     1
 71
     4
 10
-20.0000015199185
 20
-9.786129773157909
 11
189.9999984800815
 21
287.2138702268421
 12
0.0
 22
0.0
 32
0.0
 14
-10.0
 24
0.0
 34
0.0
 15
179.9999999999999
 25
277.427728234732
 35
0.0
146
0.0
 13
0.0
 23
0.0
 33
0.0
 16
1.0
 26
0.0
 36
0.0
 17
0.0
 27
1.0
 37
0.0
 76
     0
330
1B845
331
1B847
1001
ACAD_PSEXT
1000
DWG To PDF.pc3
1000
DWG To PDF
1000
File
1000

1070
     0
  0
LAYOUT
  5
1B838
102
{ACAD_XDICTIONARY
360
1B839
102
}
102
{ACAD_REACTORS
330
1A
102
}
330
1A
100
AcDbPlotSettings
  1

  2
DWG To PDF.pc3
  4
ISO_full_bleed_A4_(210.00_x_297.00_MM)
  6

 40
0.7937499880790711
 41
0.7937499880790711
 42
0.7937469482421875
 43
0.79376220703125
 44
210.0
 45
297.0
 46
9.206251531839427
 47
8.992379785078838
 48
-10.0
 49
0.0
140
179.9999999999999
141
277.427728234732
142
1.0
143
1.0
 70
   676
 72
     1
 73
     0
 74
     4
  7
Bane NOR.ctb
 75
    16
147
25.4
 76
     0
 77
     2
 78
   300
148
10.0
149
0.0
100
AcDbLayout
  1
5
 70
     1
 71
     5
 10
-20.0000015199185
 20
-9.786129773157909
 11
189.9999984800815
 21
287.2138702268421
 12
0.0
 22
0.0
 32
0.0
 14
-10.0
 24
0.0
 34
0.0
 15
179.9999999999999
 25
277.427728234732
 35
0.0
146
0.0
 13
0.0
 23
0.0
 33
0.0
 16
1.0
 26
0.0
 36
0.0
 17
0.0
 27
1.0
 37
0.0
 76
     0
330
1B82F
331
1B831
1001
ACAD_PSEXT
1000
DWG To PDF.pc3
1000
DWG To PDF
1000
File
1000

1070
     0
  0
LAYOUT
  5
1B822
102
{ACAD_XDICTIONARY
360
1B823
102
}
102
{ACAD_REACTORS
330
1A
102
}
330
1A
100
AcDbPlotSettings
  1

  2
DWG To PDF.pc3
  4
ISO_full_bleed_A4_(210.00_x_297.00_MM)
  6

 40
0.7937499880790711
 41
0.7937499880790711
 42
0.7937469482421875
 43
0.79376220703125
 44
210.0
 45
297.0
 46
9.206251531839427
 47
8.992379785078838
 48
-10.0
 49
0.0
140
179.9999999999999
141
277.427728234732
142
1.0
143
1.0
 70
   676
 72
     1
 73
     0
 74
     4
  7
Bane NOR.ctb
 75
    16
147
25.4
 76
     0
 77
     2
 78
   300
148
10.0
149
0.0
100
AcDbLayout
  1
6
 70
     1
 71
     6
 10
-20.0000015199185
 20
-9.786129773157909
 11
189.9999984800815
 21
287.2138702268421
 12
0.0
 22
0.0
 32
0.0
 14
-10.0
 24
0.0
 34
0.0
 15
179.9999999999999
 25
277.427728234732
 35
0.0
146
0.0
 13
0.0
 23
0.0
 33
0.0
 16
1.0
 26
0.0
 36
0.0
 17
0.0
 27
1.0
 37
0.0
 76
     0
330
1B819
331
1B81B
1001
ACAD_PSEXT
1000
DWG To PDF.pc3
1000
DWG To PDF
1000
File
1000

1070
     0
  0
LAYOUT
  5
5E
102
{ACAD_XDICTIONARY
360
28A8
102
}
102
{ACAD_REACTORS
330
1A
102
}
330
1A
100
AcDbPlotSettings
  1

  2
DWG To PDF.pc3
  4
ISO_full_bleed_A4_(210.00_x_297.00_MM)
  6

 40
0.7937499880790711
 41
0.7937499880790711
 42
0.7937469482421875
 43
0.79376220703125
 44
210.0
 45
297.0
 46
9.206251531839427
 47
8.992379785078838
 48
-10.0
 49
0.0
140
179.9999999999999
141
277.427728234732
142
1.0
143
1.0
 70
   676
 72
     1
 73
     0
 74
     4
  7
Bane NOR.ctb
 75
    16
147
25.4
 76
     0
 77
     2
 78
   300
148
10.0
149
0.0
100
AcDbLayout
  1
7
 70
     1
 71
     7
 10
-20.0000015199185
 20
-9.786129773157909
 11
189.9999984800815
 21
287.2138702268421
 12
0.0
 22
0.0
 32
0.0
 14
-10.0
 24
0.0
 34
0.0
 15
179.9999999999999
 25
277.427728234732
 35
0.0
146
0.0
 13
0.0
 23
0.0
 33
0.0
 16
1.0
 26
0.0
 36
0.0
 17
0.0
 27
1.0
 37
0.0
 76
     0
330
5D
331
289A
1001
ACAD_PSEXT
1000
DWG To PDF.pc3
1000
DWG To PDF
1000
File
1000

1070
     0
  0
LAYOUT
  5
1A026
102
{ACAD_XDICTIONARY
360
1A027
102
}
102
{ACAD_REACTORS
330
1A
102
}
330
1A
100
AcDbPlotSettings
  1

  2
DWG To PDF.pc3
  4
ISO_full_bleed_A4_(210.00_x_297.00_MM)
  6

 40
0.7937499880790711
 41
0.7937499880790711
 42
0.7937469482421875
 43
0.79376220703125
 44
210.0
 45
297.0
 46
9.20625153183937
 47
9.206243902444839
 48
-10.0
 49
0.0
140
180.0
141
277.0
142
1.0
143
1.0
 70
   676
 72
     1
 73
     0
 74
     4
  7
Bane NOR.ctb
 75
    16
147
25.4
 76
     0
 77
     2
 78
   300
148
10.0
149
0.0
100
AcDbLayout
  1
8
 70
     1
 71
     8
 10
-20.00000151991844
 20
-9.99999389052391
 11
189.9999984800815
 21
287.0000061094761
 12
0.0
 22
0.0
 32
0.0
 14
-10.0
 24
0.0
 34
0.0
 15
180.0
 25
277.0
 35
0.0
146
0.0
 13
0.0
 23
0.0
 33
0.0
 16
1.0
 26
0.0
 36
0.0
 17
0.0
 27
1.0
 37
0.0
 76
     0
330
1A01B
331
1A01D
1001
ACAD_PSEXT
1000
DWG To PDF.pc3
1000
DWG To PDF
1000
File
1000

1070
     0
  0
LAYOUT
  5
22
102
{ACAD_XDICTIONARY
360
194
102
}
102
{ACAD_REACTORS
330
1A
102
}
330
1A
100
AcDbPlotSettings
  1

  2
DWG To PDF.pc3
  4
ISO_full_bleed_A4_(210.00_x_297.00_MM)
  6

 40
0.7937499880790711
 41
0.7937499880790711
 42
0.7937469482421875
 43
0.79376220703125
 44
210.0
 45
297.0
 46
9.20625153183937
 47
9.206243902444839
 48
-25.12893424877495
 49
823.7326836476322
140
164.871065751225
141
1100.732683647632
142
1.0
143
1.0
 70
 11940
 72
     1
 73
     0
 74
     4
  7
Bane NOR.ctb
 75
     0
147
1.484618440525037
 76
     0
 77
     2
 78
   300
148
25.12893424877495
149
-823.7326836476322
100
AcDbLayout
  1
Model
 70
     1
 71
     0
 10
0.0
 20
0.0
 11
12.0
 21
9.0
 12
0.0
 22
0.0
 32
0.0
 14
0.0
 24
0.0
 34
0.0
 15
0.0
 25
0.0
 35
0.0
146
0.0
 13
0.0
 23
0.0
 33
0.0
 16
1.0
 26
0.0
 36
0.0
 17
0.0
 27
1.0
 37
0.0
 76
     0
330
1F
331
94
1001
ACAD_PSEXT
1000
DWG To PDF.pc3
1000
DWG To PDF
1000
File
1000

1070
     0
  0
LAYOUT
  5
1BA30
102
{ACAD_REACTORS
330
1A
102
}
330
1A
100
AcDbPlotSettings
  1

  2
DWG To PDF.pc3
  4
ISO_full_bleed_A3_(420.00_x_297.00_MM)
  6

 40
0.7937499880790711
 41
0.7937499880790711
 42
0.79376220703125
 43
0.79376220703125
 44
420.0
 45
297.0
 46
6.691595473658935
 47
9.201261919451667
 48
0.0
 49
0.0
140
0.0
141
0.0
142
1.0
143
1.0
 70
   676
 72
     1
 73
     0
 74
     1
  7
Bane NOR.ctb
 75
    16
147
25.4
 76
     0
 77
     2
 78
   300
148
15.00181787438691
149
0.009737454839069
100
AcDbLayout
  1
SSP A3
 70
     1
 71
     9
 10
-22.48716333612492
 20
-10.0047493623698
 11
397.5128366638751
 21
286.9952506376302
 12
0.0
 22
0.0
 32
0.0
 14
-15.0
 24
0.0
 34
0.0
 15
390.0
 25
277.0
 35
0.0
146
0.0
 13
0.0
 23
0.0
 33
0.0
 16
1.0
 26
0.0
 36
0.0
 17
0.0
 27
1.0
 37
0.0
 76
     0
330
1BA2F
331
1BA3E
1001
ACAD_PSEXT
1000
DWG To PDF.pc3
1000
DWG To PDF
1000
File
1000

1070
     0
  0
LAYOUT
  5
101C7C6
102
{ACAD_REACTORS
330
1A
102
}
330
1A
100
AcDbPlotSettings
  1

  2
DWG To PDF.pc3
  4
ISO_full_bleed_A4_(297.00_x_210.00_MM)
  6

 40
0.7937499880790711
 41
0.7937499880790711
 42
0.79376220703125
 43
0.7937469482421875
 44
297.0
 45
210.0
 46
9.198400968094517
 47
9.19579932360159
 48
0.0
 49
0.0
140
0.0
141
0.0
142
1.0
143
1.0
 70
   676
 72
     1
 73
     0
 74
     1
  7
Bane NOR.ctb
 75
    16
147
25.4
 76
     0
 77
     2
 78
   300
148
-56.48714193292073
149
-86.99065854654691
100
AcDbLayout
  1
SSP A4
 70
     1
 71
    10
 10
46.49499097674715
 20
77.00110923486625
 11
343.4949909767472
 21
287.0011092348662
 12
0.0
 22
0.0
 32
0.0
 14
56.5
 24
87.0
 34
0.0
 15
333.5
 25
277.0
 35
0.0
146
0.0
 13
0.0
 23
0.0
 33
0.0
 16
1.0
 26
0.0
 36
0.0
 17
0.0
 27
1.0
 37
0.0
 76
     0
330
101C7B9
331
101C7BB
1001
ACAD_PSEXT
1000
DWG To PDF.pc3
1000
DWG To PDF
1000
File
1000

1070
     0
  0
MATERIAL
  5
97
102
{ACAD_XDICTIONARY
360
188
102
}
102
{ACAD_REACTORS
330
72
102
}
330
72
100
AcDbMaterial
  1
ByBlock
 94
       63
  0
MATERIAL
  5
96
102
{ACAD_XDICTIONARY
360
186
102
}
102
{ACAD_REACTORS
330
72
102
}
330
72
100
AcDbMaterial
  1
ByLayer
 94
       63
  0
MATERIAL
  5
98
102
{ACAD_XDICTIONARY
360
110
102
}
102
{ACAD_REACTORS
330
72
102
}
330
72
100
AcDbMaterial
  1
Global
 43
0.0208000000566244
 43
0.0
 43
0.0
 43
0.0
 43
0.0
 43
0.0208000000566244
 43
0.0
 43
0.0
 43
0.0
 43
0.0
 43
1.0
 43
0.0
 43
0.0
 43
0.0
 43
0.0
 43
1.0
 49
0.0208000000566244
 49
0.0
 49
0.0
 49
0.0
 49
0.0
 49
0.0208000000566244
 49
0.0
 49
0.0
 49
0.0
 49
0.0
 49
1.0
 49
0.0
 49
0.0
 49
0.0
 49
0.0
 49
1.0
142
0.0208000000566244
142
0.0
142
0.0
142
0.0
142
0.0
142
0.0208000000566244
142
0.0
142
0.0
142
0.0
142
0.0
142
1.0
142
0.0
142
0.0
142
0.0
142
0.0
142
1.0
144
0.0208000000566244
144
0.0
144
0.0
144
0.0
144
0.0
144
0.0208000000566244
144
0.0
144
0.0
144
0.0
144
0.0
144
1.0
144
0.0
144
0.0
144
0.0
144
0.0
144
1.0
 94
       63
1001
ACAD
1070
    -1
1070
     3
1070
     0
1000

1071
        0
1070
     0
  0
MLEADERSTYLE
  5
162F7
102
{ACAD_REACTORS
330
D7
102
}
330
D7
100
AcDbMLeaderStyle
179
     2
170
     2
171
     1
172
     0
 90
        2
 40
1.570796326794896
 41
1.570796326794896
173
     1
 91
-1056964608
340
14
 92
       -2
290
     1
 42
0.09
291
     1
 43
0.36
  3
Standard
341
162F8
 44
0.18
300

342
F32
174
     1
178
     1
175
     0
176
     0
 93
-1056964608
 45
2.5
292
     0
297
     1
 46
0.18
 94
-1056964608
 47
1.0
 49
1.0
140
1.0
293
     1
141
0.0
294
     1
177
     0
142
1.0
295
     0
296
     0
143
0.125
271
     1
272
    10
273
    10
298
     0
  0
MLEADERSTYLE
  5
D8
102
{ACAD_REACTORS
330
D7
102
}
330
D7
100
AcDbMLeaderStyle
179
     2
170
     2
171
     1
172
     0
 90
        2
 40
0.0
 41
0.0
173
     1
 91
-1056964608
340
14
 92
       -2
290
     1
 42
0.09
291
     1
 43
0.36
  3
Standard
 44
0.18
300

342
11
174
     1
178
     1
175
     1
176
     0
 93
-1056964608
 45
0.18
292
     0
297
     0
 46
0.18
 94
-1056964608
 47
1.0
 49
1.0
140
1.0
293
     1
141
0.0
294
     1
177
     0
142
1.0
295
     0
296
     0
143
0.125
271
     0
272
     9
273
     9
298
     0
  0
MLINESTYLE
  5
18
102
{ACAD_REACTORS
330
17
102
}
330
17
100
AcDbMlineStyle
  2
STANDARD
 70
     0
  3

 62
   256
 51
90.0
 52
90.0
 71
     2
 49
0.5
 62
   256
  6
BYLAYER
 49
-0.5
 62
   256
  6
BYLAYER
  0
ACDBPLACEHOLDER
  5
F
102
{ACAD_REACTORS
330
E
102
}
330
E
  0
RAPIDRTRENDERSETTINGS
  5
13403
102
{ACAD_REACTORS
330
133FF
102
}
330
133FF
100
AcDbRenderSettings
 90
        2
  1
Coffee-Break Quality
290
     1
290
     0
290
     1
290
     1
  1

  1
Renders for 10 minutes
 90
        3
100
AcDbRapidRTRenderSettings
 90
        3
 70
     1
 90
        1
 90
       10
 70
     1
 70
     2
 40
3.0
 40
3.0
290
     1
  0
RAPIDRTRENDERSETTINGS
  5
13402
102
{ACAD_REACTORS
330
133FF
102
}
330
133FF
100
AcDbRenderSettings
 90
        2
  1
High
290
     1
290
     0
290
     1
290
     1
  1

  1
Applies 10 rendering levels
 90
        2
100
AcDbRapidRTRenderSettings
 90
        3
 70
     0
 90
       10
 90
        1
 70
     2
 70
     2
 40
3.0
 40
3.0
290
     1
  0
RAPIDRTRENDERSETTINGS
  5
13400
102
{ACAD_REACTORS
330
133FF
102
}
330
133FF
100
AcDbRenderSettings
 90
        2
  1
Low
290
     1
290
     0
290
     1
290
     1
  1

  1
Applies 1 rendering level
 90
        0
100
AcDbRapidRTRenderSettings
 90
        3
 70
     0
 90
        1
 90
        1
 70
     0
 70
     2
 40
3.0
 40
3.0
290
     1
  0
RAPIDRTRENDERSETTINGS
  5
13404
102
{ACAD_REACTORS
330
133FF
102
}
330
133FF
100
AcDbRenderSettings
 90
        2
  1
Lunch Quality
290
     1
290
     0
290
     1
290
     1
  1

  1
Renders for 60 minutes
 90
        4
100
AcDbRapidRTRenderSettings
 90
        3
 70
     1
 90
        1
 90
       60
 70
     2
 70
     2
 40
3.0
 40
3.0
290
     1
  0
RAPIDRTRENDERSETTINGS
  5
13401
102
{ACAD_REACTORS
330
133FF
102
}
330
133FF
100
AcDbRenderSettings
 90
        2
  1
Medium
290
     1
290
     0
290
     1
290
     1
  1

  1
Applies 5 rendering levels
 90
        1
100
AcDbRapidRTRenderSettings
 90
        3
 70
     0
 90
        5
 90
        1
 70
     1
 70
     2
 40
3.0
 40
3.0
290
     1
  0
RAPIDRTRENDERSETTINGS
  5
13405
102
{ACAD_REACTORS
330
133FF
102
}
330
133FF
100
AcDbRenderSettings
 90
        2
  1
Overnight Quality
290
     1
290
     0
290
     1
290
     1
  1

  1
Renders for 12 hours
 90
        5
100
AcDbRapidRTRenderSettings
 90
        3
 70
     1
 90
        1
 90
      720
 70
     2
 70
     2
 40
3.0
 40
3.0
290
     1
  0
SCALE
  5
1669E
102
{ACAD_REACTORS
330
B6
102
}
330
B6
100
AcDbScale
 70
     0
300
1:1_1
140
1.0
141
0.001
290
     0
  0
SCALE
  5
1669F
102
{ACAD_REACTORS
330
B6
102
}
330
B6
100
AcDbScale
 70
     0
300
1:1000
140
1.0
141
1.0
290
     0
  0
SCALE
  5
B7
102
{ACAD_REACTORS
330
B6
102
}
330
B6
100
AcDbScale
 70
     0
300
1:1
140
1.0
141
1.0
290
     1
  0
ACDBSECTIONVIEWSTYLE
  5
3AD5
102
{ACAD_XDICTIONARY
360
861E
102
}
102
{ACAD_REACTORS
330
3AD3
330
854F
102
}
330
3AD3
100
AcDbModelDocViewStyle
 70
     0
  3
Imperial24
290
     0
100
AcDbSectionViewStyle
 70
     0
 71
     0
 90
       78
 71
     1
340
11
 62
   256
 40
0.24
340
0
340
0
 62
   256
 40
0.24
300
I, O, Q, S, X, Z
 40
0.48
 90
        3
 40
0.18
 90
        1
 71
     2
340
3AD4
 90
       25
 62
   256
340
16
 90
       50
 62
   256
 40
0.24
 40
0.0
 40
0.24
 71
     3
340
11
 62
   256
 40
0.24
 90
        1
 40
0.75
 90
        1
300
%<\AcVar ViewType \f "%tc1">% %<\AcVar ViewSectionStartId>%-%<\AcVar ViewSectionEndId>%\PSCALE %<\AcVar ViewScale \f "%sn">%
 71
     4
 62
   256
 62
   257
300
ANSI31
 40
1.0
 90
        0
290
     0
290
     0
 90
        6
 40
0.0
 40
1.570796326794896
 40
0.2617993877991494
 40
1.308996938995747
 40
-0.2617993877991494
 40
1.832595714594046
  0
ACDBSECTIONVIEWSTYLE
  5
15A0E
102
{ACAD_XDICTIONARY
360
15A0F
102
}
102
{ACAD_REACTORS
330
3AD3
330
101D081
102
}
330
3AD3
100
AcDbModelDocViewStyle
 70
     0
  3
Metric50
290
     0
100
AcDbSectionViewStyle
 70
     0
 71
     0
 90
      102
 71
     1
340
11
 62
   256
 40
5.0
340
0
340
0
 62
   256
 40
5.0
300
I, O, Q, S, X, Z
 40
10.0
 90
        0
 40
2.5
 90
        0
 71
     2
340
16
 90
       25
 62
   256
340
16
 90
       50
 62
   256
 40
5.0
 40
2.5
 40
5.0
 71
     3
340
11
 62
   256
 40
5.0
 90
        0
 40
15.0
 90
        1
300
%<\AcVar ViewSectionStartId>%-%<\AcVar ViewSectionEndId>% (%<\AcVar ViewScale \f "%sn">%)
 71
     4
 62
   256
 62
   257
300
ANSI31
 40
1.0
 90
        0
290
     0
290
     0
 90
        6
 40
0.0
 40
1.570796326794896
 40
0.2617993877991494
 40
1.308996938995747
 40
-0.2617993877991494
 40
1.832595714594046
  0
TABLESTYLE
  5
87
102
{ACAD_XDICTIONARY
360
104
102
}
102
{ACAD_REACTORS
330
86
102
}
330
86
100
AcDbTableStyle
280
     0
  3
Standard
 70
     0
 71
     0
 40
0.06
 41
0.06
280
     0
281
     0
  7
Standard
140
0.18
170
     2
 62
     0
 63
     7
283
     0
 90
      512
 91
        0
  1

274
    -2
284
     1
 64
     0
275
    -2
285
     1
 65
     0
276
    -2
286
     1
 66
     0
277
    -2
287
     1
 67
     0
278
    -2
288
     1
 68
     0
279
    -2
289
     1
 69
     0
  7
Standard
140
0.25
170
     5
 62
     0
 63
     7
283
     0
 90
      512
 91
        0
  1

274
    -2
284
     1
 64
     0
275
    -2
285
     1
 65
     0
276
    -2
286
     1
 66
     0
277
    -2
287
     1
 67
     0
278
    -2
288
     1
 68
     0
279
    -2
289
     1
 69
     0
  7
Standard
140
0.18
170
     5
 62
     0
 63
     7
283
     0
 90
      512
 91
        0
  1

274
    -2
284
     1
 64
     0
275
    -2
285
     1
 65
     0
276
    -2
286
     1
 66
     0
277
    -2
287
     1
 67
     0
278
    -2
288
     1
 68
     0
279
    -2
289
     1
 69
     0
  0
VISUALSTYLE
  5
9F
102
{ACAD_REACTORS
330
99
102
}
330
99
100
AcDbVisualStyle
  2
2dWireframe
 70
     4
177
     3
291
     0
 70
    58
 90
        0
176
     1
 90
        2
176
     1
 90
        1
176
     1
 90
        0
176
     1
 40
0.6
176
     1
 40
30.0
176
     1
 62
     7
420
 16777215
176
     1
 90
        1
176
     1
 90
        4
176
     1
 62
     7
176
     1
 62
   257
176
     1
 90
        1
176
     1
 90
        1
176
     1
 40
1.0
176
     1
 90
        0
176
     1
 62
   257
176
     1
 40
1.0
176
     1
 90
        1
176
     1
 90
        6
176
     1
 90
        2
176
     1
 62
     7
176
     1
 90
        5
176
     1
 90
        0
176
     1
 90
        0
176
     1
290
     0
176
     1
 90
        1
176
     1
 40
0.0
176
     1
 90
        0
176
     1
290
     1
176
     1
290
     1
176
     1
290
     0
176
     1
290
     0
176
     1
290
     0
176
     1
290
     0
176
     1
290
     0
176
     1
290
     0
176
     1
290
     0
176
     1
 90
       50
176
     1
 40
0.0
176
     1
 40
1.0
176
     1
 90
        0
176
     1
 62
    18
420
        0
176
     1
 90
       50
176
     1
 90
        3
176
     1
 62
     5
420
      255
176
     1
290
     0
176
     1
 90
       50
176
     1
 90
       50
176
     1
 90
       50
176
     1
290
     0
176
     1
 90
       50
176
     1
 62
   256
176
     0
 40
1.0
176
     0
 90
        2
176
     1
  1
strokes_ogs.tif
176
     1
290
     0
176
     1
 40
1.0
176
     1
 40
1.0
176
     1
  0
VISUALSTYLE
  5
3A0B
102
{ACAD_REACTORS
330
99
102
}
330
99
100
AcDbVisualStyle
  2
3D Hidden
 70
     6
177
     3
291
     0
 70
    58
 90
        1
176
     1
 90
        2
176
     1
 90
        2
176
     1
 90
        0
176
     1
 40
0.6
176
     1
 40
30.0
176
     1
 62
     7
420
 16777215
176
     1
 90
        2
176
     1
 90
        2
176
     1
 62
     7
176
     1
 62
   257
176
     1
 90
        2
176
     1
 90
        1
176
     1
 40
40.0
176
     1
 90
        0
176
     1
 62
   257
176
     1
 40
1.0
176
     1
 90
        1
176
     1
 90
        6
176
     1
 90
        2
176
     1
 62
     7
176
     1
 90
        3
176
     1
 90
        0
176
     1
 90
        0
176
     1
290
     0
176
     1
 90
        1
176
     1
 40
0.0
176
     1
 90
        0
176
     1
290
     0
176
     1
290
     1
176
     1
290
     1
176
     1
290
     0
176
     1
290
     0
176
     1
290
     0
176
     1
290
     0
176
     1
290
     0
176
     1
290
     0
176
     1
 90
       50
176
     1
 40
0.0
176
     1
 40
1.0
176
     1
 90
        0
176
     1
 62
    18
420
        0
176
     1
 90
       50
176
     1
 90
        3
176
     1
 62
     5
420
      255
176
     1
290
     0
176
     1
 90
       50
176
     1
 90
       50
176
     1
 90
       50
176
     1
290
     0
176
     1
 90
       50
176
     1
 62
   256
176
     0
 40
1.0
176
     0
 90
        2
176
     1
  1
strokes_ogs.tif
176
     1
290
     0
176
     1
 40
1.0
176
     1
 40
1.0
176
     1
  0
VISUALSTYLE
  5
F48
102
{ACAD_REACTORS
330
99
102
}
330
99
100
AcDbVisualStyle
  2
3dWireframe
 70
     5
177
     3
291
     0
 70
    58
 90
        0
176
     1
 90
        2
176
     1
 90
        0
176
     1
 90
        0
176
     1
 40
0.6
176
     1
 40
30.0
176
     1
 62
     7
420
 16777215
176
     1
 90
        1
176
     1
 90
        4
176
     1
 62
     7
176
     1
 62
   257
176
     1
 90
        1
176
     1
 90
        1
176
     1
 40
1.0
176
     1
 90
        0
176
     1
 62
   257
176
     1
 40
1.0
176
     1
 90
        1
176
     1
 90
        6
176
     1
 90
        2
176
     1
 62
     7
176
     1
 90
        5
176
     1
 90
        0
176
     1
 90
        0
176
     1
290
     0
176
     1
 90
        1
176
     1
 40
0.0
176
     1
 90
        0
176
     1
290
     0
176
     1
290
     1
176
     1
290
     1
176
     1
290
     0
176
     1
290
     0
176
     1
290
     0
176
     1
290
     0
176
     1
290
     0
176
     1
290
     0
176
     1
 90
       50
176
     1
 40
0.0
176
     1
 40
1.0
176
     1
 90
        0
176
     1
 62
    18
420
        0
176
     1
 90
       50
176
     1
 90
        3
176
     1
 62
     5
420
      255
176
     1
290
     0
176
     1
 90
       50
176
     1
 90
       50
176
     1
 90
       50
176
     1
290
     0
176
     1
 90
       50
176
     1
 62
   256
176
     0
 40
1.0
176
     0
 90
        2
176
     1
  1
strokes_ogs.tif
176
     1
290
     0
176
     1
 40
1.0
176
     1
 40
1.0
176
     1
  0
VISUALSTYLE
  5
9E
102
{ACAD_REACTORS
330
99
102
}
330
99
100
AcDbVisualStyle
  2
Basic
 70
     7
177
     3
291
     1
 70
    58
 90
        1
176
     1
 90
        0
176
     1
 90
        1
176
     1
 90
        0
176
     1
 40
0.6
176
     1
 40
30.0
176
     1
 62
     7
420
 16777215
176
     1
 90
        0
176
     1
 90
        4
176
     1
 62
     7
176
     1
 62
   257
176
     1
 90
        1
176
     1
 90
        1
176
     1
 40
1.0
176
     1
 90
        8
176
     1
 62
     7
176
     1
 40
1.0
176
     1
 90
        1
176
     1
 90
        6
176
     1
 90
        2
176
     1
 62
     7
176
     1
 90
        5
176
     1
 90
        0
176
     1
 90
        0
176
     1
290
     0
176
     1
 90
        1
176
     1
 40
0.0
176
     1
 90
        0
176
     1
290
     0
176
     1
290
     1
176
     1
290
     1
176
     1
290
     0
176
     1
290
     0
176
     1
290
     0
176
     1
290
     0
176
     1
290
     0
176
     1
290
     0
176
     1
 90
       50
176
     1
 40
0.0
176
     1
 40
1.0
176
     1
 90
        0
176
     1
 62
    18
420
        0
176
     1
 90
       50
176
     1
 90
        3
176
     1
 62
     5
420
      255
176
     1
290
     0
176
     1
 90
       50
176
     1
 90
       50
176
     1
 90
       50
176
     1
290
     0
176
     1
 90
       50
176
     1
 62
   256
176
     0
 40
1.0
176
     0
 90
        2
176
     1
  1
strokes_ogs.tif
176
     1
290
     0
176
     1
 40
1.0
176
     1
 40
1.0
176
     1
  0
VISUALSTYLE
  5
A5
102
{ACAD_REACTORS
330
99
102
}
330
99
100
AcDbVisualStyle
  2
Brighten
 70
    12
177
     3
291
     1
 70
    58
 90
        2
176
     1
 90
        2
176
     1
 90
        1
176
     1
 90
        0
176
     1
 40
0.6
176
     1
 40
30.0
176
     1
 62
     7
420
 16777215
176
     1
 90
        1
176
     1
 90
        4
176
     1
 62
     7
176
     1
 62
   257
176
     1
 90
        1
176
     1
 90
        1
176
     1
 40
1.0
176
     1
 90
        8
176
     1
 62
     7
176
     1
 40
1.0
176
     1
 90
        1
176
     1
 90
        6
176
     1
 90
        2
176
     1
 62
     7
176
     1
 90
        5
176
     1
 90
        0
176
     1
 90
        0
176
     1
290
     0
176
     1
 90
        1
176
     1
 40
50.0
176
     1
 90
        0
176
     1
290
     0
176
     1
290
     1
176
     1
290
     1
176
     1
290
     0
176
     1
290
     0
176
     1
290
     0
176
     1
290
     0
176
     1
290
     0
176
     1
290
     0
176
     1
 90
       50
176
     1
 40
0.0
176
     1
 40
1.0
176
     1
 90
        0
176
     1
 62
    18
420
        0
176
     1
 90
       50
176
     1
 90
        3
176
     1
 62
     5
420
      255
176
     1
290
     0
176
     1
 90
       50
176
     1
 90
       50
176
     1
 90
       50
176
     1
290
     0
176
     1
 90
       50
176
     1
 62
   256
176
     0
 40
1.0
176
     0
 90
        2
176
     1
  1
strokes_ogs.tif
176
     1
290
     0
176
     1
 40
1.0
176
     1
 40
1.0
176
     1
  0
VISUALSTYLE
  5
A9
102
{ACAD_REACTORS
330
99
102
}
330
99
100
AcDbVisualStyle
  2
ColorChange
 70
    16
177
     3
291
     1
 70
    58
 90
        2
176
     1
 90
        2
176
     1
 90
        3
176
     1
 90
        0
176
     1
 40
0.6
176
     1
 40
30.0
176
     1
 62
     8
420
  8421504
176
     1
 90
        1
176
     1
 90
        4
176
     1
 62
     7
176
     1
 62
   257
176
     1
 90
        1
176
     1
 90
        1
176
     1
 40
1.0
176
     1
 90
        8
176
     1
 62
     8
420
  8421504
176
     1
 40
1.0
176
     1
 90
        1
176
     1
 90
        6
176
     1
 90
        2
176
     1
 62
     7
176
     1
 90
        5
176
     1
 90
        0
176
     1
 90
        0
176
     1
290
     0
176
     1
 90
        1
176
     1
 40
0.0
176
     1
 90
        0
176
     1
290
     0
176
     1
290
     1
176
     1
290
     1
176
     1
290
     0
176
     1
290
     0
176
     1
290
     0
176
     1
290
     0
176
     1
290
     0
176
     1
290
     0
176
     1
 90
       50
176
     1
 40
0.0
176
     1
 40
1.0
176
     1
 90
        0
176
     1
 62
    18
420
        0
176
     1
 90
       50
176
     1
 90
        3
176
     1
 62
     5
420
      255
176
     1
290
     0
176
     1
 90
       50
176
     1
 90
       50
176
     1
 90
       50
176
     1
290
     0
176
     1
 90
       50
176
     1
 62
   256
176
     0
 40
1.0
176
     0
 90
        2
176
     1
  1
strokes_ogs.tif
176
     1
290
     0
176
     1
 40
1.0
176
     1
 40
1.0
176
     1
  0
VISUALSTYLE
  5
A2
102
{ACAD_REACTORS
330
99
102
}
330
99
100
AcDbVisualStyle
  2
Conceptual
 70
     9
177
     3
291
     0
 70
    58
 90
        3
176
     1
 90
        2
176
     1
 90
        1
176
     1
 90
        0
176
     1
 40
0.6
176
     1
 40
30.0
176
     1
 62
     7
420
 16777215
176
     1
 90
        2
176
     1
 90
        2
176
     1
 62
     7
176
     1
 62
   257
176
     1
 90
        1
176
     1
 90
        1
176
     1
 40
40.0
176
     1
 90
        8
176
     1
 62
     7
176
     1
 40
1.0
176
     1
 90
        1
176
     1
 90
        6
176
     1
 90
        2
176
     1
 62
     7
176
     1
 90
        3
176
     1
 90
        0
176
     1
 90
        0
176
     1
290
     0
176
     1
 90
        1
176
     1
 40
0.0
176
     1
 90
        0
176
     1
290
     0
176
     1
290
     1
176
     1
290
     1
176
     1
290
     0
176
     1
290
     0
176
     1
290
     0
176
     1
290
     0
176
     1
290
     0
176
     1
290
     0
176
     1
 90
       50
176
     1
 40
0.0
176
     1
 40
1.0
176
     1
 90
        0
176
     1
 62
    18
420
        0
176
     1
 90
       50
176
     1
 90
        3
176
     1
 62
     5
420
      255
176
     1
290
     0
176
     1
 90
       50
176
     1
 90
       50
176
     1
 90
       50
176
     1
290
     0
176
     1
 90
       50
176
     1
 62
   256
176
     0
 40
1.0
176
     0
 90
        2
176
     1
  1
strokes_ogs.tif
176
     1
290
     0
176
     1
 40
1.0
176
     1
 40
1.0
176
     1
  0
VISUALSTYLE
  5
A4
102
{ACAD_REACTORS
330
99
102
}
330
99
100
AcDbVisualStyle
  2
Dim
 70
    11
177
     3
291
     1
 70
    58
 90
        2
176
     1
 90
        2
176
     1
 90
        1
176
     1
 90
        0
176
     1
 40
0.6
176
     1
 40
30.0
176
     1
 62
     7
420
 16777215
176
     1
 90
        1
176
     1
 90
        4
176
     1
 62
     7
176
     1
 62
   257
176
     1
 90
        1
176
     1
 90
        1
176
     1
 40
1.0
176
     1
 90
        8
176
     1
 62
     7
176
     1
 40
1.0
176
     1
 90
        1
176
     1
 90
        6
176
     1
 90
        2
176
     1
 62
     7
176
     1
 90
        5
176
     1
 90
        0
176
     1
 90
        0
176
     1
290
     0
176
     1
 90
        1
176
     1
 40
-50.0
176
     1
 90
        0
176
     1
290
     0
176
     1
290
     1
176
     1
290
     1
176
     1
290
     0
176
     1
290
     0
176
     1
290
     0
176
     1
290
     0
176
     1
290
     0
176
     1
290
     0
176
     1
 90
       50
176
     1
 40
0.0
176
     1
 40
1.0
176
     1
 90
        0
176
     1
 62
    18
420
        0
176
     1
 90
       50
176
     1
 90
        3
176
     1
 62
     5
420
      255
176
     1
290
     0
176
     1
 90
       50
176
     1
 90
       50
176
     1
 90
       50
176
     1
290
     0
176
     1
 90
       50
176
     1
 62
   256
176
     0
 40
1.0
176
     0
 90
        2
176
     1
  1
strokes_ogs.tif
176
     1
290
     0
176
     1
 40
1.0
176
     1
 40
1.0
176
     1
  0
VISUALSTYLE
  5
175
102
{ACAD_REACTORS
330
99
102
}
330
99
100
AcDbVisualStyle
  2
EdgeColorOff
 70
    22
177
     3
291
     1
 70
    58
 90
        2
176
     0
 90
        2
176
     0
 90
        0
176
     0
 90
        0
176
     0
 40
0.6
176
     0
 40
30.0
176
     0
 62
     7
420
 16777215
176
     0
 90
        1
176
     0
 90
        4
176
     0
 62
     7
176
     0
 62
   257
176
     0
 90
        1
176
     0
 90
        1
176
     0
 40
1.0
176
     0
 90
        8
176
     2
 62
     7
176
     0
 40
1.0
176
     0
 90
        1
176
     0
 90
        6
176
     0
 90
        2
176
     0
 62
     7
176
     0
 90
        5
176
     0
 90
        0
176
     0
 90
        0
176
     0
290
     0
176
     0
 90
        1
176
     0
 40
0.0
176
     0
 90
        0
176
     0
290
     0
176
     1
290
     1
176
     1
290
     1
176
     1
290
     0
176
     1
290
     0
176
     1
290
     0
176
     1
290
     0
176
     1
290
     0
176
     1
290
     0
176
     1
 90
       50
176
     1
 40
0.0
176
     1
 40
1.0
176
     1
 90
        0
176
     1
 62
    18
420
        0
176
     1
 90
       50
176
     1
 90
        3
176
     1
 62
     5
420
      255
176
     1
290
     0
176
     1
 90
       50
176
     1
 90
       50
176
     1
 90
       50
176
     1
290
     0
176
     1
 90
       50
176
     1
 62
   256
176
     0
 40
1.0
176
     0
 90
        2
176
     1
  1
strokes_ogs.tif
176
     1
290
     0
176
     1
 40
1.0
176
     1
 40
1.0
176
     1
  0
VISUALSTYLE
  5
A8
102
{ACAD_REACTORS
330
99
102
}
330
99
100
AcDbVisualStyle
  2
Facepattern
 70
    15
177
     3
291
     1
 70
    58
 90
        2
176
     1
 90
        2
176
     1
 90
        1
176
     1
 90
        0
176
     1
 40
0.6
176
     1
 40
30.0
176
     1
 62
     7
420
 16777215
176
     1
 90
        1
176
     1
 90
        4
176
     1
 62
     7
176
     1
 62
   257
176
     1
 90
        1
176
     1
 90
        1
176
     1
 40
1.0
176
     1
 90
        8
176
     1
 62
     7
176
     1
 40
1.0
176
     1
 90
        1
176
     1
 90
        6
176
     1
 90
        2
176
     1
 62
     7
176
     1
 90
        5
176
     1
 90
        0
176
     1
 90
        0
176
     1
290
     0
176
     1
 90
        1
176
     1
 40
0.0
176
     1
 90
        0
176
     1
290
     0
176
     1
290
     1
176
     1
290
     1
176
     1
290
     0
176
     1
290
     0
176
     1
290
     0
176
     1
290
     0
176
     1
290
     0
176
     1
290
     0
176
     1
 90
       50
176
     1
 40
0.0
176
     1
 40
1.0
176
     1
 90
        0
176
     1
 62
    18
420
        0
176
     1
 90
       50
176
     1
 90
        3
176
     1
 62
     5
420
      255
176
     1
290
     0
176
     1
 90
       50
176
     1
 90
       50
176
     1
 90
       50
176
     1
290
     0
176
     1
 90
       50
176
     1
 62
   256
176
     0
 40
1.0
176
     0
 90
        2
176
     1
  1
strokes_ogs.tif
176
     1
290
     0
176
     1
 40
1.0
176
     1
 40
1.0
176
     1
  0
VISUALSTYLE
  5
9A
102
{ACAD_REACTORS
330
99
102
}
330
99
100
AcDbVisualStyle
  2
Flat
 70
     0
177
     3
291
     1
 70
    58
 90
        2
176
     1
 90
        1
176
     1
 90
        1
176
     1
 90
        2
176
     1
 40
0.6
176
     1
 40
30.0
176
     1
 62
     7
420
 16777215
176
     1
 90
        0
176
     1
 90
        0
176
     1
 62
     7
176
     1
 62
   257
176
     1
 90
        1
176
     1
 90
        1
176
     1
 40
1.0
176
     1
 90
        8
176
     1
 62
     7
176
     1
 40
1.0
176
     1
 90
        1
176
     1
 90
        6
176
     1
 90
        2
176
     1
 62
     7
176
     1
 90
        5
176
     1
 90
        0
176
     1
 90
        0
176
     1
290
     0
176
     1
 90
       13
176
     1
 40
0.0
176
     1
 90
        0
176
     1
290
     0
176
     1
290
     1
176
     1
290
     1
176
     1
290
     0
176
     1
290
     0
176
     1
290
     0
176
     1
290
     0
176
     1
290
     0
176
     1
290
     0
176
     1
 90
       50
176
     1
 40
0.0
176
     1
 40
1.0
176
     1
 90
        0
176
     1
 62
    18
420
        0
176
     1
 90
       50
176
     1
 90
        3
176
     1
 62
     5
420
      255
176
     1
290
     0
176
     1
 90
       50
176
     1
 90
       50
176
     1
 90
       50
176
     1
290
     0
176
     1
 90
       50
176
     1
 62
   256
176
     0
 40
1.0
176
     0
 90
        2
176
     1
  1
strokes_ogs.tif
176
     1
290
     0
176
     1
 40
1.0
176
     1
 40
1.0
176
     1
  0
VISUALSTYLE
  5
9B
102
{ACAD_REACTORS
330
99
102
}
330
99
100
AcDbVisualStyle
  2
FlatWithEdges
 70
     1
177
     3
291
     1
 70
    58
 90
        2
176
     1
 90
        1
176
     1
 90
        1
176
     1
 90
        2
176
     1
 40
0.6
176
     1
 40
30.0
176
     1
 62
     7
420
 16777215
176
     1
 90
        1
176
     1
 90
        0
176
     1
 62
     7
176
     1
 62
   257
176
     1
 90
        1
176
     1
 90
        1
176
     1
 40
1.0
176
     1
 90
        0
176
     1
 62
   257
176
     1
 40
1.0
176
     1
 90
        1
176
     1
 90
        6
176
     1
 90
        2
176
     1
 62
     7
176
     1
 90
        5
176
     1
 90
        0
176
     1
 90
        0
176
     1
290
     0
176
     1
 90
       13
176
     1
 40
0.0
176
     1
 90
        0
176
     1
290
     0
176
     1
290
     1
176
     1
290
     1
176
     1
290
     0
176
     1
290
     0
176
     1
290
     0
176
     1
290
     0
176
     1
290
     0
176
     1
290
     0
176
     1
 90
       50
176
     1
 40
0.0
176
     1
 40
1.0
176
     1
 90
        0
176
     1
 62
    18
420
        0
176
     1
 90
       50
176
     1
 90
        3
176
     1
 62
     5
420
      255
176
     1
290
     0
176
     1
 90
       50
176
     1
 90
       50
176
     1
 90
       50
176
     1
290
     0
176
     1
 90
       50
176
     1
 62
   256
176
     0
 40
1.0
176
     0
 90
        2
176
     1
  1
strokes_ogs.tif
176
     1
290
     0
176
     1
 40
1.0
176
     1
 40
1.0
176
     1
  0
VISUALSTYLE
  5
9C
102
{ACAD_REACTORS
330
99
102
}
330
99
100
AcDbVisualStyle
  2
Gouraud
 70
     2
177
     3
291
     1
 70
    58
 90
        2
176
     1
 90
        2
176
     1
 90
        1
176
     1
 90
        2
176
     1
 40
0.6
176
     1
 40
30.0
176
     1
 62
     7
420
 16777215
176
     1
 90
        0
176
     1
 90
        0
176
     1
 62
     7
176
     1
 62
   257
176
     1
 90
        1
176
     1
 90
        1
176
     1
 40
1.0
176
     1
 90
        0
176
     1
 62
     7
176
     1
 40
1.0
176
     1
 90
        1
176
     1
 90
        6
176
     1
 90
        2
176
     1
 62
     7
176
     1
 90
        5
176
     1
 90
        0
176
     1
 90
        0
176
     1
290
     0
176
     1
 90
       13
176
     1
 40
0.0
176
     1
 90
        0
176
     1
290
     0
176
     1
290
     1
176
     1
290
     1
176
     1
290
     0
176
     1
290
     0
176
     1
290
     0
176
     1
290
     0
176
     1
290
     0
176
     1
290
     0
176
     1
 90
       50
176
     1
 40
0.0
176
     1
 40
1.0
176
     1
 90
        0
176
     1
 62
    18
420
        0
176
     1
 90
       50
176
     1
 90
        3
176
     1
 62
     5
420
      255
176
     1
290
     0
176
     1
 90
       50
176
     1
 90
       50
176
     1
 90
       50
176
     1
290
     0
176
     1
 90
       50
176
     1
 62
   256
176
     0
 40
1.0
176
     0
 90
        2
176
     1
  1
strokes_ogs.tif
176
     1
290
     0
176
     1
 40
1.0
176
     1
 40
1.0
176
     1
  0
VISUALSTYLE
  5
9D
102
{ACAD_REACTORS
330
99
102
}
330
99
100
AcDbVisualStyle
  2
GouraudWithEdges
 70
     3
177
     3
291
     1
 70
    58
 90
        2
176
     1
 90
        2
176
     1
 90
        1
176
     1
 90
        2
176
     1
 40
0.6
176
     1
 40
30.0
176
     1
 62
     7
420
 16777215
176
     1
 90
        1
176
     1
 90
        0
176
     1
 62
     7
176
     1
 62
   257
176
     1
 90
        1
176
     1
 90
        1
176
     1
 40
1.0
176
     1
 90
        0
176
     1
 62
   257
176
     1
 40
1.0
176
     1
 90
        1
176
     1
 90
        6
176
     1
 90
        2
176
     1
 62
     7
176
     1
 90
        5
176
     1
 90
        0
176
     1
 90
        0
176
     1
290
     0
176
     1
 90
       13
176
     1
 40
0.0
176
     1
 90
        0
176
     1
290
     0
176
     1
290
     1
176
     1
290
     1
176
     1
290
     0
176
     1
290
     0
176
     1
290
     0
176
     1
290
     0
176
     1
290
     0
176
     1
290
     0
176
     1
 90
       50
176
     1
 40
0.0
176
     1
 40
1.0
176
     1
 90
        0
176
     1
 62
    18
420
        0
176
     1
 90
       50
176
     1
 90
        3
176
     1
 62
     5
420
      255
176
     1
290
     0
176
     1
 90
       50
176
     1
 90
       50
176
     1
 90
       50
176
     1
290
     0
176
     1
 90
       50
176
     1
 62
   256
176
     0
 40
1.0
176
     0
 90
        2
176
     1
  1
strokes_ogs.tif
176
     1
290
     0
176
     1
 40
1.0
176
     1
 40
1.0
176
     1
  0
VISUALSTYLE
  5
A1
102
{ACAD_REACTORS
330
99
102
}
330
99
100
AcDbVisualStyle
  2
Hidden
 70
     6
177
     3
291
     0
 70
    58
 90
        1
176
     1
 90
        2
176
     1
 90
        2
176
     1
 90
        0
176
     1
 40
0.6
176
     1
 40
30.0
176
     1
 62
     7
420
 16777215
176
     1
 90
        2
176
     1
 90
        2
176
     1
 62
     7
176
     1
 62
   257
176
     1
 90
        2
176
     1
 90
        1
176
     1
 40
40.0
176
     1
 90
        0
176
     1
 62
   257
176
     1
 40
1.0
176
     1
 90
        1
176
     1
 90
        6
176
     1
 90
        2
176
     1
 62
     7
176
     1
 90
        3
176
     1
 90
        0
176
     1
 90
        0
176
     1
290
     0
176
     1
 90
        1
176
     1
 40
0.0
176
     1
 90
        0
176
     1
290
     0
176
     1
290
     1
176
     1
290
     1
176
     1
290
     0
176
     1
290
     0
176
     1
290
     0
176
     1
290
     0
176
     1
290
     0
176
     1
290
     0
176
     1
 90
       50
176
     1
 40
0.0
176
     1
 40
1.0
176
     1
 90
        0
176
     1
 62
    18
420
        0
176
     1
 90
       50
176
     1
 90
        3
176
     1
 62
     5
420
      255
176
     1
290
     0
176
     1
 90
       50
176
     1
 90
       50
176
     1
 90
       50
176
     1
290
     0
176
     1
 90
       50
176
     1
 62
   256
176
     0
 40
1.0
176
     0
 90
        2
176
     1
  1
strokes_ogs.tif
176
     1
290
     0
176
     1
 40
1.0
176
     1
 40
1.0
176
     1
  0
VISUALSTYLE
  5
173
102
{ACAD_REACTORS
330
99
102
}
330
99
100
AcDbVisualStyle
  2
JitterOff
 70
    20
177
     3
291
     1
 70
    58
 90
        2
176
     0
 90
        2
176
     0
 90
        0
176
     0
 90
        0
176
     0
 40
0.6
176
     0
 40
30.0
176
     0
 62
     7
420
 16777215
176
     0
 90
        1
176
     0
 90
        4
176
     0
 62
     7
176
     0
 62
   257
176
     0
 90
        1
176
     0
 90
        1
176
     0
 40
1.0
176
     0
 90
       10
176
     2
 62
     7
176
     0
 40
1.0
176
     0
 90
        1
176
     0
 90
        6
176
     0
 90
        2
176
     0
 62
     7
176
     0
 90
        5
176
     0
 90
        0
176
     0
 90
        0
176
     0
290
     0
176
     0
 90
        1
176
     0
 40
0.0
176
     0
 90
        0
176
     0
290
     0
176
     1
290
     1
176
     1
290
     1
176
     1
290
     0
176
     1
290
     0
176
     1
290
     0
176
     1
290
     0
176
     1
290
     0
176
     1
290
     0
176
     1
 90
       50
176
     1
 40
0.0
176
     1
 40
1.0
176
     1
 90
        0
176
     1
 62
    18
420
        0
176
     1
 90
       50
176
     1
 90
        3
176
     1
 62
     5
420
      255
176
     1
290
     0
176
     1
 90
       50
176
     1
 90
       50
176
     1
 90
       50
176
     1
290
     0
176
     1
 90
       50
176
     1
 62
   256
176
     0
 40
1.0
176
     0
 90
        2
176
     1
  1
strokes_ogs.tif
176
     1
290
     0
176
     1
 40
1.0
176
     1
 40
1.0
176
     1
  0
VISUALSTYLE
  5
A7
102
{ACAD_REACTORS
330
99
102
}
330
99
100
AcDbVisualStyle
  2
Linepattern
 70
    14
177
     3
291
     1
 70
    58
 90
        2
176
     1
 90
        2
176
     1
 90
        1
176
     1
 90
        0
176
     1
 40
0.6
176
     1
 40
30.0
176
     1
 62
     7
420
 16777215
176
     1
 90
        1
176
     1
 90
        4
176
     1
 62
     7
176
     1
 62
   257
176
     1
 90
        7
176
     1
 90
        7
176
     1
 40
1.0
176
     1
 90
        8
176
     1
 62
     7
176
     1
 40
1.0
176
     1
 90
        1
176
     1
 90
        6
176
     1
 90
        2
176
     1
 62
     7
176
     1
 90
        5
176
     1
 90
        0
176
     1
 90
        0
176
     1
290
     0
176
     1
 90
        1
176
     1
 40
0.0
176
     1
 90
        0
176
     1
290
     0
176
     1
290
     1
176
     1
290
     1
176
     1
290
     0
176
     1
290
     0
176
     1
290
     0
176
     1
290
     0
176
     1
290
     0
176
     1
290
     0
176
     1
 90
       50
176
     1
 40
0.0
176
     1
 40
1.0
176
     1
 90
        0
176
     1
 62
    18
420
        0
176
     1
 90
       50
176
     1
 90
        3
176
     1
 62
     5
420
      255
176
     1
290
     0
176
     1
 90
       50
176
     1
 90
       50
176
     1
 90
       50
176
     1
290
     0
176
     1
 90
       50
176
     1
 62
   256
176
     0
 40
1.0
176
     0
 90
        2
176
     1
  1
strokes_ogs.tif
176
     1
290
     0
176
     1
 40
1.0
176
     1
 40
1.0
176
     1
  0
VISUALSTYLE
  5
174
102
{ACAD_REACTORS
330
99
102
}
330
99
100
AcDbVisualStyle
  2
OverhangOff
 70
    21
177
     3
291
     1
 70
    58
 90
        2
176
     0
 90
        2
176
     0
 90
        0
176
     0
 90
        0
176
     0
 40
0.6
176
     0
 40
30.0
176
     0
 62
     7
420
 16777215
176
     0
 90
        1
176
     0
 90
        4
176
     0
 62
     7
176
     0
 62
   257
176
     0
 90
        1
176
     0
 90
        1
176
     0
 40
1.0
176
     0
 90
        9
176
     2
 62
     7
176
     0
 40
1.0
176
     0
 90
        1
176
     0
 90
        6
176
     0
 90
        2
176
     0
 62
     7
176
     0
 90
        5
176
     0
 90
        0
176
     0
 90
        0
176
     0
290
     0
176
     0
 90
        1
176
     0
 40
0.0
176
     0
 90
        0
176
     0
290
     0
176
     1
290
     1
176
     1
290
     1
176
     1
290
     0
176
     1
290
     0
176
     1
290
     0
176
     1
290
     0
176
     1
290
     0
176
     1
290
     0
176
     1
 90
       50
176
     1
 40
0.0
176
     1
 40
1.0
176
     1
 90
        0
176
     1
 62
    18
420
        0
176
     1
 90
       50
176
     1
 90
        3
176
     1
 62
     5
420
      255
176
     1
290
     0
176
     1
 90
       50
176
     1
 90
       50
176
     1
 90
       50
176
     1
290
     0
176
     1
 90
       50
176
     1
 62
   256
176
     0
 40
1.0
176
     0
 90
        2
176
     1
  1
strokes_ogs.tif
176
     1
290
     0
176
     1
 40
1.0
176
     1
 40
1.0
176
     1
  0
VISUALSTYLE
  5
A3
102
{ACAD_REACTORS
330
99
102
}
330
99
100
AcDbVisualStyle
  2
Realistic
 70
     8
177
     3
291
     0
 70
    58
 90
        2
176
     1
 90
        3
176
     1
 90
        0
176
     1
 90
        2
176
     1
 40
0.6
176
     1
 40
30.0
176
     1
 62
     7
420
 16777215
176
     1
 90
        0
176
     1
 90
        0
176
     1
 62
     7
176
     1
 62
   257
176
     1
 90
        1
176
     1
 90
        1
176
     1
 40
1.0
176
     1
 90
        8
176
     1
 62
   257
176
     1
 40
1.0
176
     1
 90
        1
176
     1
 90
        6
176
     1
 90
        2
176
     1
 62
     7
176
     1
 90
        3
176
     1
 90
        0
176
     1
 90
        0
176
     1
290
     0
176
     1
 90
       13
176
     1
 40
0.0
176
     1
 90
        0
176
     1
290
     0
176
     1
290
     1
176
     1
290
     1
176
     1
290
     0
176
     1
290
     0
176
     1
290
     0
176
     1
290
     0
176
     1
290
     0
176
     1
290
     0
176
     1
 90
       50
176
     1
 40
0.0
176
     1
 40
1.0
176
     1
 90
        0
176
     1
 62
    18
420
        0
176
     1
 90
       50
176
     1
 90
        3
176
     1
 62
     5
420
      255
176
     1
290
     0
176
     1
 90
       50
176
     1
 90
       50
176
     1
 90
       50
176
     1
290
     0
176
     1
 90
       50
176
     1
 62
   256
176
     0
 40
1.0
176
     0
 90
        2
176
     1
  1
strokes_ogs.tif
176
     1
290
     0
176
     1
 40
1.0
176
     1
 40
1.0
176
     1
  0
VISUALSTYLE
  5
182
102
{ACAD_REACTORS
330
99
102
}
330
99
100
AcDbVisualStyle
  2
Shaded
 70
    27
177
     3
291
     0
 70
    58
 90
        2
176
     1
 90
        2
176
     1
 90
        1
176
     1
 90
        2
176
     1
 40
0.6
176
     1
 40
30.0
176
     1
 62
     7
420
 16777215
176
     1
 90
        0
176
     1
 90
        4
176
     1
 62
     7
176
     1
 62
   257
176
     1
 90
        1
176
     1
 90
        1
176
     1
 40
1.0
176
     1
 90
        8
176
     1
 62
   257
176
     1
 40
1.0
176
     1
 90
        1
176
     1
 90
        6
176
     1
 90
        2
176
     1
 62
     8
420
  7895160
176
     1
 90
        3
176
     1
 90
        0
176
     1
 90
        0
176
     1
290
     0
176
     1
 90
        5
176
     1
 40
0.0
176
     1
 90
        0
176
     1
290
     0
176
     1
290
     1
176
     1
290
     1
176
     1
290
     0
176
     1
290
     0
176
     1
290
     0
176
     1
290
     0
176
     1
290
     0
176
     1
290
     0
176
     1
 90
       50
176
     1
 40
0.0
176
     1
 40
1.0
176
     1
 90
        0
176
     1
 62
    18
420
        0
176
     1
 90
       50
176
     1
 90
        3
176
     1
 62
     5
420
      255
176
     1
290
     0
176
     1
 90
       50
176
     1
 90
       50
176
     1
 90
       50
176
     1
290
     0
176
     1
 90
       50
176
     1
 62
   256
176
     0
 40
1.0
176
     0
 90
        2
176
     1
  1
strokes_ogs.tif
176
     1
290
     0
176
     1
 40
1.0
176
     1
 40
1.0
176
     1
  0
VISUALSTYLE
  5
181
102
{ACAD_REACTORS
330
99
102
}
330
99
100
AcDbVisualStyle
  2
Shaded with edges
 70
    26
177
     3
291
     0
 70
    58
 90
        2
176
     1
 90
        2
176
     1
 90
        1
176
     1
 90
        2
176
     1
 40
0.6
176
     1
 40
30.0
176
     1
 62
     7
420
 16777215
176
     1
 90
        1
176
     1
 90
        2
176
     1
 62
     7
176
     1
 62
   257
176
     1
 90
        2
176
     1
 90
        1
176
     1
 40
1.0
176
     1
 90
        8
176
     1
 62
   257
176
     1
 40
1.0
176
     1
 90
        1
176
     1
 90
        6
176
     1
 90
        2
176
     1
 62
     7
176
     1
 90
        3
176
     1
 90
        0
176
     1
 90
        0
176
     1
290
     0
176
     1
 90
        5
176
     1
 40
0.0
176
     1
 90
        0
176
     1
290
     0
176
     1
290
     1
176
     1
290
     1
176
     1
290
     0
176
     1
290
     0
176
     1
290
     0
176
     1
290
     0
176
     1
290
     0
176
     1
290
     0
176
     1
 90
       50
176
     1
 40
0.0
176
     1
 40
1.0
176
     1
 90
        0
176
     1
 62
    18
420
        0
176
     1
 90
       50
176
     1
 90
        3
176
     1
 62
     5
420
      255
176
     1
290
     0
176
     1
 90
       50
176
     1
 90
       50
176
     1
 90
       50
176
     1
290
     0
176
     1
 90
       50
176
     1
 62
   256
176
     0
 40
1.0
176
     0
 90
        2
176
     1
  1
strokes_ogs.tif
176
     1
290
     0
176
     1
 40
1.0
176
     1
 40
1.0
176
     1
  0
VISUALSTYLE
  5
17E
102
{ACAD_REACTORS
330
99
102
}
330
99
100
AcDbVisualStyle
  2
Shades of Gray
 70
    23
177
     3
291
     0
 70
    58
 90
        2
176
     1
 90
        2
176
     1
 90
        3
176
     1
 90
        0
176
     1
 40
0.6
176
     1
 40
30.0
176
     1
 62
     7
420
 16777215
176
     1
 90
        2
176
     1
 90
        2
176
     1
 62
     7
176
     1
 62
     7
176
     1
 90
        1
176
     1
 90
        1
176
     1
 40
40.0
176
     1
 90
        8
176
     1
 62
     7
176
     1
 40
1.0
176
     1
 90
        1
176
     1
 90
        6
176
     1
 90
        2
176
     1
 62
     7
176
     1
 90
        3
176
     1
 90
        0
176
     1
 90
        0
176
     1
290
     0
176
     1
 90
        1
176
     1
 40
0.0
176
     1
 90
        0
176
     1
290
     0
176
     1
290
     1
176
     1
290
     1
176
     1
290
     0
176
     1
290
     0
176
     1
290
     0
176
     1
290
     0
176
     1
290
     0
176
     1
290
     0
176
     1
 90
       50
176
     1
 40
0.0
176
     1
 40
1.0
176
     1
 90
        0
176
     1
 62
    18
420
        0
176
     1
 90
       50
176
     1
 90
        3
176
     1
 62
     5
420
      255
176
     1
290
     0
176
     1
 90
       50
176
     1
 90
       50
176
     1
 90
       50
176
     1
290
     0
176
     1
 90
       50
176
     1
 62
   256
176
     0
 40
1.0
176
     0
 90
        2
176
     1
  1
strokes_ogs.tif
176
     1
290
     0
176
     1
 40
1.0
176
     1
 40
1.0
176
     1
  0
VISUALSTYLE
  5
17F
102
{ACAD_REACTORS
330
99
102
}
330
99
100
AcDbVisualStyle
  2
Sketchy
 70
    24
177
     3
291
     0
 70
    58
 90
        1
176
     1
 90
        2
176
     1
 90
        2
176
     1
 90
        0
176
     1
 40
0.6
176
     1
 40
30.0
176
     1
 62
     7
420
 16777215
176
     1
 90
        2
176
     1
 90
        2
176
     1
 62
     7
176
     1
 62
     7
176
     1
 90
        1
176
     1
 90
        1
176
     1
 40
40.0
176
     1
 90
       11
176
     1
 62
     7
176
     1
 40
1.0
176
     1
 90
        1
176
     1
 90
        6
176
     1
 90
        2
176
     1
 62
     7
176
     1
 90
        6
176
     1
 90
        0
176
     1
 90
        0
176
     1
290
     0
176
     1
 90
        1
176
     1
 40
0.0
176
     1
 90
        0
176
     1
290
     0
176
     1
290
     1
176
     1
290
     1
176
     1
290
     0
176
     1
290
     0
176
     1
290
     0
176
     1
290
     0
176
     1
290
     0
176
     1
290
     0
176
     1
 90
       50
176
     1
 40
0.0
176
     1
 40
1.0
176
     1
 90
        0
176
     1
 62
    18
420
        0
176
     1
 90
       50
176
     1
 90
        3
176
     1
 62
     5
420
      255
176
     1
290
     0
176
     1
 90
       50
176
     1
 90
       50
176
     1
 90
       50
176
     1
290
     0
176
     1
 90
       50
176
     1
 62
   256
176
     0
 40
1.0
176
     0
 90
        2
176
     1
  1
strokes_ogs.tif
176
     1
290
     0
176
     1
 40
1.0
176
     1
 40
1.0
176
     1
  0
VISUALSTYLE
  5
A6
102
{ACAD_REACTORS
330
99
102
}
330
99
100
AcDbVisualStyle
  2
Thicken
 70
    13
177
     3
291
     1
 70
    58
 90
        2
176
     1
 90
        2
176
     1
 90
        1
176
     1
 90
        0
176
     1
 40
0.6
176
     1
 40
30.0
176
     1
 62
     7
420
 16777215
176
     1
 90
        1
176
     1
 90
        4
176
     1
 62
     7
176
     1
 62
   257
176
     1
 90
        1
176
     1
 90
        1
176
     1
 40
1.0
176
     1
 90
       12
176
     1
 62
     7
176
     1
 40
1.0
176
     1
 90
        1
176
     1
 90
        6
176
     1
 90
        2
176
     1
 62
     7
176
     1
 90
        5
176
     1
 90
        0
176
     1
 90
        0
176
     1
290
     0
176
     1
 90
        1
176
     1
 40
0.0
176
     1
 90
        0
176
     1
290
     0
176
     1
290
     1
176
     1
290
     1
176
     1
290
     0
176
     1
290
     0
176
     1
290
     0
176
     1
290
     0
176
     1
290
     0
176
     1
290
     0
176
     1
 90
       50
176
     1
 40
0.0
176
     1
 40
1.0
176
     1
 90
        0
176
     1
 62
    18
420
        0
176
     1
 90
       50
176
     1
 90
        3
176
     1
 62
     5
420
      255
176
     1
290
     0
176
     1
 90
       50
176
     1
 90
       50
176
     1
 90
       50
176
     1
290
     0
176
     1
 90
       50
176
     1
 62
   256
176
     0
 40
1.0
176
     0
 90
        2
176
     1
  1
strokes_ogs.tif
176
     1
290
     0
176
     1
 40
1.0
176
     1
 40
1.0
176
     1
  0
VISUALSTYLE
  5
A0
102
{ACAD_REACTORS
330
99
102
}
330
99
100
AcDbVisualStyle
  2
Wireframe
 70
     5
177
     3
291
     0
 70
    58
 90
        0
176
     1
 90
        2
176
     1
 90
        0
176
     1
 90
        0
176
     1
 40
0.6
176
     1
 40
30.0
176
     1
 62
     7
420
 16777215
176
     1
 90
        1
176
     1
 90
        4
176
     1
 62
     7
176
     1
 62
   257
176
     1
 90
        1
176
     1
 90
        1
176
     1
 40
1.0
176
     1
 90
        0
176
     1
 62
   257
176
     1
 40
1.0
176
     1
 90
        1
176
     1
 90
        6
176
     1
 90
        2
176
     1
 62
     7
176
     1
 90
        3
176
     1
 90
        0
176
     1
 90
        0
176
     1
290
     0
176
     1
 90
        1
176
     1
 40
0.0
176
     1
 90
        0
176
     1
290
     0
176
     1
290
     1
176
     1
290
     1
176
     1
290
     0
176
     1
290
     0
176
     1
290
     0
176
     1
290
     0
176
     1
290
     0
176
     1
290
     0
176
     1
 90
       50
176
     1
 40
0.0
176
     1
 40
1.0
176
     1
 90
        0
176
     1
 62
    18
420
        0
176
     1
 90
       50
176
     1
 90
        3
176
     1
 62
     5
420
      255
176
     1
290
     0
176
     1
 90
       50
176
     1
 90
       50
176
     1
 90
       50
176
     1
290
     0
176
     1
 90
       50
176
     1
 62
   256
176
     0
 40
1.0
176
     0
 90
        2
176
     1
  1
strokes_ogs.tif
176
     1
290
     0
176
     1
 40
1.0
176
     1
 40
1.0
176
     1
  0
VISUALSTYLE
  5
180
102
{ACAD_REACTORS
330
99
102
}
330
99
100
AcDbVisualStyle
  2
X-Ray
 70
    25
177
     3
291
     0
 70
    58
 90
        2
176
     1
 90
        2
176
     1
 90
        1
176
     1
 90
        1
176
     1
 40
0.5
176
     1
 40
30.0
176
     1
 62
     7
420
 16777215
176
     1
 90
        1
176
     1
 90
        0
176
     1
 62
     7
176
     1
 62
   257
176
     1
 90
        1
176
     1
 90
        1
176
     1
 40
1.0
176
     1
 90
        8
176
     1
 62
     7
176
     1
 40
1.0
176
     1
 90
        1
176
     1
 90
        6
176
     1
 90
        2
176
     1
 62
     7
176
     1
 90
        3
176
     1
 90
        0
176
     1
 90
        0
176
     1
290
     0
176
     1
 90
       13
176
     1
 40
0.0
176
     1
 90
        0
176
     1
290
     0
176
     1
290
     1
176
     1
290
     1
176
     1
290
     0
176
     1
290
     0
176
     1
290
     0
176
     1
290
     0
176
     1
290
     0
176
     1
290
     0
176
     1
 90
       50
176
     1
 40
0.0
176
     1
 40
1.0
176
     1
 90
        0
176
     1
 62
    18
420
        0
176
     1
 90
       50
176
     1
 90
        3
176
     1
 62
     5
420
      255
176
     1
290
     0
176
     1
 90
       50
176
     1
 90
       50
176
     1
 90
       50
176
     1
290
     0
176
     1
 90
       50
176
     1
 62
   256
176
     0
 40
1.0
176
     0
 90
        2
176
     1
  1
strokes_ogs.tif
176
     1
290
     0
176
     1
 40
1.0
176
     1
 40
1.0
176
     1
  0
DICTIONARYVAR
  5
F0
102
{ACAD_REACTORS
330
66
102
}
330
66
100
DictionaryVariables
280
     0
  1
1:1
  0
DICTIONARYVAR
  5
EF
102
{ACAD_REACTORS
330
66
102
}
330
66
100
DictionaryVariables
280
     0
  1
KM
  0
DICTIONARYVAR
  5
89
102
{ACAD_REACTORS
330
66
102
}
330
66
100
DictionaryVariables
280
     0
  1
STANDARD
  0
DICTIONARYVAR
  5
4B30
102
{ACAD_REACTORS
330
66
102
}
330
66
100
DictionaryVariables
280
     0
  1
Metric50
  0
DICTIONARYVAR
  5
4B31
102
{ACAD_REACTORS
330
66
102
}
330
66
100
DictionaryVariables
280
     0
  1
Metric50
  0
DICTIONARYVAR
  5
67
102
{ACAD_REACTORS
330
66
102
}
330
66
100
DictionaryVariables
280
     0
  1
2
  0
DICTIONARYVAR
  5
101D10A
102
{ACAD_REACTORS
330
66
102
}
330
66
100
DictionaryVariables
280
     0
  1
4
  0
DICTIONARYVAR
  5
6B
102
{ACAD_REACTORS
330
66
102
}
330
66
100
DictionaryVariables
280
     0
  1
1
  0
DICTIONARYVAR
  5
132DD
102
{ACAD_REACTORS
330
66
102
}
330
66
100
DictionaryVariables
280
     0
  1
BYLAYER
  0
DICTIONARYVAR
  5
132DC
102
{ACAD_REACTORS
330
66
102
}
330
66
100
DictionaryVariables
280
     0
  1
ByLayer
  0
DICTIONARYVAR
  5
14D
102
{ACAD_REACTORS
330
66
102
}
330
66
100
DictionaryVariables
280
     0
  1
0
  0
DICTIONARYVAR
  5
14E
102
{ACAD_REACTORS
330
66
102
}
330
66
100
DictionaryVariables
280
     0
  1
0
  0
DICTIONARY
  5
8524
102
{ACAD_REACTORS
330
851D
102
}
330
851D
100
AcDbDictionary
281
     1
  0
XRECORD
  5
1BFF6
102
{ACAD_REACTORS
330
16BB
102
}
330
16BB
100
AcDbXrecord
280
     1
1000
ADE02C001
1070
     1
1070
     0
1002
{
1002
}
1002
{
1002
}
1002
{
1002
}
1000

  0
XRECORD
  5
160EC
102
{ACAD_REACTORS
330
160EB
102
}
330
160EB
100
AcDbXrecord
280
     1
330
1A99F
330
0
330
0
330
0
330
0
330
1A9D7
330
1A9D8
330
1A9DA
330
1A9EA
330
1A9EB
330
1AC02
330
1AC0F
330
1AC10
330
0
330
0
330
1AC75
330
1AFCD
330
1AFD8
330
1AFD9
330
1B0A9
330
1B0B1
330
1B0B2
330
1B0B3
330
1B0CF
330
1B0D1
330
0
330
0
330
1B19C
330
1B19D
330
1B19E
330
1B19F
330
1B1A0
330
1B1A1
330
1B1A2
330
1B1AC
330
1B1AD
330
1B1AE
330
1B1AF
330
1B1B0
330
1B1B1
330
1B1B2
330
0
330
0
330
0
330
0
330
1B658
330
1B6C6
330
1B6C7
330
1B6CA
330
1B6F2
330
1B712
330
1B79E
330
1B79F
330
1B7F3
330
1B8E0
330
1B8E7
330
1B8F7
330
1B8F8
330
1B9C2
330
1B9C3
330
1B9C4
330
1B9C9
330
1B9CC
330
1B9CE
330
1BA22
330
1BA23
330
1BA28
330
1BC74
330
1BC7C
330
0
  0
ACAD_PROXY_OBJECT
  5
3AF3
102
{ACAD_REACTORS
330
3AE3
102
}
330
3AE3
100
AcDbProxyObject
 90
      499
 91
      567
 95
  8192031
 70
     0
162
                 0
161
                10
310
404C
 94
        0
  0
ACAD_PROXY_OBJECT
  5
3AE8
102
{ACAD_REACTORS
330
3AE3
102
}
330
3AE3
100
AcDbProxyObject
 90
      499
 91
      560
 95
  8192031
 70
     0
162
                 0
161
                12
310
406C
 94
        0
  0
DATATABLE
  5
3AE7
102
{ACAD_REACTORS
330
3AE3
102
}
330
3AE3
100
AcDbDataTable
 70
     2
 90
        4
 91
       15
  1

 92
        3
  2
OriginalClassName
  3
AcMapDMDefaultStyle
  3
AcMapDMEntityStyle
  3
AcMapDMRasterStyle
  3
AcMapDMSEAnnotationStyle
  3
AcMapDMSEHatchStyle
  3
AcMapDMSETextStyle
  3
AcMapDMThematicStyle
  3
AcMapDMBaseElement
  3
AcMapDMAttachedDwgsQueryElement
  3
AcMapDMFeatureElement
  3
AcMapDMLayerElement
  3
AcMapDMCurrentDwgQueryElement
  3
AcMapDMRasterElement
  3
AcMapDMTopoElement
  3
AcMapDMTopoQueryElement
 92
        3
  2
ProxyDisplayName
  3
Default
  3
Entity
  3
Raster
  3
Annotation
  3
Hatch
  3
Text
  3
Thematic
  3
Map Base
  3
Ade Query
  3
Feature Class
  3
Layer
  3
Ade Project Query
  3
Raster
  3
Topology
  3
Topology Query
 92
        1
  2
CustomObjectType
 93
        2
 93
        2
 93
        2
 93
        2
 93
        2
 93
        2
 93
        2
 93
        1
 93
        1
 93
        1
 93
        1
 93
        1
 93
        1
 93
        1
 93
        1
 92
        1
  2
StyleCoExistanceType
 93
        1
 93
        1
 93
        1
 93
        1
 93
        1
 93
        1
 93
        2
 93
        0
 93
        0
 93
        0
 93
        0
 93
        0
 93
        0
 93
        0
 93
        0
  0
ACAD_PROXY_OBJECT
  5
3AE4
102
{ACAD_REACTORS
330
3AE3
102
}
330
3AE3
100
AcDbProxyObject
 90
      499
 91
      556
 95
  8192031
 70
     0
162
               186
311
42D1001A401CC01C001B0018401E40134018401C000C400C
161
                38
310
4050100404
350
3AEA
340
3AEA
340
3AEA
 94
        0
  0
ACAD_PROXY_OBJECT
  5
3AE5
102
{ACAD_REACTORS
330
3AE3
102
}
330
3AE3
100
AcDbProxyObject
 90
      499
 91
      557
 95
  8192031
 70
     0
162
                 0
161
                20
310
40501C
360
3AE6
 94
        0
  0
DICTIONARY
  5
3AF4
102
{ACAD_REACTORS
330
3AE3
102
}
330
3AE3
100
AcDbDictionary
281
     1
  0
DICTIONARY
  5
F6AB
102
{ACAD_REACTORS
330
F6AA
102
}
330
F6AA
100
AcDbDictionary
281
     1
  3
NpExaggeration
350
F6B1
  3
NpHorScale
350
F6AE
  3
NpUnit
350
F6AF
  3
NpUnitFactor
350
F6B0
  0
XRECORD
  5
1116B
102
{ACAD_XDICTIONARY
360
1116C
102
}
102
{ACAD_REACTORS
330
18F
102
}
330
18F
100
AcDbXrecord
280
     1
 91
    33280
301

290
     0
302
SPOR
330
0
 90
        8
 62
     2
370
    -3
331
16
  1
Color_2
440
        0
330
0
 90
        8
 62
     4
370
    -3
331
16
  1
Color_4
440
        0
330
0
 90
        8
 62
     4
370
    -3
331
16
  1
Color_4
440
        0
330
0
 90
        0
 62
   193
370
    -3
331
16
  1
Color_193
440
        0
330
0
 90
        8
 62
     7
370
    -3
331
16
  1
Color_7
440
        0
 92
-1023541763
330
0
 90
        8
 62
     8
370
    -3
331
16
  1
Color_8
440
        0
330
0
 90
        8
 62
     2
370
    -3
331
16
  1
Color_2
440
        0
330
1074A
 90
        8
 62
     4
370
    -3
331
16
  1
Color_4
440
        0
330
0
 90
        8
 62
     2
370
    -3
331
16
  1
Color_2
440
        0
330
0
 90
       10
 62
     2
370
    -3
331
16
  1
Color_2
440
        0
330
F993
 90
        8
 62
     1
370
    -3
331
16
  1
Color_1
440
        0
330
F6BD
 90
        8
 62
     7
370
    -3
331
16
  1
Color_7
440
        0
330
0
 90
        8
 62
     2
370
    -3
331
16
  1
Color_2
440
        0
330
DD8B
 90
        8
 62
     2
370
    -3
331
8542
  1
Color_2
440
        0
330
0
 90
        8
 62
   254
370
    -3
331
16
  1
Color_254
440
        0
 92
-1026634034
330
DB52
 90
        8
 62
     8
370
    -3
331
16
  1
Color_8
440
        0
330
0
 90
        8
 62
     5
370
    -3
331
16
  1
Color_5
440
        0
330
0
 90
        8
 62
     4
370
    -3
331
16
  1
Color_4
440
        0
330
0
 90
        8
 62
     5
370
    -3
331
16
  1
Color_5
440
        0
330
4FD2
 90
        8
 62
    32
370
    -3
331
16
  1
Color_32
440
        0
330
0
 90
        0
 62
     7
370
    -3
331
16
  1
Color_7
440
        0
330
0
 90
        8
 62
     9
370
    -3
331
16
  1
Color_9
440
        0
330
0
 90
        8
 62
     2
370
    -3
331
16
  1
Color_2
440
        0
330
F0C
 90
        8
 62
     5
370
    -3
331
16
  1
Color_5
440
        0
330
10
 90
        8
 62
     7
370
    -3
331
16
  1
Color_7
440
        0
  0
BLOCKLINEARPARAMETER
  5
14748
330
14747
100
AcDbEvalExpr
 90
        3
 98
       31
 99
      125
100
AcDbBlockElement
300
Linear
 98
       31
 99
      125
1071
       32
100
AcDbBlockParameter
280
     1
281
     0
100
AcDbBlock2PtParameter
1010
2.999999991803491
1020
-0.0000000000000568
1030
0.0
1011
2.999999994075192
1021
-9.000000000000056
1031
0.0
170
     4
 91
        7
 91
        4
 91
        0
 91
        0
171
     1
 92
        7
301
DisplacementX
172
     1
 93
        7
302
DisplacementY
173
     1
 94
        4
303
DisplacementX
174
     1
 95
        4
304
DisplacementY
177
     0
100
AcDbBlockLinearParameter
305
Distance1
306
Strekk lengde
140
-3.617285148721681
307

 96
        1
141
0.0
142
0.0
143
0.0
175
     0
1001
ACAUTHENVIRON
1010
-2.742142583307486
1020
-9.875142564055538
1030
0.0
  0
BLOCKLINEARGRIP
  5
14749
330
14747
100
AcDbEvalExpr
 90
        4
 98
       31
 99
      125
100
AcDbBlockElement
300
End Grip
 98
       31
 99
      125
1071
        0
100
AcDbBlockGrip
 91
        5
 92
        6
1010
2.999999994075192
1020
-9.000000000000056
1030
0.0
280
     1
 93
       -1
100
AcDbBlockLinearGrip
140
0.0000000022717006
141
-9.0
142
0.0
  0
BLOCKGRIPLOCATIONCOMPONENT
  5
1474A
330
14747
100
AcDbEvalExpr
 90
        5
 98
       31
 99
      125
  1

 70
    40
140
1.797693134862314E+99
100
AcDbBlockGripExpr
 91
        3
300
UpdatedEndX
  0
BLOCKGRIPLOCATIONCOMPONENT
  5
1474B
330
14747
100
AcDbEvalExpr
 90
        6
 98
       31
 99
      125
  1

 70
    40
140
1.797693134862314E+99
100
AcDbBlockGripExpr
 91
        3
300
UpdatedEndY
  0
BLOCKLINEARGRIP
  5
1474C
330
14747
100
AcDbEvalExpr
 90
        7
 98
       31
 99
      125
100
AcDbBlockElement
300
Base Grip
 98
       31
 99
      125
1071
        0
100
AcDbBlockGrip
 91
        8
 92
        9
1010
2.999999991803491
1020
-0.0000000000000568
1030
0.0
280
     1
 93
       -1
100
AcDbBlockLinearGrip
140
-0.0000000022717006
141
9.0
142
0.0
  0
BLOCKGRIPLOCATIONCOMPONENT
  5
1474D
330
14747
100
AcDbEvalExpr
 90
        8
 98
       31
 99
      125
  1

 70
    40
140
0.0
100
AcDbBlockGripExpr
 91
        3
300
UpdatedBaseX
  0
BLOCKGRIPLOCATIONCOMPONENT
  5
1474E
330
14747
100
AcDbEvalExpr
 90
        9
 98
       31
 99
      125
  1

 70
    40
140
0.0
100
AcDbBlockGripExpr
 91
        3
300
UpdatedBaseY
  0
BLOCKSTRETCHACTION
  5
1474F
330
14747
100
AcDbEvalExpr
 90
       10
 98
       31
 99
      125
100
AcDbBlockElement
300
Stretch
 98
       31
 99
      125
1071
        0
100
AcDbBlockAction
 70
     0
 71
     2
330
14745
330
14744
1010
-2.742142583307486
1020
-9.875142564055538
1030
0.0
100
AcDbBlockStretchAction
 92
        3
301
EndXDelta
 93
        3
302
EndYDelta
 72
     2
1011
6.271434765644301
1021
-16.49073375155291
1011
-5.065521267603116
1021
-2.37981189450231
 73
     2
331
14744
 74
     2
 94
        2
 94
        3
331
14745
 74
     2
 94
        2
 94
        3
 75
     0
140
1.0
141
0.0
280
     0
  0
BLOCKLINEARPARAMETER
  5
150D4
330
150D3
100
AcDbEvalExpr
 90
        3
 98
       31
 99
      125
100
AcDbBlockElement
300
Linear
 98
       31
 99
      125
1071
       32
100
AcDbBlockParameter
280
     1
281
     0
100
AcDbBlock2PtParameter
1010
2.000000000000455
1020
0.0
1030
0.0
1011
2.000000000000455
1021
-9.0
1031
0.0
170
     4
 91
        7
 91
        4
 91
        0
 91
        0
171
     1
 92
        7
301
DisplacementX
172
     1
 93
        7
302
DisplacementY
173
     1
 94
        4
303
DisplacementX
174
     1
 95
        4
304
DisplacementY
177
     0
100
AcDbBlockLinearParameter
305
Lengde
306
Lengde
140
-5.249039373714503
307

 96
        1
141
0.0
142
0.0
143
0.0
175
     0
1001
ACAUTHENVIRON
1010
3.860882688184716
1020
-6.478292301947478
1030
0.0
  0
BLOCKLINEARGRIP
  5
150D5
330
150D3
100
AcDbEvalExpr
 90
        4
 98
       31
 99
      125
100
AcDbBlockElement
300
End Grip
 98
       31
 99
      125
1071
        0
100
AcDbBlockGrip
 91
        5
 92
        6
1010
2.000000000000455
1020
-9.0
1030
0.0
280
     1
 93
       -1
100
AcDbBlockLinearGrip
140
0.0
141
-9.0
142
0.0
  0
BLOCKGRIPLOCATIONCOMPONENT
  5
150D6
330
150D3
100
AcDbEvalExpr
 90
        5
 98
       31
 99
      125
  1

 70
    40
140
1.797693134862314E+99
100
AcDbBlockGripExpr
 91
        3
300
UpdatedEndX
  0
BLOCKGRIPLOCATIONCOMPONENT
  5
150D7
330
150D3
100
AcDbEvalExpr
 90
        6
 98
       31
 99
      125
  1

 70
    40
140
1.797693134862314E+99
100
AcDbBlockGripExpr
 91
        3
300
UpdatedEndY
  0
BLOCKLINEARGRIP
  5
150D8
330
150D3
100
AcDbEvalExpr
 90
        7
 98
       31
 99
      125
100
AcDbBlockElement
300
Base Grip
 98
       31
 99
      125
1071
        0
100
AcDbBlockGrip
 91
        8
 92
        9
1010
2.000000000000455
1020
0.0
1030
0.0
280
     1
 93
       -1
100
AcDbBlockLinearGrip
140
0.0
141
9.0
142
0.0
  0
BLOCKGRIPLOCATIONCOMPONENT
  5
150D9
330
150D3
100
AcDbEvalExpr
 90
        8
 98
       31
 99
      125
  1

 70
    40
140
0.0
100
AcDbBlockGripExpr
 91
        3
300
UpdatedBaseX
  0
BLOCKGRIPLOCATIONCOMPONENT
  5
150DA
330
150D3
100
AcDbEvalExpr
 90
        9
 98
       31
 99
      125
  1

 70
    40
140
0.0
100
AcDbBlockGripExpr
 91
        3
300
UpdatedBaseY
  0
BLOCKSTRETCHACTION
  5
150DB
330
150D3
100
AcDbEvalExpr
 90
       10
 98
       31
 99
      125
100
AcDbBlockElement
300
Stretch
 98
       31
 99
      125
1071
        0
100
AcDbBlockAction
 70
     0
 71
     3
330
150D5
330
150D1
330
150D0
1010
-7.660173701511312
1020
-9.588865672202734
1030
0.0
100
AcDbBlockStretchAction
 92
        3
301
EndXDelta
 93
        3
302
EndYDelta
 72
     2
1011
5.613885299339983
1021
-18.99915275722669
1011
-5.496047057322314
1021
-1.304376621082781
 73
     2
331
150D0
 74
     1
 94
        0
331
150D1
 74
     1
 94
        0
 75
     0
140
1.0
141
0.0
280
     0
  0
BLOCKLINEARPARAMETER
  5
19ACA
330
19AC8
100
AcDbEvalExpr
 90
        1
 98
       31
 99
      125
100
AcDbBlockElement
300
Linear
 98
       31
 99
      125
1071
        0
100
AcDbBlockParameter
280
     1
281
     0
100
AcDbBlock2PtParameter
1010
0.0
1020
5.999999999999772
1030
0.0
1011
29.0
1021
5.999999999999772
1031
0.0
170
     4
 91
        0
 91
        2
 91
        0
 91
        0
171
     0
172
     0
173
     1
 94
        2
303
DisplacementX
174
     1
 95
        2
304
DisplacementY
177
     0
100
AcDbBlockLinearParameter
305
Distance1
306

140
2.942308887861884
307

 96
        1
141
0.0
142
0.0
143
0.0
175
     0
1001
ACAUTHENVIRON
1010
29.58870572246889
1020
8.353603165392769
1030
0.0
  0
BLOCKLINEARGRIP
  5
19ACB
330
19AC8
100
AcDbEvalExpr
 90
        2
 98
       31
 99
      125
100
AcDbBlockElement
300
End Grip
 98
       31
 99
      125
1071
        0
100
AcDbBlockGrip
 91
        3
 92
        4
1010
29.0
1020
5.999999999999772
1030
0.0
280
     1
 93
       -1
100
AcDbBlockLinearGrip
140
29.0
141
0.0
142
0.0
  0
BLOCKGRIPLOCATIONCOMPONENT
  5
19ACC
330
19AC8
100
AcDbEvalExpr
 90
        3
 98
       31
 99
      125
  1

 70
    40
140
1.797693134862314E+99
100
AcDbBlockGripExpr
 91
        1
300
UpdatedEndX
  0
BLOCKGRIPLOCATIONCOMPONENT
  5
19ACD
330
19AC8
100
AcDbEvalExpr
 90
        4
 98
       31
 99
      125
  1

 70
    40
140
1.797693134862314E+99
100
AcDbBlockGripExpr
 91
        1
300
UpdatedEndY
  0
BLOCKSTRETCHACTION
  5
19AD5
330
19AC8
100
AcDbEvalExpr
 90
        8
 98
       31
 99
      125
100
AcDbBlockElement
300
Stretch
 98
       31
 99
      125
1071
        0
100
AcDbBlockAction
 70
     0
 71
     3
330
19ACB
330
19AC6
330
19AC5
1010
29.58870572246889
1020
8.353603165392769
1030
0.0
100
AcDbBlockStretchAction
 92
        1
301
EndXDelta
 93
        1
302
EndYDelta
 72
     2
1011
34.66546616322899
1021
-4.954545707599152
1011
21.71394021386652
1021
13.28559896664745
 73
     1
331
19AC6
 74
     2
 94
        1
 94
        2
 75
     0
140
1.0
141
0.0
280
     0
  0
BLOCKLINEARPARAMETER
  5
1B42B
330
1B42A
100
AcDbEvalExpr
 90
        2
 98
       31
 99
      125
100
AcDbBlockElement
300
Linear
 98
       31
 99
      125
1071
        0
100
AcDbBlockParameter
280
     1
281
     0
100
AcDbBlock2PtParameter
1010
0.0
1020
5.999999999999772
1030
0.0
1011
29.0
1021
5.999999999999772
1031
0.0
170
     4
 91
        0
 91
        3
 91
        0
 91
        0
171
     0
172
     0
173
     1
 94
        3
303
DisplacementX
174
     1
 95
        3
304
DisplacementY
177
     0
100
AcDbBlockLinearParameter
305
Distance1
306

140
2.189442521869182
307

 96
        1
141
0.0
142
0.0
143
0.0
175
     0
1001
ACAUTHENVIRON
1010
29.59101353109561
1020
7.598428990773343
1030
0.0
  0
BLOCKLINEARGRIP
  5
1B42C
330
1B42A
100
AcDbEvalExpr
 90
        3
 98
       31
 99
      125
100
AcDbBlockElement
300
End Grip
 98
       31
 99
      125
1071
        0
100
AcDbBlockGrip
 91
        4
 92
        5
1010
29.0
1020
5.999999999999772
1030
0.0
280
     1
 93
       -1
100
AcDbBlockLinearGrip
140
29.0
141
0.0
142
0.0
  0
BLOCKGRIPLOCATIONCOMPONENT
  5
1B42D
330
1B42A
100
AcDbEvalExpr
 90
        4
 98
       31
 99
      125
  1

 70
    40
140
1.797693134862314E+99
100
AcDbBlockGripExpr
 91
        2
300
UpdatedEndX
  0
BLOCKGRIPLOCATIONCOMPONENT
  5
1B42E
330
1B42A
100
AcDbEvalExpr
 90
        5
 98
       31
 99
      125
  1

 70
    40
140
1.797693134862314E+99
100
AcDbBlockGripExpr
 91
        2
300
UpdatedEndY
  0
BLOCKSTRETCHACTION
  5
1B42F
330
1B42A
100
AcDbEvalExpr
 90
        9
 98
       31
 99
      125
100
AcDbBlockElement
300
Stretch
 98
       31
 99
      125
1071
        0
100
AcDbBlockAction
 70
     0
 71
     3
330
1B42C
330
1B428
330
1B427
1010
29.59101353109561
1020
7.598428990773343
1030
0.0
100
AcDbBlockStretchAction
 92
        2
301
EndXDelta
 93
        2
302
EndYDelta
 72
     2
1011
36.71119172075908
1021
-2.324987963274594
1011
17.99576323688575
1021
11.53673310741283
 73
     1
331
1B428
 74
     2
 94
        1
 94
        2
 75
     0
140
1.0
141
0.0
280
     0
  0
BLOCKLINEARPARAMETER
  5
1B372
330
1B371
100
AcDbEvalExpr
 90
       21
 98
       31
 99
      125
100
AcDbBlockElement
300
Linear
 98
       31
 99
      125
1071
        0
100
AcDbBlockParameter
280
     1
281
     0
100
AcDbBlock2PtParameter
1010
0.0
1020
1.500000000757236
1030
0.0
1011
9.0
1021
1.500000000785582
1031
0.0
170
     4
 91
        0
 91
       22
 91
        0
 91
        0
171
     0
172
     0
173
     1
 94
       22
303
DisplacementX
174
     1
 95
       22
304
DisplacementY
177
     0
100
AcDbBlockLinearParameter
305
Lengde
306
Lengde
140
0.8267019665500312
307

 96
        7
141
0.0
142
40.0
143
0.0
175
     0
1001
ACAUTHENVIRON
1010
10.60021514363549
1020
0.5247542965225734
1030
0.0
  0
BLOCKLINEARGRIP
  5
1B373
330
1B371
100
AcDbEvalExpr
 90
       22
 98
       31
 99
      125
100
AcDbBlockElement
300
End Grip
 98
       31
 99
      125
1071
        0
100
AcDbBlockGrip
 91
       23
 92
       24
1010
9.0
1020
1.500000000785582
1030
0.0
280
     1
 93
       -1
100
AcDbBlockLinearGrip
140
9.0
141
0.0000000000283453
142
0.0
  0
BLOCKGRIPLOCATIONCOMPONENT
  5
1B374
330
1B371
100
AcDbEvalExpr
 90
       23
 98
       31
 99
      125
  1

 70
    40
140
1.797693134862314E+99
100
AcDbBlockGripExpr
 91
       21
300
UpdatedEndX
  0
BLOCKGRIPLOCATIONCOMPONENT
  5
1B375
330
1B371
100
AcDbEvalExpr
 90
       24
 98
       31
 99
      125
  1

 70
    40
140
1.797693134862314E+99
100
AcDbBlockGripExpr
 91
       21
300
UpdatedEndY
  0
BLOCKSTRETCHACTION
  5
1B376
330
1B371
100
AcDbEvalExpr
 90
       28
 98
       31
 99
      125
100
AcDbBlockElement
300
Stretch
 98
       31
 99
      125
1071
        0
100
AcDbBlockAction
 70
     0
 71
     3
330
1B373
330
1B36E
330
1B36F
1010
13.13245466677973
1020
-2.128760815428015
1030
0.0
100
AcDbBlockStretchAction
 92
       21
301
EndXDelta
 93
       21
302
EndYDelta
 72
     2
1011
21.73891878314896
1021
-18.02048903313573
1011
4.731935312416226
1021
10.5117230332649
 73
     2
331
1B36E
 74
     3
 94
        0
 94
        1
 94
        2
331
1B36F
 74
     2
 94
        0
 94
        1
 75
     0
140
1.0
141
0.0
280
     0
  0
BLOCKLINEARPARAMETER
  5
1B377
330
1B371
100
AcDbEvalExpr
 90
       29
 98
       31
 99
      125
100
AcDbBlockElement
300
Linear1
 98
       31
 99
      125
1071
        0
100
AcDbBlockParameter
280
     1
281
     0
100
AcDbBlock2PtParameter
1010
0.0
1020
0.0
1030
0.0
1011
0.0
1021
-9.0
1031
0.0
170
     4
 91
        0
 91
       30
 91
        0
 91
        0
171
     0
172
     0
173
     1
 94
       30
303
DisplacementX
174
     1
 95
       30
304
DisplacementY
177
     0
100
AcDbBlockLinearParameter
305
Bredde
306

140
-2.089623442419792
307

 96
        1
141
0.0
142
0.0
143
0.0
175
     0
1001
ACAUTHENVIRON
1010
-1.477303934153235
1020
-9.612319508266557
1030
0.0
  0
BLOCKLINEARGRIP
  5
1B378
330
1B371
100
AcDbEvalExpr
 90
       30
 98
       31
 99
      125
100
AcDbBlockElement
300
End Grip
 98
       31
 99
      125
1071
        0
100
AcDbBlockGrip
 91
       31
 92
       32
1010
0.0
1020
-9.0
1030
0.0
280
     1
 93
       -1
100
AcDbBlockLinearGrip
140
0.0
141
-9.0
142
0.0
  0
BLOCKGRIPLOCATIONCOMPONENT
  5
1B379
330
1B371
100
AcDbEvalExpr
 90
       31
 98
       31
 99
      125
  1

 70
    40
140
1.797693134862314E+99
100
AcDbBlockGripExpr
 91
       29
300
UpdatedEndX
  0
BLOCKGRIPLOCATIONCOMPONENT
  5
1B37A
330
1B371
100
AcDbEvalExpr
 90
       32
 98
       31
 99
      125
  1

 70
    40
140
1.797693134862314E+99
100
AcDbBlockGripExpr
 91
       29
300
UpdatedEndY
  0
BLOCKSTRETCHACTION
  5
1B37B
330
1B371
100
AcDbEvalExpr
 90
       36
 98
       31
 99
      125
100
AcDbBlockElement
300
Stretch2
 98
       31
 99
      125
1071
        0
100
AcDbBlockAction
 70
     0
 71
     2
330
1B378
330
1B36F
1010
-1.477303934153235
1020
-9.612319508266557
1030
0.0
100
AcDbBlockStretchAction
 92
       29
301
EndXDelta
 93
       29
302
EndYDelta
 72
     2
1011
16.63682380044702
1021
-16.56352502278565
1011
-10.63508912465624
1021
-4.240037670052117
 73
     1
331
1B36F
 74
     4
 94
        0
 94
        1
 94
        2
 94
        3
 75
     0
140
1.0
141
0.0
280
     0
  0
BLOCKLINEARPARAMETER
  5
1ACB3
330
1ACB2
100
AcDbEvalExpr
 90
        1
 98
       31
 99
      125
100
AcDbBlockElement
300
Linear
 98
       31
 99
      125
1071
       32
100
AcDbBlockParameter
280
     1
281
     0
100
AcDbBlock2PtParameter
1010
0.75
1020
0.0000000000103455
1030
0.0
1011
0.75
1021
-9.0
1031
0.0
170
     4
 91
        5
 91
        2
 91
        0
 91
        0
171
     1
 92
        5
301
DisplacementX
172
     1
 93
        5
302
DisplacementY
173
     1
 94
        2
303
DisplacementX
174
     1
 95
        2
304
DisplacementY
177
     0
100
AcDbBlockLinearParameter
305
Lengde
306

140
0.2646931247655432
307

 96
        1
141
0.0
142
0.0
143
0.0
175
     0
1001
ACAUTHENVIRON
1010
1.148911152999921
1020
-3.134218028224033
1030
0.0
  0
BLOCKLINEARGRIP
  5
1ACB4
330
1ACB2
100
AcDbEvalExpr
 90
        2
 98
       31
 99
      125
100
AcDbBlockElement
300
End Grip
 98
       31
 99
      125
1071
        0
100
AcDbBlockGrip
 91
        3
 92
        4
1010
0.75
1020
-9.0
1030
0.0
280
     1
 93
       -1
100
AcDbBlockLinearGrip
140
0.0000000000000001
141
-9.000000000010345
142
0.0
  0
BLOCKGRIPLOCATIONCOMPONENT
  5
1ACB5
330
1ACB2
100
AcDbEvalExpr
 90
        3
 98
       31
 99
      125
  1

 70
    40
140
1.797693134862314E+99
100
AcDbBlockGripExpr
 91
        1
300
UpdatedEndX
  0
BLOCKGRIPLOCATIONCOMPONENT
  5
1ACB6
330
1ACB2
100
AcDbEvalExpr
 90
        4
 98
       31
 99
      125
  1

 70
    40
140
1.797693134862314E+99
100
AcDbBlockGripExpr
 91
        1
300
UpdatedEndY
  0
BLOCKLINEARGRIP
  5
1ACB7
330
1ACB2
100
AcDbEvalExpr
 90
        5
 98
       31
 99
      125
100
AcDbBlockElement
300
Base Grip
 98
       31
 99
      125
1071
        0
100
AcDbBlockGrip
 91
        6
 92
        7
1010
0.75
1020
0.0000000000103455
1030
0.0
280
     1
 93
       -1
100
AcDbBlockLinearGrip
140
-0.0000000000000001
141
9.000000000010345
142
0.0
  0
BLOCKGRIPLOCATIONCOMPONENT
  5
1ACB8
330
1ACB2
100
AcDbEvalExpr
 90
        6
 98
       31
 99
      125
  1

 70
    40
140
0.0
100
AcDbBlockGripExpr
 91
        1
300
UpdatedBaseX
  0
BLOCKGRIPLOCATIONCOMPONENT
  5
1ACB9
330
1ACB2
100
AcDbEvalExpr
 90
        7
 98
       31
 99
      125
  1

 70
    40
140
0.0
100
AcDbBlockGripExpr
 91
        1
300
UpdatedBaseY
  0
BLOCKSTRETCHACTION
  5
1ACBA
330
1ACB2
100
AcDbEvalExpr
 90
        8
 98
       31
 99
      125
100
AcDbBlockElement
300
Stretch
 98
       31
 99
      125
1071
        0
100
AcDbBlockAction
 70
     0
 71
    12
330
1ACB4
330
1ACD3
330
1ACD2
330
1ACD1
330
1ACD0
330
1ACCF
330
1ACCE
330
1ACCD
330
1ACCC
330
1ACCB
330
1ACCA
330
1ACBE
1010
1.148911152999921
1020
-3.134218028224033
1030
0.0
100
AcDbBlockStretchAction
 92
        1
301
EndXDelta
 93
        1
302
EndYDelta
 72
     2
1011
3.283247231668752
1021
-13.56503582319993
1011
-2.085573769150698
1021
-0.4991592450627138
 73
    11
331
1ACBE
 74
     2
 94
        0
 94
        1
331
1ACCA
 74
     2
 94
        0
 94
        1
331
1ACCB
 74
     2
 94
        0
 94
        1
331
1ACCC
 74
     2
 94
        0
 94
        1
331
1ACCD
 74
     2
 94
        0
 94
        1
331
1ACCE
 74
     2
 94
        0
 94
        1
331
1ACCF
 74
     2
 94
        0
 94
        1
331
1ACD0
 74
     2
 94
        0
 94
        1
331
1ACD1
 74
     2
 94
        0
 94
        1
331
1ACD2
 74
     2
 94
        0
 94
        1
331
1ACD3
 74
     2
 94
        0
 94
        1
 75
     0
140
1.0
141
0.0
280
     0
  0
BLOCKLINEARPARAMETER
  5
1B62E
330
1B62D
100
AcDbEvalExpr
 90
       21
 98
       31
 99
      125
100
AcDbBlockElement
300
Linear
 98
       31
 99
      125
1071
        0
100
AcDbBlockParameter
280
     1
281
     0
100
AcDbBlock2PtParameter
1010
0.0
1020
1.500000000757236
1030
0.0
1011
9.0
1021
1.500000000785582
1031
0.0
170
     4
 91
        0
 91
       22
 91
        0
 91
        0
171
     0
172
     0
173
     1
 94
       22
303
DisplacementX
174
     1
 95
       22
304
DisplacementY
177
     0
100
AcDbBlockLinearParameter
305
Lengde
306
Lengde
140
0.8267019665500312
307

 96
        7
141
0.0
142
40.0
143
0.0
175
     0
1001
ACAUTHENVIRON
1010
10.60021514363549
1020
0.5247542965225734
1030
0.0
  0
BLOCKLINEARGRIP
  5
1B62F
330
1B62D
100
AcDbEvalExpr
 90
       22
 98
       31
 99
      125
100
AcDbBlockElement
300
End Grip
 98
       31
 99
      125
1071
        0
100
AcDbBlockGrip
 91
       23
 92
       24
1010
9.0
1020
1.500000000785582
1030
0.0
280
     1
 93
       -1
100
AcDbBlockLinearGrip
140
9.0
141
0.0000000000283453
142
0.0
  0
BLOCKGRIPLOCATIONCOMPONENT
  5
1B630
330
1B62D
100
AcDbEvalExpr
 90
       23
 98
       31
 99
      125
  1

 70
    40
140
1.797693134862314E+99
100
AcDbBlockGripExpr
 91
       21
300
UpdatedEndX
  0
BLOCKGRIPLOCATIONCOMPONENT
  5
1B631
330
1B62D
100
AcDbEvalExpr
 90
       24
 98
       31
 99
      125
  1

 70
    40
140
1.797693134862314E+99
100
AcDbBlockGripExpr
 91
       21
300
UpdatedEndY
  0
BLOCKSTRETCHACTION
  5
1B632
330
1B62D
100
AcDbEvalExpr
 90
       28
 98
       31
 99
      125
100
AcDbBlockElement
300
Stretch
 98
       31
 99
      125
1071
        0
100
AcDbBlockAction
 70
     0
 71
     3
330
1B62F
330
1B62A
330
1B62B
1010
13.13245466677973
1020
-2.128760815428015
1030
0.0
100
AcDbBlockStretchAction
 92
       21
301
EndXDelta
 93
       21
302
EndYDelta
 72
     2
1011
21.73891878314896
1021
-18.02048903313573
1011
4.731935312416226
1021
10.5117230332649
 73
     2
331
1B62A
 74
     3
 94
        0
 94
        1
 94
        2
331
1B62B
 74
     2
 94
        0
 94
        1
 75
     0
140
1.0
141
0.0
280
     0
  0
BLOCKLINEARPARAMETER
  5
1B633
330
1B62D
100
AcDbEvalExpr
 90
       29
 98
       31
 99
      125
100
AcDbBlockElement
300
Linear1
 98
       31
 99
      125
1071
        0
100
AcDbBlockParameter
280
     1
281
     0
100
AcDbBlock2PtParameter
1010
0.0
1020
0.0
1030
0.0
1011
0.0
1021
-9.0
1031
0.0
170
     4
 91
        0
 91
       30
 91
        0
 91
        0
171
     0
172
     0
173
     1
 94
       30
303
DisplacementX
174
     1
 95
       30
304
DisplacementY
177
     0
100
AcDbBlockLinearParameter
305
Bredde
306

140
-2.089623442419792
307

 96
        1
141
0.0
142
0.0
143
0.0
175
     0
1001
ACAUTHENVIRON
1010
-1.477303934153235
1020
-9.612319508266557
1030
0.0
  0
BLOCKLINEARGRIP
  5
1B634
330
1B62D
100
AcDbEvalExpr
 90
       30
 98
       31
 99
      125
100
AcDbBlockElement
300
End Grip
 98
       31
 99
      125
1071
        0
100
AcDbBlockGrip
 91
       31
 92
       32
1010
0.0
1020
-9.0
1030
0.0
280
     1
 93
       -1
100
AcDbBlockLinearGrip
140
0.0
141
-9.0
142
0.0
  0
BLOCKGRIPLOCATIONCOMPONENT
  5
1B635
330
1B62D
100
AcDbEvalExpr
 90
       31
 98
       31
 99
      125
  1

 70
    40
140
1.797693134862314E+99
100
AcDbBlockGripExpr
 91
       29
300
UpdatedEndX
  0
BLOCKGRIPLOCATIONCOMPONENT
  5
1B636
330
1B62D
100
AcDbEvalExpr
 90
       32
 98
       31
 99
      125
  1

 70
    40
140
1.797693134862314E+99
100
AcDbBlockGripExpr
 91
       29
300
UpdatedEndY
  0
BLOCKSTRETCHACTION
  5
1B637
330
1B62D
100
AcDbEvalExpr
 90
       36
 98
       31
 99
      125
100
AcDbBlockElement
300
Stretch2
 98
       31
 99
      125
1071
        0
100
AcDbBlockAction
 70
     0
 71
     2
330
1B634
330
1B62B
1010
-1.477303934153235
1020
-9.612319508266557
1030
0.0
100
AcDbBlockStretchAction
 92
       29
301
EndXDelta
 93
       29
302
EndYDelta
 72
     2
1011
16.63682380044702
1021
-16.56352502278565
1011
-10.63508912465624
1021
-4.240037670052117
 73
     1
331
1B62B
 74
     4
 94
        0
 94
        1
 94
        2
 94
        3
 75
     0
140
1.0
141
0.0
280
     0
  0
BLOCKLINEARPARAMETER
  5
1B6A2
330
1B6A1
100
AcDbEvalExpr
 90
        3
 98
       31
 99
      125
100
AcDbBlockElement
300
Linear
 98
       31
 99
      125
1071
       32
100
AcDbBlockParameter
280
     1
281
     0
100
AcDbBlock2PtParameter
1010
2.000000000000455
1020
0.0
1030
0.0
1011
2.000000000000455
1021
-9.0
1031
0.0
170
     4
 91
        7
 91
        4
 91
        0
 91
        0
171
     1
 92
        7
301
DisplacementX
172
     1
 93
        7
302
DisplacementY
173
     1
 94
        4
303
DisplacementX
174
     1
 95
        4
304
DisplacementY
177
     0
100
AcDbBlockLinearParameter
305
Lengde
306
Lengde
140
-5.249039373714503
307

 96
        1
141
0.0
142
0.0
143
0.0
175
     0
1001
ACAUTHENVIRON
1010
3.860882688184716
1020
-6.478292301947478
1030
0.0
  0
BLOCKLINEARGRIP
  5
1B6A3
330
1B6A1
100
AcDbEvalExpr
 90
        4
 98
       31
 99
      125
100
AcDbBlockElement
300
End Grip
 98
       31
 99
      125
1071
        0
100
AcDbBlockGrip
 91
        5
 92
        6
1010
2.000000000000455
1020
-9.0
1030
0.0
280
     1
 93
       -1
100
AcDbBlockLinearGrip
140
0.0
141
-9.0
142
0.0
  0
BLOCKGRIPLOCATIONCOMPONENT
  5
1B6A4
330
1B6A1
100
AcDbEvalExpr
 90
        5
 98
       31
 99
      125
  1

 70
    40
140
1.797693134862314E+99
100
AcDbBlockGripExpr
 91
        3
300
UpdatedEndX
  0
BLOCKGRIPLOCATIONCOMPONENT
  5
1B6A5
330
1B6A1
100
AcDbEvalExpr
 90
        6
 98
       31
 99
      125
  1

 70
    40
140
1.797693134862314E+99
100
AcDbBlockGripExpr
 91
        3
300
UpdatedEndY
  0
BLOCKLINEARGRIP
  5
1B6A6
330
1B6A1
100
AcDbEvalExpr
 90
        7
 98
       31
 99
      125
100
AcDbBlockElement
300
Base Grip
 98
       31
 99
      125
1071
        0
100
AcDbBlockGrip
 91
        8
 92
        9
1010
2.000000000000455
1020
0.0
1030
0.0
280
     1
 93
       -1
100
AcDbBlockLinearGrip
140
0.0
141
9.0
142
0.0
  0
BLOCKGRIPLOCATIONCOMPONENT
  5
1B6A7
330
1B6A1
100
AcDbEvalExpr
 90
        8
 98
       31
 99
      125
  1

 70
    40
140
0.0
100
AcDbBlockGripExpr
 91
        3
300
UpdatedBaseX
  0
BLOCKGRIPLOCATIONCOMPONENT
  5
1B6A8
330
1B6A1
100
AcDbEvalExpr
 90
        9
 98
       31
 99
      125
  1

 70
    40
140
0.0
100
AcDbBlockGripExpr
 91
        3
300
UpdatedBaseY
  0
BLOCKSTRETCHACTION
  5
1B6A9
330
1B6A1
100
AcDbEvalExpr
 90
       10
 98
       31
 99
      125
100
AcDbBlockElement
300
Stretch
 98
       31
 99
      125
1071
        0
100
AcDbBlockAction
 70
     0
 71
     3
330
1B6A3
330
1B69F
330
1B69E
1010
-7.660173701511312
1020
-9.588865672202734
1030
0.0
100
AcDbBlockStretchAction
 92
        3
301
EndXDelta
 93
        3
302
EndYDelta
 72
     2
1011
5.613885299339983
1021
-18.99915275722669
1011
-5.496047057322314
1021
-1.304376621082781
 73
     2
331
1B69E
 74
     1
 94
        0
331
1B69F
 74
     1
 94
        0
 75
     0
140
1.0
141
0.0
280
     0
  0
BLOCKLINEARPARAMETER
  5
1B77B
330
1B77A
100
AcDbEvalExpr
 90
        6
 98
       31
 99
      125
100
AcDbBlockElement
300
Linear
 98
       31
 99
      125
1071
        0
100
AcDbBlockParameter
280
     1
281
     0
100
AcDbBlock2PtParameter
1010
-2.05
1020
0.0
1030
0.0
1011
-2.050000004098186
1021
-9.0
1031
0.0
170
     4
 91
        0
 91
        7
 91
        0
 91
        0
171
     0
172
     0
173
     1
 94
        7
303
DisplacementX
174
     1
 95
        7
304
DisplacementY
177
     0
100
AcDbBlockLinearParameter
305
Avstand spor 
306
Avstand mellom spor
140
-3.058127515795261
307

 96
        0
141
9.0
142
54.0
143
1.0
175
    12
144
0.0
144
9.0
144
12.0
144
15.0
144
18.0
144
20.0
144
25.0
144
27.0
144
30.0
144
36.0
144
40.0
144
45.0
1001
ACAUTHENVIRON
1010
-8.162601536169573
1020
-9.467560856344158
1030
0.0
  0
BLOCKLINEARGRIP
  5
1B77C
330
1B77A
100
AcDbEvalExpr
 90
        7
 98
       31
 99
      125
100
AcDbBlockElement
300
End Grip
 98
       31
 99
      125
1071
        0
100
AcDbBlockGrip
 91
        8
 92
        9
1010
-2.050000004098186
1020
-9.0
1030
0.0
280
     1
 93
       -1
100
AcDbBlockLinearGrip
140
-0.0000000040981858
141
-9.0
142
0.0
  0
BLOCKGRIPLOCATIONCOMPONENT
  5
1B77D
330
1B77A
100
AcDbEvalExpr
 90
        8
 98
       31
 99
      125
  1

 70
    40
140
1.797693134862314E+99
100
AcDbBlockGripExpr
 91
        6
300
UpdatedEndX
  0
BLOCKGRIPLOCATIONCOMPONENT
  5
1B77E
330
1B77A
100
AcDbEvalExpr
 90
        9
 98
       31
 99
      125
  1

 70
    40
140
1.797693134862314E+99
100
AcDbBlockGripExpr
 91
        6
300
UpdatedEndY
  0
BLOCKBASEPOINTPARAMETER
  5
1B77F
330
1B77A
100
AcDbEvalExpr
 90
       19
 98
       31
 99
      125
100
AcDbBlockElement
300
Base Point
 98
       31
 99
      125
1071
        0
100
AcDbBlockParameter
280
     1
281
     0
100
AcDbBlock1PtParameter
1010
0.0
1020
0.0
1030
0.0
 93
        0
170
     0
171
     0
100
AcDbBlockBasepointParameter
1011
0.0
1021
0.0
1031
0.0
1012
0.0
1022
0.0
1032
0.0
  0
BLOCKSTRETCHACTION
  5
1B780
330
1B77A
100
AcDbEvalExpr
 90
       27
 98
       31
 99
      125
100
AcDbBlockElement
300
Stretch
 98
       31
 99
      125
1071
        0
100
AcDbBlockAction
 70
     0
 71
     4
330
1B77C
330
1B776
330
1B778
330
1B777
1010
-8.162601536169573
1020
-9.467560856344158
1030
0.0
100
AcDbBlockStretchAction
 92
        6
301
EndXDelta
 93
        6
302
EndYDelta
 72
     2
1011
2.984800851873274
1021
-16.79881547917515
1011
-6.369186714594434
1021
-1.024504391173309
 73
     3
331
1B776
 74
     4
 94
        0
 94
        1
 94
        6
 94
        7
331
1B777
 74
     4
 94
        0
 94
        1
 94
        6
 94
        7
331
1B778
 74
     4
 94
        0
 94
        1
 94
        6
 94
        7
 75
     0
140
1.0
141
0.0
280
     0
  0
BLOCKLINEARPARAMETER
  5
1B7CF
330
1B7CE
100
AcDbEvalExpr
 90
        3
 98
       31
 99
      125
100
AcDbBlockElement
300
Linear
 98
       31
 99
      125
1071
       32
100
AcDbBlockParameter
280
     1
281
     0
100
AcDbBlock2PtParameter
1010
2.000000000000455
1020
0.0
1030
0.0
1011
2.000000000000455
1021
-9.0
1031
0.0
170
     4
 91
        7
 91
        4
 91
        0
 91
        0
171
     1
 92
        7
301
DisplacementX
172
     1
 93
        7
302
DisplacementY
173
     1
 94
        4
303
DisplacementX
174
     1
 95
        4
304
DisplacementY
177
     0
100
AcDbBlockLinearParameter
305
Lengde
306
Lengde
140
-5.249039373714503
307

 96
        1
141
0.0
142
0.0
143
0.0
175
     0
1001
ACAUTHENVIRON
1010
3.860882688184716
1020
-6.478292301947478
1030
0.0
  0
BLOCKLINEARGRIP
  5
1B7D0
330
1B7CE
100
AcDbEvalExpr
 90
        4
 98
       31
 99
      125
100
AcDbBlockElement
300
End Grip
 98
       31
 99
      125
1071
        0
100
AcDbBlockGrip
 91
        5
 92
        6
1010
2.000000000000455
1020
-9.0
1030
0.0
280
     1
 93
       -1
100
AcDbBlockLinearGrip
140
0.0
141
-9.0
142
0.0
  0
BLOCKGRIPLOCATIONCOMPONENT
  5
1B7D1
330
1B7CE
100
AcDbEvalExpr
 90
        5
 98
       31
 99
      125
  1

 70
    40
140
1.797693134862314E+99
100
AcDbBlockGripExpr
 91
        3
300
UpdatedEndX
  0
BLOCKGRIPLOCATIONCOMPONENT
  5
1B7D2
330
1B7CE
100
AcDbEvalExpr
 90
        6
 98
       31
 99
      125
  1

 70
    40
140
1.797693134862314E+99
100
AcDbBlockGripExpr
 91
        3
300
UpdatedEndY
  0
BLOCKLINEARGRIP
  5
1B7D3
330
1B7CE
100
AcDbEvalExpr
 90
        7
 98
       31
 99
      125
100
AcDbBlockElement
300
Base Grip
 98
       31
 99
      125
1071
        0
100
AcDbBlockGrip
 91
        8
 92
        9
1010
2.000000000000455
1020
0.0
1030
0.0
280
     1
 93
       -1
100
AcDbBlockLinearGrip
140
0.0
141
9.0
142
0.0
  0
BLOCKGRIPLOCATIONCOMPONENT
  5
1B7D4
330
1B7CE
100
AcDbEvalExpr
 90
        8
 98
       31
 99
      125
  1

 70
    40
140
0.0
100
AcDbBlockGripExpr
 91
        3
300
UpdatedBaseX
  0
BLOCKGRIPLOCATIONCOMPONENT
  5
1B7D5
330
1B7CE
100
AcDbEvalExpr
 90
        9
 98
       31
 99
      125
  1

 70
    40
140
0.0
100
AcDbBlockGripExpr
 91
        3
300
UpdatedBaseY
  0
BLOCKSTRETCHACTION
  5
1B7D6
330
1B7CE
100
AcDbEvalExpr
 90
       10
 98
       31
 99
      125
100
AcDbBlockElement
300
Stretch
 98
       31
 99
      125
1071
        0
100
AcDbBlockAction
 70
     0
 71
     3
330
1B7D0
330
1B7CC
330
1B7CB
1010
-7.660173701511312
1020
-9.588865672202734
1030
0.0
100
AcDbBlockStretchAction
 92
        3
301
EndXDelta
 93
        3
302
EndYDelta
 72
     2
1011
5.613885299339983
1021
-18.99915275722669
1011
-5.496047057322314
1021
-1.304376621082781
 73
     2
331
1B7CB
 74
     1
 94
        0
331
1B7CC
 74
     1
 94
        0
 75
     0
140
1.0
141
0.0
280
     0
  0
ACDB_BLOCKREPRESENTATION_DATA
  5
1A9A2
102
{ACAD_REACTORS
330
1A9A1
102
}
330
1A9A1
100
AcDbBlockRepresentationData
 70
     1
340
14200
  0
DICTIONARY
  5
1A9A3
102
{ACAD_REACTORS
330
1A9A1
102
}
330
1A9A1
100
AcDbDictionary
280
     1
281
     1
  3
ACAD_ENHANCEDBLOCKDATA
360
1A9A4
  0
ACDB_BLOCKREPRESENTATION_DATA
  5
1A9DD
102
{ACAD_REACTORS
330
1A9DC
102
}
330
1A9DC
100
AcDbBlockRepresentationData
 70
     1
340
12BD8
  0
DICTIONARY
  5
1A9DE
102
{ACAD_REACTORS
330
1A9DC
102
}
330
1A9DC
100
AcDbDictionary
280
     1
281
     1
  3
ACAD_ENHANCEDBLOCKDATA
360
1A9DF
  0
ACDB_BLOCKREPRESENTATION_DATA
  5
1A9EE
102
{ACAD_REACTORS
330
1A9ED
102
}
330
1A9ED
100
AcDbBlockRepresentationData
 70
     1
340
12BD8
  0
DICTIONARY
  5
1A9EF
102
{ACAD_REACTORS
330
1A9ED
102
}
330
1A9ED
100
AcDbDictionary
280
     1
281
     1
  3
ACAD_ENHANCEDBLOCKDATA
360
1A9F0
  0
ACDB_BLOCKREPRESENTATION_DATA
  5
1AC05
102
{ACAD_REACTORS
330
1AC04
102
}
330
1AC04
100
AcDbBlockRepresentationData
 70
     1
340
19D4F
  0
DICTIONARY
  5
1B39A
102
{ACAD_REACTORS
330
1AC04
102
}
330
1AC04
100
AcDbDictionary
280
     1
281
     1
  3
ACAD_ENHANCEDBLOCKDATA
360
1B39B
  0
ACDB_BLOCKREPRESENTATION_DATA
  5
1AFD0
102
{ACAD_REACTORS
330
1AFCF
102
}
330
1AFCF
100
AcDbBlockRepresentationData
 70
     1
340
1ACB0
  0
DICTIONARY
  5
1AFD1
102
{ACAD_REACTORS
330
1AFCF
102
}
330
1AFCF
100
AcDbDictionary
280
     1
281
     1
  3
ACAD_ENHANCEDBLOCKDATA
360
1AFD2
  0
ACDB_BLOCKREPRESENTATION_DATA
  5
1B0AC
102
{ACAD_REACTORS
330
1B0AB
102
}
330
1B0AB
100
AcDbBlockRepresentationData
 70
     1
340
1ACB0
  0
DICTIONARY
  5
1B0AD
102
{ACAD_REACTORS
330
1B0AB
102
}
330
1B0AB
100
AcDbDictionary
280
     1
281
     1
  3
ACAD_ENHANCEDBLOCKDATA
360
1B0AE
  0
ACDB_BLOCKREPRESENTATION_DATA
  5
1B6D4
102
{ACAD_REACTORS
330
1B6D3
102
}
330
1B6D3
100
AcDbBlockRepresentationData
 70
     1
340
1B623
  0
DICTIONARY
  5
1B6D5
102
{ACAD_REACTORS
330
1B6D3
102
}
330
1B6D3
100
AcDbDictionary
280
     1
281
     1
  3
ACAD_ENHANCEDBLOCKDATA
360
1B6E5
  0
ACDB_BLOCKREPRESENTATION_DATA
  5
1B6FC
102
{ACAD_REACTORS
330
1B6FB
102
}
330
1B6FB
100
AcDbBlockRepresentationData
 70
     1
340
1B623
  0
DICTIONARY
  5
1B6FD
102
{ACAD_REACTORS
330
1B6FB
102
}
330
1B6FB
100
AcDbDictionary
280
     1
281
     1
  3
ACAD_ENHANCEDBLOCKDATA
360
101C958
  0
ACDB_BLOCKREPRESENTATION_DATA
  5
1B7AA
102
{ACAD_REACTORS
330
1B7A9
102
}
330
1B7A9
100
AcDbBlockRepresentationData
 70
     1
340
1B787
  0
DICTIONARY
  5
1B7AB
102
{ACAD_REACTORS
330
1B7A9
102
}
330
1B7A9
100
AcDbDictionary
280
     1
281
     1
  3
ACAD_ENHANCEDBLOCKDATA
360
1B7B0
  0
ACDB_BLOCKREPRESENTATION_DATA
  5
1B8FB
102
{ACAD_REACTORS
330
1B8FA
102
}
330
1B8FA
100
AcDbBlockRepresentationData
 70
     1
340
19A50
  0
DICTIONARY
  5
1B8FC
102
{ACAD_REACTORS
330
1B8FA
102
}
330
1B8FA
100
AcDbDictionary
280
     1
281
     1
  3
ACAD_ENHANCEDBLOCKDATA
360
1B8FD
  0
ACDB_BLOCKREPRESENTATION_DATA
  5
1B9D1
102
{ACAD_REACTORS
330
1B9D0
102
}
330
1B9D0
100
AcDbBlockRepresentationData
 70
     1
340
14200
  0
DICTIONARY
  5
1B9D2
102
{ACAD_REACTORS
330
1B9D0
102
}
330
1B9D0
100
AcDbDictionary
280
     1
281
     1
  3
ACAD_ENHANCEDBLOCKDATA
360
1B9DF
  0
ACDB_BLOCKREPRESENTATION_DATA
  5
1BC77
102
{ACAD_REACTORS
330
1BC76
102
}
330
1BC76
100
AcDbBlockRepresentationData
 70
     1
340
19A50
  0
DICTIONARY
  5
1BC78
102
{ACAD_REACTORS
330
1BC76
102
}
330
1BC76
100
AcDbDictionary
280
     1
281
     1
  3
ACAD_ENHANCEDBLOCKDATA
360
1BC79
  0
ACDB_BLOCKREPRESENTATION_DATA
  5
1BC7F
102
{ACAD_REACTORS
330
1BC7E
102
}
330
1BC7E
100
AcDbBlockRepresentationData
 70
     1
340
19A50
  0
DICTIONARY
  5
1BC80
102
{ACAD_REACTORS
330
1BC7E
102
}
330
1BC7E
100
AcDbDictionary
280
     1
281
     1
  3
ACAD_ENHANCEDBLOCKDATA
360
1BC81
  0
DICTIONARY
  5
8620
330
3AD7
100
AcDbDictionary
280
     1
281
     1
  3
ACAD_XREC_ROUNDTRIP
360
101D10D
  0
DICTIONARY
  5
15A11
330
15A10
100
AcDbDictionary
280
     1
281
     1
  3
ACAD_XREC_ROUNDTRIP
360
101D10F
  0
DICTIONARY
  5
101C17C
330
101C17B
100
AcDbDictionary
280
     1
281
     1
  0
DICTIONARY
  5
101C199
330
101C198
100
AcDbDictionary
280
     1
281
     1
  0
DICTIONARY
  5
1B844
330
1B843
100
AcDbDictionary
280
     1
281
     1
  0
DICTIONARY
  5
1B84F
330
1B84E
100
AcDbDictionary
280
     1
281
     1
  0
DICTIONARY
  5
1B839
330
1B838
100
AcDbDictionary
280
     1
281
     1
  0
DICTIONARY
  5
1B823
330
1B822
100
AcDbDictionary
280
     1
281
     1
  0
DICTIONARY
  5
28A8
330
5E
100
AcDbDictionary
280
     1
281
     1
  0
DICTIONARY
  5
1A027
330
1A026
100
AcDbDictionary
280
     1
281
     1
  0
DICTIONARY
  5
194
330
22
100
AcDbDictionary
280
     1
281
     1
  0
DICTIONARY
  5
188
330
97
100
AcDbDictionary
280
     1
281
     1
  3
FBXASSET
360
189
  0
DICTIONARY
  5
186
330
96
100
AcDbDictionary
280
     1
281
     1
  3
FBXASSET
360
187
  0
DICTIONARY
  5
110
330
98
100
AcDbDictionary
280
     1
281
     1
  3
BUMPTILE
360
112
  3
DIFFUSETILE
360
111
  3
FBXASSET
360
18A
  3
OPACITYTILE
360
113
  3
REFLECTIONTILE
360
114
  0
DICTIONARY
  5
861E
330
3AD5
100
AcDbDictionary
280
     1
281
     1
  3
ACAD_XREC_ROUNDTRIP
360
101D10C
  0
DICTIONARY
  5
15A0F
330
15A0E
100
AcDbDictionary
280
     1
281
     1
  3
ACAD_XREC_ROUNDTRIP
360
101D10E
  0
DICTIONARY
  5
104
330
87
100
AcDbDictionary
280
     1
281
     1
  3
ACAD_ROUNDTRIP_2008_TABLESTYLE_CELLSTYLEMAP
360
101D10B
  0
ACAD_PROXY_OBJECT
  5
3AEA
102
{ACAD_REACTORS
330
3AE4
330
3AED
102
}
330
3AE4
100
AcDbProxyObject
 90
      499
 91
      562
 95
  8192031
 70
     0
162
               232
311
41D1001940198018401D401B001D001064C006500670065006E006400A00
161
               837
310
4050140501404FFFFFFFFFFFFEF7FA0D1FFFFFFFFFFFFDEFFA00000000000004202027FFFFFFFFFFFF7BF9C2DD978FA8E5205A02D032161F69477E4B00AA7DDB4109BF6BC00180812D480A65D004CC52F00516E884080000000001008C80000000000040232025080C
330
0
360
3AED
360
3AEE
 94
        0
  0
ACAD_PROXY_OBJECT
  5
3AE6
102
{ACAD_REACTORS
330
3AE5
102
}
330
3AE5
100
AcDbProxyObject
 90
      499
 91
      558
 95
  8192031
 70
     0
162
               234
311
4391001A401CC01C001B0018401E40080014C01D001E401B0019401CC00C
161
                12
310
406C
 94
        0
  0
XRECORD
  5
F6B1
102
{ACAD_REACTORS
330
F6AB
102
}
330
F6AB
100
AcDbXrecord
280
     1
 40
5.0
  0
XRECORD
  5
F6AE
102
{ACAD_REACTORS
330
F6AB
102
}
330
F6AB
100
AcDbXrecord
280
     1
 40
1000.0
  0
XRECORD
  5
F6AF
102
{ACAD_REACTORS
330
F6AB
102
}
330
F6AB
100
AcDbXrecord
280
     1
  1
mm
  0
XRECORD
  5
F6B0
102
{ACAD_REACTORS
330
F6AB
102
}
330
F6AB
100
AcDbXrecord
280
     1
 40
1.0
  0
DICTIONARY
  5
1116C
330
1116B
100
AcDbDictionary
280
     1
281
     1
  3
AcadLayerStateAnnoScale
360
1116D
  0
DICTIONARY
  5
1A9A4
102
{ACAD_REACTORS
330
1A9A3
102
}
330
1A9A3
100
AcDbDictionary
280
     1
281
     1
  3
10
360
1A9A5
  3
3
360
1A9A6
  0
DICTIONARY
  5
1A9DF
102
{ACAD_REACTORS
330
1A9DE
102
}
330
1A9DE
100
AcDbDictionary
280
     1
281
     1
  3
10
360
1A9E0
  3
3
360
1A9E1
  0
DICTIONARY
  5
1A9F0
102
{ACAD_REACTORS
330
1A9EF
102
}
330
1A9EF
100
AcDbDictionary
280
     1
281
     1
  3
10
360
1A9F1
  3
3
360
1A9F2
  0
DICTIONARY
  5
1B39B
102
{ACAD_REACTORS
330
1B39A
102
}
330
1B39A
100
AcDbDictionary
280
     1
281
     1
  3
21
360
1B39C
  3
28
360
1B39D
  3
29
360
1B39E
  3
36
360
1B39F
  0
DICTIONARY
  5
1AFD2
102
{ACAD_REACTORS
330
1AFD1
102
}
330
1AFD1
100
AcDbDictionary
280
     1
281
     1
  3
1
360
1AFD3
  3
8
360
1AFD4
  0
DICTIONARY
  5
1B0AE
102
{ACAD_REACTORS
330
1B0AD
102
}
330
1B0AD
100
AcDbDictionary
280
     1
281
     1
  3
1
360
1B0AF
  3
8
360
1B0B0
  0
DICTIONARY
  5
1B6E5
102
{ACAD_REACTORS
330
1B6D5
102
}
330
1B6D5
100
AcDbDictionary
280
     1
281
     1
  3
21
360
1B6E6
  3
28
360
1B6E7
  3
29
360
1B6E8
  3
36
360
1B6E9
  0
DICTIONARY
  5
101C958
102
{ACAD_REACTORS
330
1B6FD
102
}
330
1B6FD
100
AcDbDictionary
280
     1
281
     1
  3
21
360
101C959
  3
28
360
101C95A
  3
29
360
101C95B
  3
36
360
101C95C
  0
DICTIONARY
  5
1B7B0
102
{ACAD_REACTORS
330
1B7AB
102
}
330
1B7AB
100
AcDbDictionary
280
     1
281
     1
  3
19
360
1B7B2
  3
27
360
1B7B3
  3
6
360
1B7B1
  0
DICTIONARY
  5
1B8FD
102
{ACAD_REACTORS
330
1B8FC
102
}
330
1B8FC
100
AcDbDictionary
280
     1
281
     1
  3
2
360
1B8FE
  3
9
360
1B8FF
  0
DICTIONARY
  5
1B9DF
102
{ACAD_REACTORS
330
1B9D2
102
}
330
1B9D2
100
AcDbDictionary
280
     1
281
     1
  3
10
360
1B9E1
  3
3
360
1B9E0
  0
DICTIONARY
  5
1BC79
102
{ACAD_REACTORS
330
1BC78
102
}
330
1BC78
100
AcDbDictionary
280
     1
281
     1
  3
2
360
1BC7A
  3
9
360
1BC7B
  0
DICTIONARY
  5
1BC81
102
{ACAD_REACTORS
330
1BC80
102
}
330
1BC80
100
AcDbDictionary
280
     1
281
     1
  3
2
360
1BC82
  3
9
360
1BC83
  0
XRECORD
  5
101D10D
102
{ACAD_REACTORS
330
8620
102
}
330
8620
100
AcDbXrecord
280
     1
102
DISPLAYNAME
  1
Imperial24
102
FLAGS
 90
        0
  0
XRECORD
  5
101D10F
102
{ACAD_REACTORS
330
15A11
102
}
330
15A11
100
AcDbXrecord
280
     1
102
DISPLAYNAME
  1
Metric50
102
FLAGS
 90
        0
  0
XRECORD
  5
189
102
{ACAD_REACTORS
330
188
102
}
330
188
100
AcDbXrecord
280
     1
 70
     1
 90
429727718
  1
508B35C9-AEE7-456F-BE74-D52651303AC6
310
504B03040A0000080000B670623B3DEE336E79000000790000001B0000006175746F6465736B2D64657369676E2D7061636B6167652E786D6C3C3F786D6C2076657273696F6E3D22312E302220656E636F64696E673D227574662D3822203F3E3C666F726D6174733E3C666F726D61743E687474703A2F2F736368656D612E
310
6175746F6465736B2E636F6D2F64657369676E2D7061636B6167652F323030393C2F666F726D61743E3C2F666F726D6174733E504B0304140006080800B670623BD486FD9CA0000000F4000000130000005B436F6E74656E745F54797065735D2E786D6C7D8EC10E82300C865F65E91D8A1E8C310C0EEA1BF002731658846E
310
D98AC1B77784ABF1D8FE5FBFBF75BBCE937A534CCEB38643598122B6FEE978D0B0485F9C41B54DDD7D022595594E1A469170414C76A4D9A4D207E29CF43ECE46F218070CC6BECC4078ACAA135ACF422C856C0E68EA1BF5669944DDD7BCDE7B1F8E415D77AECB980613C2E4AC91FC167A2B244592486606FC29C8FD7F045B9A
310
EF7053A7E60B504B0304140006080800B670623B28ED286BEB0000007C01000008000000636F72652E786D6C8D90416EC3201045AF82665B6183218D6D61A254764FD00B204C5C94182C03558F5F9C3852BBEB6A467FFE9B197D71FA9E6FE8CBACC17AD7012D0820E3B41FAD9B3A48F1826B40272956EFE32F1B20A766D3C1
310
268314D3EAD3B24BDABB685CCCAAF3A3D94515828980F42D371D04FD696655A814B3235C8B45E9AB9A4C419F5D8653B2237A1CB163DE672FD6AC209BF3C08E0D1B30EB19C3FC9D72FCC6EB231EFA33EDE96BDD341517E5064B11EDFCBCAF57A3A2194156843498524CAA0FCA5B7268F9E185D42D21A2DCEC7FA0B48CFF8492
310
759155FBBB0F2C80A4F991FB408A72CB22977B50B96EB9C91F504B0304140006080800B670623B55019EA25F0000007C00000007000000636E782E786D6C4DCB3B0E80201045D1AD90E915ED2CF8AC45050C11660C8261F98AB1B07AC9C97D42D718D865D3E909258CFD00CCE24AC6E326A164D74DC0B4128928FF32603847
310
2BA13128B1252AC747C6BAB984FC68F0B87FE8960A5C09FE86CFB69FBA01504B0304140006080800B670623B7BC41AC871010000D40300000C0000006662782F636F72652E786D6CC553ED6E8320147D15C2DF4501B56B6D90A64BBB27D80B50A5CE54C120983EFEAE1F4DD7A56BBA5FF3879273EEE59E7310BE393735EA95
310
ED2AA333CC428A91D2B9292A5D66D8BB63B0C26823B835C67D2BC348CB46657880B1E0A535BE9DA1DC68A7B403549B42CDA0EC3AE530CA6B5864B8CB3F552343E91D5474A7B095F949962A6421D0502778E72C0840D390E18DC5F170E664C205F7BE2A66B62A605A75AC94C522DDEEE3651AEF837817C741F2CE92E02D592D
310
83FD6ECB76EC7595A651C2C9D02CB8AB9A8BBADC2AE954814544691A3016D0E883256BBA58278B17BA5A53CAC9507ED3E4DBE2C9265F691747B3DCA9ADC382819091F8E1162272A8933DE82182932144F88C09DF060D8140C84E1EEA8B8F1340BDCA9DB1093085F157AA97B557309586747CD0EF0B4EA64E983A6E0EAEEFCE
310
889E9EF17847386AA94B30211D2C0FDE0D3AF9A4610EAD5536E8DD1969631B593F67E381C33F5157F17725E5A636F6BF1491F980C8FC7B90E13E8A2F504B0304140006080800B670623B70102A487D0000009D0000000B0000006662782F636E782E786D6C4DCCD10A83201886E15B91FFDC95A5C30335ACCDFB886521330D
310
A76397BF1A1DECE883878F57749FD5A3B74D2F17830472A901D9F088930B8B849267CC01754AA418F3DF0D5018572BE160506249B16C274D761E8BCFBB7A179E27F65CB39A0F14D396184C9921B81F34C3ACA1B4B99ABB6E6F062A25AA5F69DF23ACBE504B0304140006080800B670623B3610CA3329010000120200003100
310
00006662782F42384135303843342D343331462D343546312D424341352D3532343432364645413344462F636F72652E786D6C8D515B6EC32010BC0AE22B55850D0E446E848992B43E412FE000495162B07854397EA176A4F62F3F2C9A9D991D58BEBB8F37F0AD7D30CE76905418026DA553C65E3A98E219B510EC04F7CEC5
310
3F3408EC30EA0E16180A7EF12E4D0B249D8DDAC68C5AA7F4020E21E80881BCE54B0783FCD2E3500D296646B856D320AFC34557A4CAEDCC133C449F0380794839A138B47B86DB2345744D7A44594FD0E1B867883594369BFE63BF7EEF793D0B054FC9A8456E548E63CE46FB674D8A58F068C6477CE9F510B582A2C1F80D1182
310
70F349E816B32D65AFB8DD62CCEB42FF274A937A52948C8DEB66893BCB021484D7734370E5D2E9F608A3EF93F3119479ABA0E50B14B8C298119A43CCC4FCFCECB8A18B6388CEE7EF5D5D4F994BD86CBBA182D76543B9FCAE2FD7B24DF103504B0304140006080800B670623B1B8617914E0100003303000030000000666278
310
2F42384135303843342D343331462D343546312D424341352D3532343432364645413344462F636E782E786D6CD593C16EC32010447F0571AD6CE3D489D20813A9877E410FBD62D82434182CC055F3F75D1292E692438FBD206B7698593D61BEFD1E2DF982108D773D6D6B460938E5B571FB9ECE6957AD29D90A1EBC4F7736
310
4A9C1CA1A759A682EF839FA72269D8C9D92654AD71C72206887E0E0A22CAF926B15E498B01E0AA19451807D01A34B919F16B070157417138917400F2F6FA41FCF0092A45DEE414C19BDC21783E4BD39D891265658C3D8DEA00A3ACE59CBC8678ACB54CB26EEB6BD7839D7E9348BE70AD9C8321B9BCA7F9A4A26C542347DEE0
310
50F09802D22BA6749A800A394DD62899107273365E3C82CFC6A55557BC06C10774B7ABE7AEC3B0F34CF06446280E154026D0542C187BA9DAB6628BF7B6DBB0E5A65B3EB1F58631DE64BBE083F7B65CC218087E22CABB042E51D1F2268F1FE12B3EA24D40D63E9CFE00120194D60B9D5BC67FE6D39CDF37E20AF817881F504B
310
0304140006080800B670623BBFEF2E3B690500003C100000340000006662782F42384135303843342D343331462D343546312D424341352D3532343432364645413344462F6F626A656374732E786D6CAD575D739B3814FD2B0CFB0C98D84E931D4227B6938EA793B6534F3BFB90198F0099B001899144EAECAFDF231018B0
310
D37A3FFC609090EEE7B94757C1FB7D915B2F54C88CB31BDB7727B64559CC938CA53776A576CE956DBD0F03C1B9EA2DB32D460A7A63EB693B0C52C1ABD24C257447AA5C8D66EF177F5832A68CDA569C13296F6C193FD182B8A4523CA1F2D94D88226EBADBBBBEDB2C1C8A4D05299F46424B222853B014F30C52ACC6287F389C
310
D85E1878FA7B18E87FB36AFAF62AAFF667A83F635211161F291B8999FAB3D5DDC5FCDA99CF6653677679E13B8BFBC5CAF1DF4D27CBCBE5F2FAF6EE1A8AA51290642C117467871F101B91C581D77CEA2C36869F3229E68CD1B8F61F1ED6361B89092D294B90C78C4A68EB793D190E7D1D9BDEE7A91E1B95FDE9F3BCEAEFE809
310
6A6D6F9F7D4B79F4275C90E7A04248AA51D5C4C738DAE06F72885AC4796EBE65D22A88A22223B995679120E2D50EB1542F098381188D4EA111AE3DB043FF20AF6F2B4AE3D7D83D65E5AECA730D4D3BAC91BD05FEA992B565D95F549CD6069B90AB2A63EACA38A45E4B6A87D781574F86817E4C2FCCC72690D62E2729520E37
310
9BAF234797BAF6D62B3BFC781FED37BA1E4F2B2F052FA9501A3E80569BB8F6A9A364D4FA67654E6F803383981F82F21591FF84F23D9882BC896C3FDBCF8C162508933B2E0AE4C69DD43F6BD2BE38DDDBF10BF86CB4FA784D37F3AF16075E67EC9030DECA1FC0A55373F5DFF3378C591FA9BDF485C10B0A8C8BA909E5262639
310
A8E72163488806A595734C81CB77D1DE0ED7604A303B76913CEC0272F412782FF88EFF4636D8AA56DF7B322474C4B767303F625997056C7B032C473C592B36CEBD15F3F9FF5233B7ABCDC74D257624A60F8658567497B14CE1EC3C80B76FD02011038F9EE9EB0F2E12387A9C844D3F09855125116D1D731DF8B43D2CF4E0A0
310
79A020C6BE946BCE0B7EA1E1219331CD73C228AF5A2DDD31A4B1DA918CE91350854D40A71723140BFA92E94E62B0626016CEFA5864A50E5977E8753CEDBEE1CBB7F52780D20E17AF0BA0F5F9B02A3AD07DCC732EB6D1EBB661421BE0C39E21BABF0FE16D22EA6929407C8DE596724C88B749B6DB5512BC7B228ADFD7CB7EA6
310
3A22397E690BA8D5D8D4E40CEC8CDA23C2C0B7D5898640101CEC9C6D331CE328CB93CAFBBAC70A642DF70DF95155945B52F08AA973C23469FD69ADEF84F7BB18F983A8F8C90E37F5D35980B2139A1C523540813E824EF83448CF7C72B598CE97D7CEEDDDDD3B6736BFBC771677EF66CE6A7E7139F7A793E9EDF2B2B3A8B624
310
0CDA13AA5F8388264EC4A0129909F3B7F5A16CEDF08128E97D680ACA4B9BE7B7B58BB638F0B00700EF36AE8B32A705658A68F83EE897FC2B41573190D1CCAF0B92D233A47CFEB019D9809933F67DD1A5467F8CF69AD9A5AE859342D45355448C64F968A371DC2D596ADC6E43D93D1B466F877A64E2893E54F23C4B40388995
310
525E5005DA3983ED45412510D3EFCA13737B3863F74BD30F2A12E5B4B5E489A025CE25500DB855B11ACE5BBFA185D35DD48D8DC3CE7DC69F2944DB42AA6F6CF09BCA622ADD08C7A36E7C6AE18000BAB08E040135C2D21C9D75B3A91B77BB746C403F38018DFE6EC939DD92F16B40BC05294B9CDA035AAD6D330AE27FE4786B
310
8E45145EA34A75BE1C263A676A35A8ACC6297337400BF16C54EF515F3F77CB77EB3583889C754FFA29081AA98E2222ADEF05DA3E63D2EDEA8B8756C05A7FB6CABC4A91CBF325398202CC952E70A008A830324BA200D5E5EF8F5F04C75DB4B0EE3340E071C98B823333B83577596BF3849B69F2085AA0FAFA212F26BEFF5877
310
FDE622B28D88A42E49E43326DA82D31E8CB006401E1DA726059ECEC168F97A6599036306A135688F9AD2E61A6EA178F4CD51974A9F2CCB9F36FE5EBD14601068D9C3BF01504B0304140006080000B670623B000000000000000000000000350000006662782F42384135303843342D343331462D343546312D424341352D35
310
32343432364645413344462F76657274696365732E62696E504B0304140006080800B670623BF270F1330600000004000000360000006662782F42384135303843342D343331462D343546312D424341352D3532343432364645413344462F747269616E676C65732E62696E636660600000504B0304140006080000B67062
310
3B000000000000000000000000370000006662782F42384135303843342D343331462D343546312D424341352D3532343432364645413344462F617474726962757465732E62696E504B0304140006080800B670623B08DA0BD19000000041010000360000006662782F42384135303843342D343331462D343546312D4243
310
41352D3532343432364645413344462F6469726563746F72792E786D6C858F410AC3201045AF22B36F53E9A60B35CBEEBAE80D244E44489C6234F4F835464A48035D0DF398FF9F8AF63D0E6CC63039F212F8F9020C7D47C6792B21C5FE7403D62A1188E2E60C98D7234A5830286103A55745067B9D86B8A3CF9C7F90C11DE6
310
07FB144396D7B6A82D282E9A152AD114D5EF2CB866EEE831B8EEA07A7BB5A8D7D61A2BAAEB7FD5F70921FF497D00504B0304140006080800B670623B3B4606F3FE000000A00100003B0000006662782F42384135303843342D343331462D343546312D424341352D3532343432364645413344462F7265736F75726365732F
310
636F72652E786D6C8D504B6E833010BD0A9A6D65B08134808CA354A427E8052C332156828DFCA97AFC9A40A576D7CDCCE87D344F8F9FBEE647F689CE6B6B7A6039850C8DB2A336530F315C4903D94970676DF82583CCC8197B5861107C72362E3BA4AC096842428D1D7107A5F71820538F74F4E0D50D6799CB1892C2DFF345
310
AABB9C306779A2934E701F5C0A906D4FD609C2A1B7D129F4BCD858C163D4E3AED163FAA9AF1A1D88F67CA98E6D35906AA82A52BFB39ABCD5CD915C86331BD86BD3B665CD8BD52C78D0F34F46E550061C419494B6843142CB0F5677F4D0D58717DA7494F26295FF31C565FCA7296A13AA728FBBD93C0896823C09C18BB5AFB4
310
9E65A6BD762BBE01504B010214000A0000080000B670623B3DEE336E79000000790000001B00000000000000000000000000000000006175746F6465736B2D64657369676E2D7061636B6167652E786D6C504B01021400140006080800B670623BD486FD9CA0000000F40000001300000000000000000000000000B2000000
310
5B436F6E74656E745F54797065735D2E786D6C504B01021400140006080800B670623B28ED286BEB0000007C010000080000000000000000000000000083010000636F72652E786D6C504B01021400140006080800B670623B55019EA25F0000007C000000070000000000000000000000000094020000636E782E786D6C50
310
4B01021400140006080800B670623B7BC41AC871010000D40300000C00000000000000000000000000180300006662782F636F72652E786D6C504B01021400140006080800B670623B70102A487D0000009D0000000B00000000000000000000000000B30400006662782F636E782E786D6C504B01021400140006080800B6
310
70623B3610CA3329010000120200003100000000000000000000000000590500006662782F42384135303843342D343331462D343546312D424341352D3532343432364645413344462F636F72652E786D6C504B01021400140006080800B670623B1B8617914E010000330300003000000000000000000000000000D10600
310
006662782F42384135303843342D343331462D343546312D424341352D3532343432364645413344462F636E782E786D6C504B01021400140006080800B670623BBFEF2E3B690500003C10000034000000000000000000000000006D0800006662782F42384135303843342D343331462D343546312D424341352D35323434
310
32364645413344462F6F626A656374732E786D6C504B01021400140006080000B670623B0000000000000000000000003500000000000000000000000000280E00006662782F42384135303843342D343331462D343546312D424341352D3532343432364645413344462F76657274696365732E62696E504B010214001400
310
06080800B670623BF270F133060000000400000036000000000000000000000000007B0E00006662782F42384135303843342D343331462D343546312D424341352D3532343432364645413344462F747269616E676C65732E62696E504B01021400140006080000B670623B00000000000000000000000037000000000000
310
00000000000000D50E00006662782F42384135303843342D343331462D343546312D424341352D3532343432364645413344462F617474726962757465732E62696E504B01021400140006080800B670623B08DA0BD1900000004101000036000000000000000000000000002A0F00006662782F42384135303843342D3433
310
31462D343546312D424341352D3532343432364645413344462F6469726563746F72792E786D6C504B01021400140006080800B670623B3B4606F3FE000000A00100003B000000000000000000000000000E1000006662782F42384135303843342D343331462D343546312D424341352D3532343432364645413344462F72
310
65736F75726365732F636F72652E786D6C504B0506000000000E000E0080040000651100000000
  0
XRECORD
  5
187
102
{ACAD_REACTORS
330
186
102
}
330
186
100
AcDbXrecord
280
     1
 70
     1
 90
429727718
  1
887D55A9-D0DD-414E-B741-A7DCD4DA2B4C
310
504B03040A0000080000B670623B3DEE336E79000000790000001B0000006175746F6465736B2D64657369676E2D7061636B6167652E786D6C3C3F786D6C2076657273696F6E3D22312E302220656E636F64696E673D227574662D3822203F3E3C666F726D6174733E3C666F726D61743E687474703A2F2F736368656D612E
310
6175746F6465736B2E636F6D2F64657369676E2D7061636B6167652F323030393C2F666F726D61743E3C2F666F726D6174733E504B0304140006080800B670623BD486FD9CA0000000F4000000130000005B436F6E74656E745F54797065735D2E786D6C7D8EC10E82300C865F65E91D8A1E8C310C0EEA1BF002731658846E
310
D98AC1B77784ABF1D8FE5FBFBF75BBCE937A534CCEB38643598122B6FEE978D0B0485F9C41B54DDD7D022595594E1A469170414C76A4D9A4D207E29CF43ECE46F218070CC6BECC4078ACAA135ACF422C856C0E68EA1BF5669944DDD7BCDE7B1F8E415D77AECB980613C2E4AC91FC167A2B244592486606FC29C8FD7F045B9A
310
EF7053A7E60B504B0304140006080800B670623BBC1638F5EC0000007C01000008000000636F72652E786D6C8D90416EC3201045AF82665B61836BE2D8C24471DB9CA01740401C94182C03558F5F9C3852BBEB6A467FFE9B197D7EF89E6EE8CB2CC17AD7032D0820E394D7D68D3DA478C67B4007C117EFE32F1B202727D3C3
310
2A83E0E3E2D3BC49CABB685CCCAAF3DA6CA20CC14440EA969B1E82BA98491632C5EC08D76296EA2A4753D06797E194AC468F2356E77DF66CCD02825543D50CACC62D39ED70FDC68EB8FD68F6F8787A6784342D1DDA1D2F5758F068A7E77DB518198D065111D2624A31A93E69DD11D6D5EC85EC3B4278B9DAFF4069D6FF8492
310
75F1B5DADE7D600104CD8FDC0782976B16B9DC83CA75CD4DFC00504B0304140006080800B670623B55019EA25F0000007C00000007000000636E782E786D6C4DCB3B0E80201045D1AD90E915ED2CF8AC45050C11660C8261F98AB1B07AC9C97D42D718D865D3E909258CFD00CCE24AC6E326A164D74DC0B4128928FF326038
310
472BA13128B1252AC747C6BAB984FC68F0B87FE8960A5C09FE86CFB69FBA01504B0304140006080800B670623B3586FFB671010000D40300000C0000006662782F636F72652E786D6CC553ED6E8320147D15C2DF4541A76D6D90A6DDD627D80B50A4CE54C120983EFEAE1F4DD7A55BBA5FF3879273EEE59E7310B6393735EA
310
95ED2AA3731C851423A5A5292A5DE6D8BB63B0C268C39935C67D29C3488B46E578803167A535BE9D2169B453DA01AA4DA16650749D7218C91A1639EEE4876A4428BC838AEE14B6429E44A9C228041AEA38EB9C0501681A32BC313F1ECE8C4C3867DE57C5CC56054CAB8E95B298A7F12E5EEED224C8E87E11242FE936C8DE96
310
AB60BB7F4D295D66D12E5B30323473E6AAE6A24E5A259C2A308F29CD82280A68FC1E256B9AAE93F489AED694323294DF34F9B678B0C957DA3DC7B3DCA9ADC33C022123F1CD2D44E450277AD04338234388F01913BE0D1A0281909D38D4171F27807A259DB1093085F157AA17B557309586747CD0CF0B46A64E983A6E0EAEEF
310
CE881F9EF1FB8E70D44297604238581EBC1B74B249C31C5AAB6CD0BB33D2C636A27ECCC62F0EFF445DC5DF95244D6DEC7F2922F30191F9F720C37DE49F504B0304140006080800B670623B4220A0FF7D0000009D0000000B0000006662782F636E782E786D6C4DCCD10A83201886E15B91FFDCE542CB0335D0EC3E6259C84A
310
C3E9D8E5AF46073BFAE0E1E315DD675BD1DBA5978F41C2FD4600B9F088930F8B849267CC01754AA418F3DF0D50183727E164506249B1EC174D6E1ECB9A0F5D7D785E68DB8151CD286E5A5363CA6B8A39E90D36D40E96B086F55A43A544F52B1D7B86D517504B0304140006080800B670623B2FA3FEDE290100001202000031
310
0000006662782F45374635344235342D363743322D343832342D383044432D4334454645303536354442422F636F72652E786D6C8D515B6EC32010BC0AE22B55850D2E386E848994D7097A0117488A1283C5A3CAF10BB523B57FF961D1ECCCECC0F2ED7DBC816FED8371B687A4C210682B9D32F6D2C314CFA883602BB8772E
310
FEA141608751F7B0C050F08B77695A20E96CD43666D43AA5177008414708E42D5F7A18E4971E876A483133C2B59A06791D2EBA22556E679EE021FA1C00CC43CA09C5717D6274C7286AD7FB06D1AEA1A8C3873DDAD3E3E98859CB0EBB1DAF67A1E02919B5C88DCA71CCD968FFAC49110B1ECDF8882FBD1EA256503418BF2342
310
106E3E08DD60B6A1EC15771B8C795DE8FF4469524F8A92B1F1AD59E2CEB20005E1F5DC105CB9F4797B84D1F7C9F908CABC55D0F2050A5C61CC1AD2F27A26E6E767C7962E8E213A9FBF7775FDCC5CC266DB960A5E970DE5F2BBBE5CCB36C50F504B0304140006080800B670623B1B8617914E01000033030000300000006662
310
782F45374635344235342D363743322D343832342D383044432D4334454645303536354442422F636E782E786D6CD593C16EC32010447F0571AD6CE3D489D20813A9877E410FBD62D82434182CC055F3F75D1292E692438FBD206B7698593D61BEFD1E2DF982108D773D6D6B460938E5B571FB9ECE6957AD29D90A1EBC4F77
310
364A9C1CA1A759A682EF839FA72269D8C9D92654AD71C72206887E0E0A22CAF926B15E498B01E0AA19451807D01A34B919F16B070157417138917400F2F6FA41FCF0092A45DEE414C19BDC21783E4BD39D891265658C3D8DEA00A3ACE59CBC8678ACB54CB26EEB6BD7839D7E9348BE70AD9C8321B9BCA7F9A4A26C542347DE
310
E050F09802D22BA6749A800A394DD62899107273365E3C82CFC6A55557BC06C10774B7ABE7AEC3B0F34CF06446280E154026D0542C187BA9DAB6628BF7B6DBB0E5A65B3EB1F58631DE64BBE083F7B65CC218087E22CABB042E51D1F2268F1FE12B3EA24D40D63E9CFE00120194D60B9D5BC67FE6D39CDF37E20AF817881F50
310
4B0304140006080800B670623B29652116630500003C100000340000006662782F45374635344235342D363743322D343832342D383044432D4334454645303536354442422F6F626A656374732E786D6CAD575D739B3814FD2B0CFB0C989834C90EA1639B24E3E9A6EDD4D3CE3E64C623834CD8006224913AFDF57B040203
310
B65BEF871F0C12D2FD3CF7E8CA7FBFCB33E3957291B2E2D674ED8969D02262715A24B76625B7D6B569BC0F7CCE98EC2D338D82E4F4D654D366E0279C55A59E8AE99654991CCDDECFFF3444440B6A1A514684B83545F44C7362934AB2988A173B2692D8C97667BB76B3702836E1A47C1E092D09A78584A5982F20C5688C7287
310
C389E904BEA3BE07BEFAD7ABA6A75739B53F43FD69212429A20365233153D70BEF2E2E6FAC4BCF9B5ADEBB0BD79ADFCF43CBBD9A4E16EF168B9BD9DD0D140BC921495BC2E9D60C1E101B9E46BED37CEA2CD6861F3329624541A3DA7F7858DBAC25C6B4A4458C3CA654405BCFEBC970E8AAD8F43E4FD558ABEC4F9FE7557F47
310
4F506B7BFBEC5BCA367FC105710E2AB8A00A554D7CB4A30DFE26FBA86D18CBF4B75418399194A72433B274C3097F33032C554B027F2046A1932B842B0FCCC0DDCBEBDB8AD2F835768F59B9ADB24C41D30C6A64AF817F2A456D59FA83F2E3DA60137255A585BCD60EC9B7929AC18DEFD49381AF1ED30BFDB109A4B1CD488294
310
C3CDE6EBC8D185AABD6568061FEE37BB95AAC7E3CA4BCE4ACAA5820FA0D526AE7DAA2869B5EE5999531BE0CC20E6FBA07C41E43FA27CF7A6206F3CDD793B4F6B919C1462CB788EDCD893FA674CDA17AB7B3B7C019F8D561FAEE966FED562DFE98C1D12C6A9FC015C2A35D7FF3D7FC398F591DA4B5FE0BFA2C0189FEA50AE22
310
92817A1ED3020951A03432862970F976B33383259812CC8E5D240BBA801CBCF8CE2BBEE3BF910DB6AAD5F79E05123AE2DB33981FB1ACCB02B69D00CB014FD68AB573A7627EF9BFD4CC2C5C7D58557C4B22FAA88925A4DBB44825CECE3D78FB060D1231F0E885BE7D673C86A3874958F593906B5502D1563157814FDAC3420D
310
F69A070A22EC4B98E23CFF171A1E5311D12C23056555ABA53B8614563B92D17D02AAB009E8F46284624E5F53D5490C560CCCC2591FF1B45421EB0EBD8EA7ED13BE7C5D7E0428CD60FEF60779EB13E6664FF711CB185F6FDED60D139A001FF60CD1FD6D086F1D51474901E26B2CB794A343BC8ED3EDB612E0DD2351FCB65CF4
310
33D511C9E14B5B40ADC6A6263DB0336A8F700DDF56271A024E70B0B3629DE21847591E55DED73D56206AB927E46FAABC5C939C55853C274C93D69FD6FA4E78BF8B11DF898C9ECD60553FAD39283BA6F18984AA23E8884F83F45C5F5F859797B31B2B9C84A1E5B9DE9D35BFF25C6B76152E422F9C5DCC3D847F5801ED09D5AF
310
41441327A25FF15487F9EB725FB666F048A4701E9A827292E6F97569A32DF61DEC01C0BB8DCBBCCC684E0B49147C1FD54BF685A0AB18C868E6973949E819523E3DAC463660E68C7D9F55A9D1EFA3BD7A76A16AE1A810F95CE59B82A4D968A376DC2E8B44BBDD86B27B368CDE0ED548C7137DA860591A83706223A12CA712B4
310
7306DBF39C0A20A6DF95C7FAF670C6EED7A61F946493D1D6926782963813403548A78AE470DEF80D2D9CEAA26E4D1C76F60BFE74219A06527D6B82DF641A51616F703CAAC6A7160E08A00BEB4810A0274592A1B36E3675E36E978A0DE80727A0D6DF2D39A75BD27E0D8837276589537B40ABB56D5A41F48F1C6FCD3188C4EB
310
A6929D2FFB89CE995A4D00AE813BDD032DC48B56BD437DFDDC2DD7AED70C2272D63DE9A72068A45A92F0A4BE17A8A06B9366E16707AD80B1FC649459952097E74BB23805982B55E0401150A165964402AA8BDF9F3E7386BB686EDCA780C0D382E5392BF460A6EFB2C6EA1937D3F809B440D5F5435C4C5CF7A9EEFAF54564BD
310
2182DA24162F98680B4E7930C21A0079709CEAEB99A372305ABE0C0D7D6078105A83F6A0296DAEE1068A47DD1C55A9F4C9B2FC69E3EFD44B81028E963DF81B504B0304140006080000B670623B000000000000000000000000350000006662782F45374635344235342D363743322D343832342D383044432D433445464530
310
3536354442422F76657274696365732E62696E504B0304140006080800B670623BF270F1330600000004000000360000006662782F45374635344235342D363743322D343832342D383044432D4334454645303536354442422F747269616E676C65732E62696E636660600000504B0304140006080000B670623B00000000
310
0000000000000000370000006662782F45374635344235342D363743322D343832342D383044432D4334454645303536354442422F617474726962757465732E62696E504B0304140006080800B670623B08DA0BD19000000041010000360000006662782F45374635344235342D363743322D343832342D383044432D4334
310
454645303536354442422F6469726563746F72792E786D6C858F410AC3201045AF22B36F53E9A60B35CBEEBAE80D244E44489C6234F4F835464A48035D0DF398FF9F8AF63D0E6CC63039F212F8F9020C7D47C6792B21C5FE7403D62A1188E2E60C98D7234A5830286103A55745067B9D86B8A3CF9C7F90C11DE607FB144396
310
D7B6A82D282E9A152AD114D5EF2CB866EEE831B8EEA07A7BB5A8D7D61A2BAAEB7FD5F70921FF497D00504B0304140006080800B670623B6378F24DFF000000A00100003B0000006662782F45374635344235342D363743322D343832342D383044432D4334454645303536354442422F7265736F75726365732F636F72652E
310
786D6C8D504B6E833010BD0A9A6D65B0094E42641C85B639412F6099496225D8C89FAAC7AF09546A77DDCC8CDE47F3F4C4F16B7C149FE88371B603565228D06A37187BED20C50BD9437194C23B177FC9A0B06AC40E6618A4B87A97A615D2CE46B431A3D60DB8822A048C50E8473E3A08FA86A32A558A5911EEE5A4F45D5DB1
310
6465A6B34E8A107D0E502C4FE609D26370C96B0CA25A58295232C3AA3143FE692E063D485EF7F5AEE71BD2D2F39634AFFC44DAF7DD9E9CCE6F9CD25DCBFA762BAAD92C4534E34F46ED51451C40D694B6843142EB0FD61C283F34FC85EE0F948A6A96FF31A569F8A729191B37F51A77B105902C0779125254735F793DCBCC7B
310
EE567E03504B010214000A0000080000B670623B3DEE336E79000000790000001B00000000000000000000000000000000006175746F6465736B2D64657369676E2D7061636B6167652E786D6C504B01021400140006080800B670623BD486FD9CA0000000F40000001300000000000000000000000000B20000005B436F6E
310
74656E745F54797065735D2E786D6C504B01021400140006080800B670623BBC1638F5EC0000007C010000080000000000000000000000000083010000636F72652E786D6C504B01021400140006080800B670623B55019EA25F0000007C000000070000000000000000000000000095020000636E782E786D6C504B010214
310
00140006080800B670623B3586FFB671010000D40300000C00000000000000000000000000190300006662782F636F72652E786D6C504B01021400140006080800B670623B4220A0FF7D0000009D0000000B00000000000000000000000000B40400006662782F636E782E786D6C504B01021400140006080800B670623B2F
310
A3FEDE290100001202000031000000000000000000000000005A0500006662782F45374635344235342D363743322D343832342D383044432D4334454645303536354442422F636F72652E786D6C504B01021400140006080800B670623B1B8617914E010000330300003000000000000000000000000000D2060000666278
310
2F45374635344235342D363743322D343832342D383044432D4334454645303536354442422F636E782E786D6C504B01021400140006080800B670623B29652116630500003C10000034000000000000000000000000006E0800006662782F45374635344235342D363743322D343832342D383044432D4334454645303536
310
354442422F6F626A656374732E786D6C504B01021400140006080000B670623B0000000000000000000000003500000000000000000000000000230E00006662782F45374635344235342D363743322D343832342D383044432D4334454645303536354442422F76657274696365732E62696E504B01021400140006080800
310
B670623BF270F13306000000040000003600000000000000000000000000760E00006662782F45374635344235342D363743322D343832342D383044432D4334454645303536354442422F747269616E676C65732E62696E504B01021400140006080000B670623B0000000000000000000000003700000000000000000000
310
000000D00E00006662782F45374635344235342D363743322D343832342D383044432D4334454645303536354442422F617474726962757465732E62696E504B01021400140006080800B670623B08DA0BD190000000410100003600000000000000000000000000250F00006662782F45374635344235342D363743322D34
310
3832342D383044432D4334454645303536354442422F6469726563746F72792E786D6C504B01021400140006080800B670623B6378F24DFF000000A00100003B00000000000000000000000000091000006662782F45374635344235342D363743322D343832342D383044432D4334454645303536354442422F7265736F75
310
726365732F636F72652E786D6C504B0506000000000E000E0080040000611100000000
  0
XRECORD
  5
112
102
{ACAD_REACTORS
330
110
102
}
330
110
100
AcDbXrecord
280
     1
270
     1
271
     1
  0
XRECORD
  5
111
102
{ACAD_REACTORS
330
110
102
}
330
110
100
AcDbXrecord
280
     1
270
     1
271
     1
  0
XRECORD
  5
18A
102
{ACAD_REACTORS
330
110
102
}
330
110
100
AcDbXrecord
280
     1
 70
     0
 90
1778669749
  1
9BF507EE-FAF7-4A99-A33D-4EE51894BC40
310
504B03040A0000080000B670623B3DEE336E79000000790000001B0000006175746F6465736B2D64657369676E2D7061636B6167652E786D6C3C3F786D6C2076657273696F6E3D22312E302220656E636F64696E673D227574662D3822203F3E3C666F726D6174733E3C666F726D61743E687474703A2F2F736368656D612E
310
6175746F6465736B2E636F6D2F64657369676E2D7061636B6167652F323030393C2F666F726D61743E3C2F666F726D6174733E504B0304140006080800B670623BD486FD9CA0000000F4000000130000005B436F6E74656E745F54797065735D2E786D6C7D8EC10E82300C865F65E91D8A1E8C310C0EEA1BF002731658846E
310
D98AC1B77784ABF1D8FE5FBFBF75BBCE937A534CCEB38643598122B6FEE978D0B0485F9C41B54DDD7D022595594E1A469170414C76A4D9A4D207E29CF43ECE46F218070CC6BECC4078ACAA135ACF422C856C0E68EA1BF5669944DDD7BCDE7B1F8E415D77AECB980613C2E4AC91FC167A2B244592486606FC29C8FD7F045B9A
310
EF7053A7E60B504B0304140006080800B670623BCA089DFFEC0000007C01000008000000636F72652E786D6C8D90416E83301045AF62CDB632D8402020E32882F604BD80653BC44AB011B6AB1EBF262152BBEB6A467FFE9B197D76FA9EEFE84BAFDE38DB03CD08206DA553C64E3DC470C1474027CE56E7C22F1B202B66DDC3
310
260367D3EAE2B24BD2D9A06D48AA754AEFA2F05E0740F29E9A1EBCBCEA59642286E4F0B76C11F226269DD15797E0188D42CF2346A57DE662F40ABCAEC77628C6120F654571D50C04B7F5B9C1E3997CD4F550BE3745C3F20DE62C98F9755FAE5A04AD801784B498524C8A4F5A75E4D055873772EC0861F966FF03C545FD138A
310
C686B2D8DF7D621E384D8F3C069CE55B16A93C824A75CB8DFF00504B0304140006080800B670623B55019EA25F0000007C00000007000000636E782E786D6C4DCB3B0E80201045D1AD90E915ED2CF8AC45050C11660C8261F98AB1B07AC9C97D42D718D865D3E909258CFD00CCE24AC6E326A164D74DC0B4128928FF326038
310
472BA13128B1252AC747C6BAB984FC68F0B87FE8960A5C09FE86CFB69FBA01504B0304140006080800B670623B68FC0B7272010000D40300000C0000006662782F636F72652E786D6CC5535B6E833010BC8AE5DF0A6C1E8124328E22D29EA01770C0A128602363A31CBFCB234A53A555FA553EC09AD9F5CE8C31DB5DDA060D
310
D2F4B556190E7C8A9154852E6B5565D8D993B7C668C799D1DA7E29C3488956667884316795D1AE5BA0422B2B950554E9522EA0E87B69312A1A5864B82F3E642B7CE12C54F467BF13C55954D20F7CA0A18EB3DE1A1080E621E31BF3D3F1C2C88C73E65C5D2E6C5DC2B4FA544B8379921C36797888BC3C8A032F4E73EA6D927D
310
EA1DF6F42D49F2E8350D5346C666CE6CDD5ED515460A2B4BCC434A375E1078347C0FE22D5D6DE3D50B5D6F2965642CBF6B725DF96493AB958DC245EEDCD6631E809089F8E61622B2A81703E8219C913144F84C09DF070D8140C8561C9BAB8F3340832CAC363130A576376A108D933095FA747AD0CF0B46E64E983A6D0EAE1F
310
CE089F9EF1FB8E70D44255604258581E9D1D75B259C3125A278D37D80B52DAB4A279CEC62F0EFF44DDC43F9454E8469BFF5244960322CBEF41C6FBC83F01504B0304140006080800B670623B0F71DDB67E0000009D0000000B0000006662782F636E782E786D6C4DCCD10A83201886E15B91FFDCA54DB73F502386BB8F5816
310
32D3703976F9ABD1C18E3E78F87855FB990379BBFCF2296AE02706C4C5471A7C9C349475A408A4352AA7B4FEDD80C47E761A7606A3A69CCA72D0E0C6BE8475D3E0E3F3409428EA6B27A84079A782899AA2EC1A7AE3ECCC2FD858CB2D544655BFD2B67BD87C01504B0304140006080800B670623BE134B4FB28010000120200
310
00310000006662782F38353834323741342D343835462D343034322D383541392D4331303331363839454531452F636F72652E786D6C8D515B6EC32010BC0AE22B55850D0EA424C24451959EA0172086A42831583CAA1CBF503B52FB971F16CDCECC0EACD8DFC71BF836215AEF7A481A0C817183D7D65D7A98D3197108F652
310
04EFD31F1A044E8DA6871586525C82CFD3020DDE25E352419DD76601558C264130DCCAA58771F832A36A544E8511AFCDA486ABBA988634A55D7852C4144A00300FA927949C71DABD1D28A29C7D208A6987383B6CD13BC16BB2E1DBE3911C453B0BA5C8D9EA456E758963CFD684674DAA588A64C747FC2118958C86B2C3788B
310
0841B8FB247487D98EB257CC77188BB6D2FF89F2A49F1465EBD2BA5BE2CEB2082511EDDC9042FB7CBA3DC298FBE4430275DE2A9AE1054ADC60CC08E3A29D89E5F9C5714317C7987C28DFBBBA9E0A97B0D97643A568EB864AF95D5FA9759BF207504B0304140006080800B670623B1B8617914E010000330300003000000066
310
62782F38353834323741342D343835462D343034322D383541392D4331303331363839454531452F636E782E786D6CD593C16EC32010447F0571AD6CE3D489D20813A9877E410FBD62D82434182CC055F3F75D1292E692438FBD206B7698593D61BEFD1E2DF982108D773D6D6B460938E5B571FB9ECE6957AD29D90A1EBC4F
310
77364A9C1CA1A759A682EF839FA72269D8C9D92654AD71C72206887E0E0A22CAF926B15E498B01E0AA19451807D01A34B919F16B070157417138917400F2F6FA41FCF0092A45DEE414C19BDC21783E4BD39D891265658C3D8DEA00A3ACE59CBC8678ACB54CB26EEB6BD7839D7E9348BE70AD9C8321B9BCA7F9A4A26C542347
310
DEE050F09802D22BA6749A800A394DD62899107273365E3C82CFC6A55557BC06C10774B7ABE7AEC3B0F34CF06446280E154026D0542C187BA9DAB6628BF7B6DBB0E5A65B3EB1F58631DE64BBE083F7B65CC218087E22CABB042E51D1F2268F1FE12B3EA24D40D63E9CFE00120194D60B9D5BC67FE6D39CDF37E20AF817881F
310
504B0304140006080800B670623B5933D422630500003B100000340000006662782F38353834323741342D343835462D343034322D383541392D4331303331363839454531452F6F626A656374732E786D6CAD575B6FA33814FE2B887D0642934E9B156594264D158D3A534DD4D13E548A0C38942D60649B4EBABF7E3F8321
310
40924EF6928780CDF1B97EE762EFF32E4B8D37CA45C2F21BD3B547A641F39045491EDF98A5DC5AD7A6F1D9F73863B243661A39C9E88DA9B64DDF8B392B0BBD15D12D295339D85DDEFE618890E6D434C2940871638AF08566C426A5641115AF764424B1E3EDCE76ED9AB0CF36E6A47819302D08A7B984A6D8CFC1C5A89572FB
310
CB91E9F89EA3BEFB9EFAD754E3D3544E654F5F7E920B49F2F040D880CDD89D2CEE2E2EA7D6E56432B6269F2E5CEB7679BBB0DCABF168FE693E9FCEEEA6102C240727AD09A75BD3BF876F78127A4EFDA9D5582B7E4CA590E5390D2BFB6161A5B3E618D182E611E2985001691DAB47FDA5AB7CD3F93C566B2DB2BB7D9E55DD13
310
1D468DEECDB3AB290BFE8409E21C54704115AA6AFF68436BFC8DF65E0B184BF5B74418199194272435D224E084BF9B3E481589EFF5D828747285706581E9BB7B7E5D5D911ABFC6EE312DB7659A2A689A7E85EC0DF04FA5A8344BFEA2FCB834E8845895492EAFB541F2BDA0A63FF59C6AD3F7D4637CA13FD68E34B629891172
310
98597F1D183A57B9B75A98FE9765B05BAB7C3C2EBCE0ACA05C2AF8005A4DE09AA7F29216EB9E15397500C6F47CBE77CA7778FE2BD277AF0AE2C693DD6437D1522427B9D8329E2136F6A8FA19A3E6C56ADF0E5F50CF06D48734EDCEBF22F69C56D97EC138153F804B85E6FABFC7AFEFB32E523BE1F3BD372418E363EDCA7548
310
52949E8724474014288D94610BB57C1BEC4C7F854A89CA8E5324F55B871CBC78CE1BBEE3BFE68D6A5589EF3C730474506FCFA8FCF0659516D0ED04580EEA6425581B77CAE797FF4BCECC16EB2FEB926F49481F746159D06D922712BD730FDEAE42BD40F42C7AA5EF3F198F60E86110D6DD20645A9480B795CF95E3E3A659A8
310
C55E724F408873315335CFFB8584874484344D494E59D94869DB90C26A5B64F49C802CAC1D3ABE18A098D3B7444D123D8A9E5AE8F5214F0AE5B2B6E9B575DA3E61CBD3EA2B4009FA940524DD1305FB6A1FB294F14DF0BEA90BA109ECE1481FDC3FFAE8D60E75141700BE82725371B4873751B2DD960265F788137FACE6DD40
310
B575E4F0A5C99F46629D92131467A41EE11ABD8D4CCC039CA0AFB37C93A08B232B8F0AEFCA1E0A1015DF13FC83322B362463652ECF71D3A8B1A7D1BE65DE1D62C44F22C317D35F574FEB16153BA2D13E543D10A80E74C4A65E78A6B7CBCBD1D5DD9DB59C2DAFACC96C3AB566E3F1C29ADCDD5DBAD7D3C9ED7C822ED74F80A6
310
41755310DE4443F44A9E68373FADF6596BFA0F440AE7BECE2727AE9F4F2B1B53B1E7E00CF0DD1E5C65454A339A4BA2D0FBA05ED2EF0443458F47BDBFCA484CCFE0F2ED7E3DD0013B679C7B5499467F0ECEEADDB9CA85A34CE44B99053949D2C1416DB85DE4B136BB7165FBAC0B7AB3542BED4F8CA182A549847A1319316519
310
95A83A67147B9E5101C47487F2485F1ECE38FD568F839204296D3479219888530154036E6528FBFBC66F98E0D4107563A2D7D9AFF8D389681A08F58D89F22693900A3B407754734FC51C10C010D6D640809EE4718AC1BA3ED4AEDB53CA37283F68805A7E4B72CEB0A4EDEAD5DD8C14059A76AFAA56BA6901E13F32BC51C720
310
12AF41295B5BF61BAD3195181FB506E6B40F4C10AF5AF40EF9F5B159AE5DD1F43C72D635E94310D45C2D49785C5D0B94D3B54AB3C5A38349C0587D338AB48C11CBF339599C02CCA54A70A008A8D03C0B2201D5F9EFCF8F9CE12A9A19CB0410789EB32C63B95ECCF455D658BFE0621A3DA32C5075FB101723D77DAE867E7D0F
310
D90444509B44E2151B4DC2290B065803200FBAA9BE9D392A0603F2D5C2D00D6302A615680F66D2FA166E2079D4C551A54AB758161FCEFD4E450A14704CECFEDF504B0304140006080000B670623B000000000000000000000000350000006662782F38353834323741342D343835462D343034322D383541392D4331303331
310
363839454531452F76657274696365732E62696E504B0304140006080800B670623BF270F1330600000004000000360000006662782F38353834323741342D343835462D343034322D383541392D4331303331363839454531452F747269616E676C65732E62696E636660600000504B0304140006080000B670623B000000
310
000000000000000000370000006662782F38353834323741342D343835462D343034322D383541392D4331303331363839454531452F617474726962757465732E62696E504B0304140006080800B670623B08DA0BD19000000041010000360000006662782F38353834323741342D343835462D343034322D383541392D43
310
31303331363839454531452F6469726563746F72792E786D6C858F410AC3201045AF22B36F53E9A60B35CBEEBAE80D244E44489C6234F4F835464A48035D0DF398FF9F8AF63D0E6CC63039F212F8F9020C7D47C6792B21C5FE7403D62A1188E2E60C98D7234A5830286103A55745067B9D86B8A3CF9C7F90C11DE607FB1443
310
96D7B6A82D282E9A152AD114D5EF2CB866EEE831B8EEA07A7BB5A8D7D61A2BAAEB7FD5F70921FF497D00504B0304140006080800B670623BD9A3B367FE000000A00100003B0000006662782F38353834323741342D343835462D343034322D383541392D4331303331363839454531452F7265736F75726365732F636F7265
310
2E786D6C8D504B6E833010BD0A9A6D65B01D0201194711694FD00B586642AD043BF2A7EAF16B122AB5BB6E6646EFA3797AE2F8B5DC8A4FF4C1383B002B291468B59B8C9D0748F1420E501CA5F0CEC55F3228AC5A708015062966EFD27D83B4B3116DCCA875136EA00A012314FA968F0182FEC045952AC5AC08D7F2AEF455CD
310
58B232D3592745883E07289E4FD609D26370C96B0CA27AB252A464A64D63A6FCD35C0C7A904D73EE467EE664DCD58CD4ED4849D79C5A723ED1B7A61977AF2D6F45B59AA58866F9C9A83DAA8813484E6947182394BFB3BAA7FBBEDEBFD0434FA9A856F91F53BA4FFF342563E38E6F719FB60092E5200F428A6AED2BAF479979
310
AFDDCA6F504B010214000A0000080000B670623B3DEE336E79000000790000001B00000000000000000000000000000000006175746F6465736B2D64657369676E2D7061636B6167652E786D6C504B01021400140006080800B670623BD486FD9CA0000000F40000001300000000000000000000000000B20000005B436F6E
310
74656E745F54797065735D2E786D6C504B01021400140006080800B670623BCA089DFFEC0000007C010000080000000000000000000000000083010000636F72652E786D6C504B01021400140006080800B670623B55019EA25F0000007C000000070000000000000000000000000095020000636E782E786D6C504B010214
310
00140006080800B670623B68FC0B7272010000D40300000C00000000000000000000000000190300006662782F636F72652E786D6C504B01021400140006080800B670623B0F71DDB67E0000009D0000000B00000000000000000000000000B50400006662782F636E782E786D6C504B01021400140006080800B670623BE1
310
34B4FB280100001202000031000000000000000000000000005C0500006662782F38353834323741342D343835462D343034322D383541392D4331303331363839454531452F636F72652E786D6C504B01021400140006080800B670623B1B8617914E010000330300003000000000000000000000000000D3060000666278
310
2F38353834323741342D343835462D343034322D383541392D4331303331363839454531452F636E782E786D6C504B01021400140006080800B670623B5933D422630500003B10000034000000000000000000000000006F0800006662782F38353834323741342D343835462D343034322D383541392D4331303331363839
310
454531452F6F626A656374732E786D6C504B01021400140006080000B670623B0000000000000000000000003500000000000000000000000000240E00006662782F38353834323741342D343835462D343034322D383541392D4331303331363839454531452F76657274696365732E62696E504B01021400140006080800
310
B670623BF270F13306000000040000003600000000000000000000000000770E00006662782F38353834323741342D343835462D343034322D383541392D4331303331363839454531452F747269616E676C65732E62696E504B01021400140006080000B670623B0000000000000000000000003700000000000000000000
310
000000D10E00006662782F38353834323741342D343835462D343034322D383541392D4331303331363839454531452F617474726962757465732E62696E504B01021400140006080800B670623B08DA0BD190000000410100003600000000000000000000000000260F00006662782F38353834323741342D343835462D34
310
3034322D383541392D4331303331363839454531452F6469726563746F72792E786D6C504B01021400140006080800B670623BD9A3B367FE000000A00100003B000000000000000000000000000A1000006662782F38353834323741342D343835462D343034322D383541392D4331303331363839454531452F7265736F75
310
726365732F636F72652E786D6C504B0506000000000E000E0080040000611100000000
  0
XRECORD
  5
113
102
{ACAD_REACTORS
330
110
102
}
330
110
100
AcDbXrecord
280
     1
270
     1
271
     1
  0
XRECORD
  5
114
102
{ACAD_REACTORS
330
110
102
}
330
110
100
AcDbXrecord
280
     1
270
     1
271
     1
  0
XRECORD
  5
101D10C
102
{ACAD_REACTORS
330
861E
102
}
330
861E
100
AcDbXrecord
280
     1
102
DISPLAYNAME
  1
Imperial24
102
FLAGS
 90
        0
  0
XRECORD
  5
101D10E
102
{ACAD_REACTORS
330
15A0F
102
}
330
15A0F
100
AcDbXrecord
280
     1
102
DISPLAYNAME
  1
Metric50
102
FLAGS
 90
        0
  0
CELLSTYLEMAP
  5
101D10B
102
{ACAD_REACTORS
330
104
102
}
330
104
100
AcDbCellStyleMap
 90
        3
300
CELLSTYLE
  1
TABLEFORMAT_BEGIN
 90
        5
170
     1
 91
        0
 92
    32768
 62
   257
 93
        1
300
CONTENTFORMAT
  1
CONTENTFORMAT_BEGIN
 90
        0
 91
        0
 92
      512
 93
        0
300

 40
0.0
140
1.0
 94
        5
 62
     0
340
11
144
0.25
309
CONTENTFORMAT_END
171
     1
301
MARGIN
  1
CELLMARGIN_BEGIN
 40
0.06
 40
0.06
 40
0.06
 40
0.06
 40
0.18
 40
0.18
309
CELLMARGIN_END
 94
        6
 95
        1
302
GRIDFORMAT
  1
GRIDFORMAT_BEGIN
 90
        0
 91
        1
 62
     0
 92
       -2
340
0
 93
        0
 40
0.045
309
GRIDFORMAT_END
 95
        2
302
GRIDFORMAT
  1
GRIDFORMAT_BEGIN
 90
        0
 91
        1
 62
     0
 92
       -2
340
0
 93
        0
 40
0.045
309
GRIDFORMAT_END
 95
        4
302
GRIDFORMAT
  1
GRIDFORMAT_BEGIN
 90
        0
 91
        1
 62
     0
 92
       -2
340
0
 93
        0
 40
0.045
309
GRIDFORMAT_END
 95
        8
302
GRIDFORMAT
  1
GRIDFORMAT_BEGIN
 90
        0
 91
        1
 62
     0
 92
       -2
340
0
 93
        0
 40
0.045
309
GRIDFORMAT_END
 95
       16
302
GRIDFORMAT
  1
GRIDFORMAT_BEGIN
 90
        0
 91
        1
 62
     0
 92
       -2
340
0
 93
        0
 40
0.045
309
GRIDFORMAT_END
 95
       32
302
GRIDFORMAT
  1
GRIDFORMAT_BEGIN
 90
        0
 91
        1
 62
     0
 92
       -2
340
0
 93
        0
 40
0.045
309
GRIDFORMAT_END
309
TABLEFORMAT_END
  1
CELLSTYLE_BEGIN
 90
        1
 91
        1
300
_TITLE
309
CELLSTYLE_END
300
CELLSTYLE
  1
TABLEFORMAT_BEGIN
 90
        5
170
     1
 91
        0
 92
        0
 62
   257
 93
        1
300
CONTENTFORMAT
  1
CONTENTFORMAT_BEGIN
 90
        0
 91
        0
 92
      512
 93
        0
300

 40
0.0
140
1.0
 94
        5
 62
     0
340
11
144
0.18
309
CONTENTFORMAT_END
171
     1
301
MARGIN
  1
CELLMARGIN_BEGIN
 40
0.06
 40
0.06
 40
0.06
 40
0.06
 40
0.18
 40
0.18
309
CELLMARGIN_END
 94
        6
 95
        1
302
GRIDFORMAT
  1
GRIDFORMAT_BEGIN
 90
        0
 91
        1
 62
     0
 92
       -2
340
0
 93
        0
 40
0.045
309
GRIDFORMAT_END
 95
        2
302
GRIDFORMAT
  1
GRIDFORMAT_BEGIN
 90
        0
 91
        1
 62
     0
 92
       -2
340
0
 93
        0
 40
0.045
309
GRIDFORMAT_END
 95
        4
302
GRIDFORMAT
  1
GRIDFORMAT_BEGIN
 90
        0
 91
        1
 62
     0
 92
       -2
340
0
 93
        0
 40
0.045
309
GRIDFORMAT_END
 95
        8
302
GRIDFORMAT
  1
GRIDFORMAT_BEGIN
 90
        0
 91
        1
 62
     0
 92
       -2
340
0
 93
        0
 40
0.045
309
GRIDFORMAT_END
 95
       16
302
GRIDFORMAT
  1
GRIDFORMAT_BEGIN
 90
        0
 91
        1
 62
     0
 92
       -2
340
0
 93
        0
 40
0.045
309
GRIDFORMAT_END
 95
       32
302
GRIDFORMAT
  1
GRIDFORMAT_BEGIN
 90
        0
 91
        1
 62
     0
 92
       -2
340
0
 93
        0
 40
0.045
309
GRIDFORMAT_END
309
TABLEFORMAT_END
  1
CELLSTYLE_BEGIN
 90
        2
 91
        1
300
_HEADER
309
CELLSTYLE_END
300
CELLSTYLE
  1
TABLEFORMAT_BEGIN
 90
        5
170
     1
 91
        0
 92
        0
 62
   257
 93
        1
300
CONTENTFORMAT
  1
CONTENTFORMAT_BEGIN
 90
        0
 91
        0
 92
      512
 93
        0
300

 40
0.0
140
1.0
 94
        2
 62
     0
340
11
144
0.18
309
CONTENTFORMAT_END
171
     1
301
MARGIN
  1
CELLMARGIN_BEGIN
 40
0.06
 40
0.06
 40
0.06
 40
0.06
 40
0.18
 40
0.18
309
CELLMARGIN_END
 94
        6
 95
        1
302
GRIDFORMAT
  1
GRIDFORMAT_BEGIN
 90
        0
 91
        1
 62
     0
 92
       -2
340
0
 93
        0
 40
0.045
309
GRIDFORMAT_END
 95
        2
302
GRIDFORMAT
  1
GRIDFORMAT_BEGIN
 90
        0
 91
        1
 62
     0
 92
       -2
340
0
 93
        0
 40
0.045
309
GRIDFORMAT_END
 95
        4
302
GRIDFORMAT
  1
GRIDFORMAT_BEGIN
 90
        0
 91
        1
 62
     0
 92
       -2
340
0
 93
        0
 40
0.045
309
GRIDFORMAT_END
 95
        8
302
GRIDFORMAT
  1
GRIDFORMAT_BEGIN
 90
        0
 91
        1
 62
     0
 92
       -2
340
0
 93
        0
 40
0.045
309
GRIDFORMAT_END
 95
       16
302
GRIDFORMAT
  1
GRIDFORMAT_BEGIN
 90
        0
 91
        1
 62
     0
 92
       -2
340
0
 93
        0
 40
0.045
309
GRIDFORMAT_END
 95
       32
302
GRIDFORMAT
  1
GRIDFORMAT_BEGIN
 90
        0
 91
        1
 62
     0
 92
       -2
340
0
 93
        0
 40
0.045
309
GRIDFORMAT_END
309
TABLEFORMAT_END
  1
CELLSTYLE_BEGIN
 90
        3
 91
        2
300
_DATA
309
CELLSTYLE_END
  0
ACAD_PROXY_OBJECT
  5
3AED
102
{ACAD_XDICTIONARY
360
3AF1
102
}
102
{ACAD_REACTORS
330
3AEA
102
}
330
3AEA
100
AcDbProxyObject
 90
      499
 91
      563
 95
  8192031
 70
     0
162
               142
311
42134018401C000800108018401CC0194028
161
               148
310
4050140902404FFFFFFFFFFFFEF7FA0340501C
330
3AEA
360
3AF0
 94
        0
  0
ACAD_PROXY_OBJECT
  5
3AEE
102
{ACAD_REACTORS
330
3AEA
102
}
330
3AEA
100
AcDbProxyObject
 90
      499
 91
      564
 95
  8192031
 70
     0
162
               122
311
41D1001940198018401D401B001D000C
161
                40
310
405014059200
 94
        0
1001
ACMAPDMDISPLAYSTYLEREGAPP
1070
     2
1071
        1
1000
Default
1000

  0
XRECORD
  5
1116D
102
{ACAD_REACTORS
330
1116C
102
}
330
1116C
100
AcDbXrecord
280
     1
330
B7
  0
XRECORD
  5
1A9A5
102
{ACAD_REACTORS
330
1A9A4
102
}
330
1A9A4
100
AcDbXrecord
280
     1
1071
  6895636
1071
  9291323
 70
    25
 70
   104
 40
0.0
  0
XRECORD
  5
1A9A6
102
{ACAD_REACTORS
330
1A9A4
102
}
330
1A9A4
100
AcDbXrecord
280
     1
1071
 18597260
1071
 25303744
 70
    25
 70
   104
 10
2.000000000000455
 20
0.0
 30
0.0
 10
2.000000000000455
 20
-0.0000000000000018
 30
0.0
 10
0.0
 20
0.0
 30
-1.0
  0
XRECORD
  5
1A9E0
102
{ACAD_REACTORS
330
1A9DF
102
}
330
1A9DF
100
AcDbXrecord
280
     1
1071
  6895636
1071
  9291323
 70
    25
 70
   104
 40
0.0
  0
XRECORD
  5
1A9E1
102
{ACAD_REACTORS
330
1A9DF
102
}
330
1A9DF
100
AcDbXrecord
280
     1
1071
 18597260
1071
 25303744
 70
    25
 70
   104
 10
2.999999991803491
 20
-0.0000000000000568
 30
0.0
 10
2.999999994075192
 20
-9.00000000252411
 30
0.0
 10
0.0
 20
0.0
 30
-1.0
  0
XRECORD
  5
1A9F1
102
{ACAD_REACTORS
330
1A9F0
102
}
330
1A9F0
100
AcDbXrecord
280
     1
1071
  6895636
1071
  9291323
 70
    25
 70
   104
 40
0.0
  0
XRECORD
  5
1A9F2
102
{ACAD_REACTORS
330
1A9F0
102
}
330
1A9F0
100
AcDbXrecord
280
     1
1071
 18597260
1071
 25303744
 70
    25
 70
   104
 10
2.999999991803491
 20
-0.0000000000000568
 30
0.0
 10
2.999999994075192
 20
-9.00000000252411
 30
0.0
 10
0.0
 20
0.0
 30
-1.0
  0
XRECORD
  5
1B39C
102
{ACAD_REACTORS
330
1B39B
102
}
330
1B39B
100
AcDbXrecord
280
     1
1071
 18597260
1071
 25303744
 70
    25
 70
   104
 10
0.0
 20
1.500000000757236
 30
0.0
 10
0.0
 20
1.500000000757236
 30
0.0
 10
0.0
 20
0.0
 30
-1.0
  0
XRECORD
  5
1B39D
102
{ACAD_REACTORS
330
1B39B
102
}
330
1B39B
100
AcDbXrecord
280
     1
1071
  6895636
1071
  9291323
 70
    25
 70
   104
 40
0.0
  0
XRECORD
  5
1B39E
102
{ACAD_REACTORS
330
1B39B
102
}
330
1B39B
100
AcDbXrecord
280
     1
1071
 18597260
1071
 25303744
 70
    25
 70
   104
 10
0.0
 20
0.0
 30
0.0
 10
0.0
 20
0.0
 30
0.0
 10
0.0
 20
0.0
 30
-1.0
  0
XRECORD
  5
1B39F
102
{ACAD_REACTORS
330
1B39B
102
}
330
1B39B
100
AcDbXrecord
280
     1
1071
  6895636
1071
  9291323
 70
    25
 70
   104
 40
0.0
  0
XRECORD
  5
1AFD3
102
{ACAD_REACTORS
330
1AFD2
102
}
330
1AFD2
100
AcDbXrecord
280
     1
1071
 18597260
1071
 25303744
 70
    25
 70
   104
 10
0.75
 20
0.0000000000103455
 30
0.0
 10
0.75
 20
0.0000000000103455
 30
0.0
 10
0.0
 20
0.0
 30
-1.0
  0
XRECORD
  5
1AFD4
102
{ACAD_REACTORS
330
1AFD2
102
}
330
1AFD2
100
AcDbXrecord
280
     1
1071
  6895636
1071
  9291323
 70
    25
 70
   104
 40
0.0
  0
XRECORD
  5
1B0AF
102
{ACAD_REACTORS
330
1B0AE
102
}
330
1B0AE
100
AcDbXrecord
280
     1
1071
 18597260
1071
 25303744
 70
    25
 70
   104
 10
0.75
 20
0.0000000000103455
 30
0.0
 10
0.75
 20
0.0000000000103455
 30
0.0
 10
0.0
 20
0.0
 30
-1.0
  0
XRECORD
  5
1B0B0
102
{ACAD_REACTORS
330
1B0AE
102
}
330
1B0AE
100
AcDbXrecord
280
     1
1071
  6895636
1071
  9291323
 70
    25
 70
   104
 40
0.0
  0
XRECORD
  5
1B6E6
102
{ACAD_REACTORS
330
1B6E5
102
}
330
1B6E5
100
AcDbXrecord
280
     1
1071
 18597260
1071
 25303744
 70
    25
 70
   104
 10
0.0
 20
1.500000000757236
 30
0.0
 10
0.0
 20
1.500000000757236
 30
0.0
 10
0.0
 20
0.0
 30
-1.0
  0
XRECORD
  5
1B6E7
102
{ACAD_REACTORS
330
1B6E5
102
}
330
1B6E5
100
AcDbXrecord
280
     1
1071
  6895636
1071
  9291323
 70
    25
 70
   104
 40
0.0
  0
XRECORD
  5
1B6E8
102
{ACAD_REACTORS
330
1B6E5
102
}
330
1B6E5
100
AcDbXrecord
280
     1
1071
 18597260
1071
 25303744
 70
    25
 70
   104
 10
0.0
 20
0.0
 30
0.0
 10
0.0
 20
0.0
 30
0.0
 10
0.0
 20
0.0
 30
-1.0
  0
XRECORD
  5
1B6E9
102
{ACAD_REACTORS
330
1B6E5
102
}
330
1B6E5
100
AcDbXrecord
280
     1
1071
  6895636
1071
  9291323
 70
    25
 70
   104
 40
0.0
  0
XRECORD
  5
101C959
102
{ACAD_REACTORS
330
101C958
102
}
330
101C958
100
AcDbXrecord
280
     1
1071
 18597260
1071
 25303744
 70
    25
 70
   104
 10
0.0
 20
1.500000000757236
 30
0.0
 10
9.0
 20
1.500000000785582
 30
0.0
 10
0.0
 20
0.0
 30
-1.0
  0
XRECORD
  5
101C95A
102
{ACAD_REACTORS
330
101C958
102
}
330
101C958
100
AcDbXrecord
280
     1
1071
  6895636
1071
  9291323
 70
    25
 70
   104
 40
0.0
  0
XRECORD
  5
101C95B
102
{ACAD_REACTORS
330
101C958
102
}
330
101C958
100
AcDbXrecord
280
     1
1071
 18597260
1071
 25303744
 70
    25
 70
   104
 10
0.0
 20
0.0
 30
0.0
 10
0.0
 20
-0.5
 30
0.0
 10
0.0
 20
0.0
 30
-1.0
  0
XRECORD
  5
101C95C
102
{ACAD_REACTORS
330
101C958
102
}
330
101C958
100
AcDbXrecord
280
     1
1071
  6895636
1071
  9291323
 70
    25
 70
   104
 40
0.0
  0
XRECORD
  5
1B7B2
102
{ACAD_REACTORS
330
1B7B0
102
}
330
1B7B0
100
AcDbXrecord
280
     1
1071
 82437801
1071
112294725
 70
    25
 70
   104
 10
0.0
 20
0.0
 30
0.0
  0
XRECORD
  5
1B7B3
102
{ACAD_REACTORS
330
1B7B0
102
}
330
1B7B0
100
AcDbXrecord
280
     1
1071
  6895636
1071
  9291323
 70
    25
 70
   104
 40
0.0
  0
XRECORD
  5
1B7B1
102
{ACAD_REACTORS
330
1B7B0
102
}
330
1B7B0
100
AcDbXrecord
280
     1
1071
 18597260
1071
 25303744
 70
    25
 70
   104
 10
-2.05
 20
0.0
 30
0.0
 10
-2.05
 20
0.0
 30
0.0
 10
0.0
 20
0.0
 30
-1.0
  0
XRECORD
  5
1B8FE
102
{ACAD_REACTORS
330
1B8FD
102
}
330
1B8FD
100
AcDbXrecord
280
     1
1071
 18597260
1071
 25303744
 70
    25
 70
   104
 10
0.0
 20
5.999999999999772
 30
0.0
 10
29.0
 20
5.999999999999772
 30
0.0
 10
0.0
 20
0.0
 30
-1.0
  0
XRECORD
  5
1B8FF
102
{ACAD_REACTORS
330
1B8FD
102
}
330
1B8FD
100
AcDbXrecord
280
     1
1071
  6895636
1071
  9291323
 70
    25
 70
   104
 40
0.0
  0
XRECORD
  5
1B9E1
102
{ACAD_REACTORS
330
1B9DF
102
}
330
1B9DF
100
AcDbXrecord
280
     1
1071
  6895636
1071
  9291323
 70
    25
 70
   104
 40
0.0
  0
XRECORD
  5
1B9E0
102
{ACAD_REACTORS
330
1B9DF
102
}
330
1B9DF
100
AcDbXrecord
280
     1
1071
 18597260
1071
 25303744
 70
    25
 70
   104
 10
2.000000000000455
 20
0.0
 30
0.0
 10
2.000000000000455
 20
-9.000000000000001
 30
0.0
 10
0.0
 20
0.0
 30
-1.0
  0
XRECORD
  5
1BC7A
102
{ACAD_REACTORS
330
1BC79
102
}
330
1BC79
100
AcDbXrecord
280
     1
1071
 18597260
1071
 25303744
 70
    25
 70
   104
 10
0.0
 20
5.999999999999772
 30
0.0
 10
71.87983726608971
 20
5.999999999999772
 30
0.0
 10
0.0
 20
0.0
 30
-1.0
  0
XRECORD
  5
1BC7B
102
{ACAD_REACTORS
330
1BC79
102
}
330
1BC79
100
AcDbXrecord
280
     1
1071
  6895636
1071
  9291323
 70
    25
 70
   104
 40
0.0
  0
XRECORD
  5
1BC82
102
{ACAD_REACTORS
330
1BC81
102
}
330
1BC81
100
AcDbXrecord
280
     1
1071
 18597260
1071
 25303744
 70
    25
 70
   104
 10
0.0
 20
5.999999999999772
 30
0.0
 10
71.8798372663031
 20
5.999999999999772
 30
0.0
 10
0.0
 20
0.0
 30
-1.0
  0
XRECORD
  5
1BC83
102
{ACAD_REACTORS
330
1BC81
102
}
330
1BC81
100
AcDbXrecord
280
     1
1071
  6895636
1071
  9291323
 70
    25
 70
   104
 40
0.0
  0
DICTIONARY
  5
3AF1
330
3AED
100
AcDbDictionary
280
     1
281
     1
  3
AcMapDMSurrogateStyleSets
360
3AF2
  0
ACAD_PROXY_OBJECT
  5
3AF0
330
3AED
100
AcDbProxyObject
 90
      499
 91
      565
 95
  8192031
 70
     0
162
                 0
161
                11
310
404C
340
3AEE
330
3AEA
 94
        0
  0
ACAD_PROXY_OBJECT
  5
3AF2
102
{ACAD_REACTORS
330
3AF1
102
}
330
3AF1
100
AcDbProxyObject
 90
      499
 91
      566
 95
  8192031
 70
     0
162
               138
311
42134018401C000800108018401CC019400C
161
               110
310
405013FFFFFFFFFFFFBDFE80D018
330
3AF0
 94
        0
  0
ENDSEC
  0
SECTION
  2
ACDSDATA
 70
     2
 71
     8
  0
ACDSSCHEMA
 90
        0
  1
AcDb_Thumbnail_Schema
  2
AcDbDs::ID
280
    10
 91
        8
  2
Thumbnail_Data
280
    15
 91
        0
101
ACDSRECORD
 95
        0
 90
        1
  2
AcDbDs::TreatedAsObjectData
280
     1
291
     1
101
ACDSRECORD
 95
        0
 90
        2
  2
AcDbDs::Legacy
280
     1
291
     1
101
ACDSRECORD
  1
AcDbDs::ID
 90
        3
  2
AcDs:Indexable
280
     1
291
     1
101
ACDSRECORD
  1
AcDbDs::ID
 90
        4
  2
AcDbDs::HandleAttribute
280
     7
282
     1
  0
ACDSSCHEMA
 90
        1
  1
AcDbDs::TreatedAsObjectDataSchema
  2
AcDbDs::TreatedAsObjectData
280
     1
 91
        0
  0
ACDSSCHEMA
 90
        2
  1
AcDbDs::LegacySchema
  2
AcDbDs::Legacy
280
     1
 91
        0
  0
ACDSSCHEMA
 90
        3
  1
AcDbDs::IndexedPropertySchema
  2
AcDs:Indexable
280
     1
 91
        0
  0
ACDSSCHEMA
 90
        4
  1
AcDbDs::HandleAttributeSchema
  2
AcDbDs::HandleAttribute
280
     7
 91
        1
284
     1
  0
ACDSRECORD
 90
        0
  2
AcDbDs::ID
280
    10
320
11167
  2
Thumbnail_Data
280
    15
 94
     1716
310
89504E470D0A1A0A0000000D4948445200000100000000B20802000000226586FB0000067B4944415478DAEDDD3B72A34A1480E1964B81B723C5A2CAB194CD2E9C78050EEF0A269915CC12E478AA502C6D67326EC01863D003498068F8FE52B9B01E089AF3F7E907A0D9FB8FDF01982AF310C29FBFBF140426C8CBF3EB9352
310
C09421000800100098682718DDB1FB482BCFACD649FDC9E2A5CA47F26720038C5989A326087D028C843C942B015DFC5BBC5A7E432149135B4080F87C10D90361F6FEE3B789304C9397E7D7AE3AC1E976572C279B55F9DF3AF91B92CD6AC4655D9440BE9BF9BFE592A994D2B84B633805D5531328DFCA537F471FFDF5035CD9
310
F1721530D9D07F48413DF5B933A7FE5E4C11233EBA45399497457F6F05D5771F6052953D061E364E86C3D42100080010A01F740030A8B0910120030004000800100020004000800000010002000400080010002000400080000001000200040008001000200040008000000100020004000800100020004000800000010002
310
0004003A607ECF87CFFC52B1DF02435B1C0DB3CA8FABDF1C6F3200A2A18B5A9500184F5A68A709B4DBA62184D526B9D6C88E7ECF1E2AFEFB93C0A9A89ED7DF545F6EC82C84B0FDB7DCC41F55D703537F74DC10904D34F826C0CD51ABEEEF2EA0DBCAF5B1D351953A6F6B4595E3C40744814E30264D3B19407DDF456740A9CA
310
0013EA090877024C3A039C4F08BB6D5A1906A93F83477682CB47B198A69E66AD966ED3E473C8A2BC7C4F0B271F03D96DD3CA02640060600218BAC6449B40036FF3FCFCEF676FADA0D35FBABCB68228D6B014B04316A0DC309D7623757638ECF3A5C56219C2BEFC5AF112F4011096CB8542185606C8D377B249EA171C9CCADD
310
C6B0457FFF14D1784F703E5542BF68BCA6DB34844CD7B653F6FB834268A5C37973703E7D5F63520C5A279B243FC119985613A8E4C0B9B9FA184F817E7B7FEB25357F7D5179F928AB75787B6FBC6A53BF2792C0CDC1397BFFF1FBCFDF5FC70FE4C77569659665D96C565FFE4656F9CC180F4B56DAAFACCD7D2C4AF564F136D9
310
B688CA3F6B675393F571195E9E5FE7377CACE1478E7F7CF3BDB996F5DA81EE671E60119687FDBEBEDC4E9DF759AA0D8FCE853B77AC87DEC1ED7A531F300C7A2A6D45CAE28B65FE68FD2B968BC5FDA51D57E1E79BD7C346CE1FB57BA319533A1C0EB90637CC7015C3A0178783EE71E0A21583CD007923BCD3AD9D3F50F1F463
310
EA5712E7717F7136607FF8D2E3EDBE703F7376EAD03240FAB14BD6ABB0196306285AB1FF7672C22C978BABAAFFDB0AEB33DF6621CCD26D04A9A0B7C0983F58F4F81D587C4667B9F5DFB03994D7FD4D1CC893C0550DA17A2333D9242144D0F8EC3324CE0D838E7287FB69BF16356BBBB3250D2F88A95F8D543E6BA0955B6A8E
310
23185E9E5F0721406832E710D100F610E601B2336BE978DFEFFBAE3EABC20BF3003DB7852EBCE3A11308D7C91CBEEAB0F272BB05555F6DA56AAFD7FAFF4AACB3B1FF3CDD7D3B476DA8F30C05319D0E3DB20984EECAA7F24C1E97FD145AD1E48BE5183DC5788C473387B0FB48F347078198F61CFAA5A393465443C577414CB2
310
5985908D2309ACD649EB85F3593E499FA15FEE0424515D0918E51561C92649C7725E64EB0EA4DB5D7E3153F1E8AFF313C92C5BF4028CC681D6DB3F958BA47AEDFA4718FD21EA6B8247E0C06A9DE48F76A3BFFF3E52A4D11F063211767F6F6F68A55A1A0F9F9D1D93BF71BDC7565A1972CFFADCE148A37F40F3008F2AFA6393
310
A6E9DDEB0CA55B23B61A1CC5B61DD9C84A9B27B9A12AC9D739A9DB5ABA2DCA4852B926E56DCC05BDE8AF39303BD5652FBA2E0418CD215F7510FD59F994E31B5A23C7E3AF767BF42EEEBD976C92747B6E2C7F4CD1AF09D455DD9FDF60A6C575E6E15E447CBEDCD1EF039C6A0BE5A1DFC5BC3501B47C2E70B4B2EFEEEEAB471D
310
B818FA317621E6A23FF14B13A71D2817CEC81A3F04E82AFACBEB8CDAAE298C0BCD453F1ACADCA448F501443F08F0089A8F4E88FE21A48B9134818EDD7AE0DB352B17EF8155BFC6E5864978D18FA164806B4F45ACBFBFBB9319453FDA14A0954ECFA92B59453F2268029D09D633D7B0D7EF967367D05F1CA216FDE8A80F909E
310
7EE9FC07F5CF30860C20B0A0130C4C5000D53F640080000001000200040008001000200040008000000100020004000800100020004000800000010002000400080010002000400080000001000200040008001000200040008000000100020004000800100004000800100020004000800000010002000400080010002000
310
40008000000100020004000800100020004000800000010002000400080010007814F310C2CBF3AB82C034F91F43BC0EAC218AA8F50000000049454E44AE426082
  0
ACDSRECORD
 90
        0
  2
AcDbDs::ID
280
    10
320
101C17B
  2
Thumbnail_Data
280
    15
 94
     3039
310
89504E470D0A1A0A0000000D49484452000000B40000010008030000002D3FACD700000300504C5445FFFFFF000000C8C8C80000000000000000000000000000000000000000000000000000330000660000990000CC0000FF0033000033330033660033990033CC0033FF0066000066330066660066990066CC0066FF0099
310
000099330099660099990099CC0099FF00CC0000CC3300CC6600CC9900CCCC00CCFF00FF0000FF3300FF6600FF9900FFCC00FFFF3300003300333300663300993300CC3300FF3333003333333333663333993333CC3333FF3366003366333366663366993366CC3366FF3399003399333399663399993399CC3399FF33CC00
310
33CC3333CC6633CC9933CCCC33CCFF33FF0033FF3333FF6633FF9933FFCC33FFFF6600006600336600666600996600CC6600FF6633006633336633666633996633CC6633FF6666006666336666666666996666CC6666FF6699006699336699666699996699CC6699FF66CC0066CC3366CC6666CC9966CCCC66CCFF66FF0066
310
FF3366FF6666FF9966FFCC66FFFF9900009900339900669900999900CC9900FF9933009933339933669933999933CC9933FF9966009966339966669966999966CC9966FF9999009999339999669999999999CC9999FF99CC0099CC3399CC6699CC9999CCCC99CCFF99FF0099FF3399FF6699FF9999FFCC99FFFFCC0000CC00
310
33CC0066CC0099CC00CCCC00FFCC3300CC3333CC3366CC3399CC33CCCC33FFCC6600CC6633CC6666CC6699CC66CCCC66FFCC9900CC9933CC9966CC9999CC99CCCC99FFCCCC00CCCC33CCCC66CCCC99CCCCCCCCCCFFCCFF00CCFF33CCFF66CCFF99CCFFCCCCFFFFFF0000FF0033FF0066FF0099FF00CCFF00FFFF3300FF3333
310
FF3366FF3399FF33CCFF33FFFF6600FF6633FF6666FF6699FF66CCFF66FFFF9900FF9933FF9966FF9999FF99CCFF99FFFFCC00FFCC33FFCC66FFCC99FFCCCCFFCCFFFFFF00FFFF33FFFF66FFFF99FFFFCCFFFFFF0000000D0D0D1A1A1A2828283535354343435050505D5D5D6B6B6B787878868686939393A1A1A1AEAEAEBB
310
BBBBC9C9C9D6D6D6E4E4E4F1F1F1FFFFFF000000000000000000000000000000000000000000000000000000000000B0E2D2350000027A4944415478DAEDDC6B52EA401006D0DEC15D89FBDF4FFFA45884469249445E57651EE18C555440A18EC3D73D936019C701471CF3631C0E43DDC631061C03A2F3231ED0D07B4287EE
310
211ED0D0BA47EFF1F837C0E81CFDF620BAABB7FEEDC2637DA0A7D38F2C07EB98D09BE36BE880AE846E9CE90BE8C7337DFEE4CDEDDDF1F78578FEA29DA1BFBF46BFE8F2B49FA103BA127AD842B4F778C6D8053AA0C5031A5AF7100F686885A87B40B743677BF4744699FFA5CB0E0AF184FE3C1D5E4EC867D97CFCF98DE5703A
310
3ADD6DDB3D66C669D657DD7C132BB521FA5B3C727321F674FF34B7CB1596CC32D3CB9CE7B373F25021A696076DEF211E2F8FCEC77A62D646DF5ADAF29E2B6BA1E3C28629CB023E7F65D96A2C6B622CFB928CF223CB4A393FBF22BAEC39A26C30CA9A1D654D5FBE97EB0E6BDD93942D56D54CAF7BBCC5B69DBBFC3AD39BBDEC
310
76A6DB16625ECF7185AD923E6D19B7F780865688D0320DAD7B408BC70DF4DF9F33D544F7F0177BBB4007B4786879E3B5BC6CF1DBFCB610A15F2A1EBB427FD10F37D3239D049CC5E3C284C785BBF19C776317E88486FE75CB1BA31087BCEE7165451C726B0A0DDD3DDA55D3AE4F026A47061AFAD997107A450FD93DF6DEF29E
310
9F17E856E8806E1C0F2DAF59219E7DAC153597C75DA0035A3C5E04BDD35DDEBD8FF6BB5CC6A15F201ED0ADD1435E80DCC1C7CC37CF5FE2D1872B671A1A7A1CB4CF5C5C428086D63DC4031A5A21EA1ED0D00A115AA6A1750F68998686D63DC4031A5AF7100F686885A87B40432B44689986D63DA0651A1A5AF7100F686885A8
310
7B40432B44DD031A5AF780966968DD035A3CA0A1750FF180865688BA0734B442D43DA0A1F7D33D06189987C3F43FD5E6DB380E38DE0195AB912339E0F7C20000000049454E44AE426082950000000049454E44AE42608244AE4260821B3816F3304D2DFC2A8F6CD11F731B2B97AD799C5AC2D0047A317F52F127B4507B44E6
310
C09AC6BD9939D3B83F73132B979DB98195CB815972C8A3D2C98853D81E9A59D3F8FEC9293F638AA08FCD8C7A7AAC29E2EFA8DE205A8BD390FCCDCE525BD35A92507CB7B84809612D5BF2661E7A2E94B7755D5467A7B576545A535A66A7053651528B13AB9F397F06157268DAB8931D81D232FB0CBDBE3B797376E512C2199A
310
A2054AD81CD8F4F4FAAE6D5F74FCBC1BF4B93930D14BF4CE019AECA5F8C56D633A2EB3D3772A8DE94D4F5F986FCC8894194ED2754C69917A65AE4713D7102FBF65CC4EA7F16BB3CF82296376B972C9993DAE5CB26687E19137FB4333CCEED01CB3B7218F6576367AF0CCBED04CB3AB98E69A3DC534DBECA8A7F9663FE802B3
310
9B69BCC4EC65F42832FB088FA1CCEC02CD823A9BC68BCD0E7ABADC6C9F881566F321AFC66C1D1E556663749DD9165D69361DF26ACD96A347B5D9105D6FB68BE919F0DE949ACD62FA8ED9AAA76F998DD091995B4A477B6C12F1A6D9047DD76C111EB7CD06E8FB667DB480591D2D61D64E4411B3325AC6AC1B1E426655B49459
310
132D665644CB99F512F1DC9CEE6198D5D097E6A1CCAC151ED7E650665642CB9A75D0C26615B4B4592311C5CD0A6879333E3C58E6D309C7068D30A3D11033188D316313B1C4BCAF406CD02833323C6066201A67C6A18166181A69462562A579F96981C69A31E1013643631A6546A1A166101A6BC62422D80C41A3CD88F0809B
310
0168BC591EAD6016476B985189083523D070332611C1664822A2CD8844849B61E18134CB27A282591CAD61064DE35833661A079B21D338DA0C2A4DB166C0348E37C3863CA419B872C199712B17A019760A0169469D16839A412B17AC1977B20668D63801B9310B34FC09487933F8D32D8C19FBE916C8ACF1E1A7B8197DBD07
310
C4DCC4FF4CD8D11DED28113BBAC77447F7D1A3A37B4C777447F7D1A387C77F87F6DFF6E886DACAEF6834FAD9D11DFD6DE8777BBD5ADAB630A5ECDA3F87F25E4D0F3FFFA00000000049454E44AE426082C88A5A0000000049454E44AE42608282FDD58B2C02005B008070839D053708E54F98C8E8052C00700D4003D0003423
310
D800341568001A00982C81612FF0EDCB0F80A54278018365540137E602587C6D12D0003400C68B7900FF017894E73EADE3925A0000000049454E44AE426082DFE6FF0720771FE4D87A82522AAD9EA07A03728ACE312C36AA4F89C5E1F05F01C0E623E83294D7D0B18D0540B2DED899D3BECE1C5B811792A26DEBF68F6600FC
310
DBF35B2B0112CD846670088079C956587185513F2D000057A09D2645630918E70262259825A0D91F6D0A68185587B700C0A37D4F9500D9A44C201B4254C4B003A07A19FA58E0FBF7FDBB64B6E60070BD3923E7D685150707C06E95754DCBEC3EC3590088046C2C01C7F93D7D86005E89066BED17CB8620405715AE3FC36637
310
1358D37F57020C00898CD10260FFFF1C35BBC280FA5906B05C18194DB79D562842164B405E0518FCBFC0580278ADCB8CFAA8D9C402F900528BE51D553D008800940A1C4A02761F25159D88974DA1DCA35C18BE9600CED8DDD4017227F9BC5801C0B10003A01CD1F1A72F8CC412B09BFF176000772560A0038EE3E818E05007
310
0C65AF3871D555CA7B274BA467AC4050FA584B8B8303D06F9BAD00BC47AD9BA371DB5AF1B809E032A54F600188BFD4C602D69E3700661B25111C804B1D002D030825206CCE30DE01609302DE15CE3D8E36122EF82E249BD23246941DDA8B4AD0E980563C8AC52BDB1550DDC3ED3680252DFD5CEBEB026FD401FDAF92691800
310
F8DCFF36F71F47B29729A40CDD960000000049454E44AE426082454E44AE42608206101B7B6D08C0911E86C64AB05602A0AA9E3CAE98A002184A00CFB60E5440720F4FE3739B4CA0C6522B536FC70DA4F3E845700DE0910D6821349FDE4987DF290D802301E0D140D60B1B402F05283C72BE54DEDF01706F7AFC2D00C5E2CB
310
5008CB60396C0140650300FBF7D7366024015F0CC032E396F40E0088292405A2DA4705C08E829C53F1519CAAFA5E09B8FF9981035CDA00E33B7C436E3C4400EE770580CF01340221017C6DD972A6AF3C286E5C8C0BCCB75D73FC6D007EF97FA1F13F3292DDEA49EA2E750000000049454E44AE426082
  0
ACDSRECORD
 90
        0
  2
AcDbDs::ID
280
    10
320
101C198
  2
Thumbnail_Data
280
    15
 94
     3039
310
89504E470D0A1A0A0000000D49484452000000B40000010008030000002D3FACD700000300504C5445FFFFFF000000C8C8C80000000000000000000000000000000000000000000000000000330000660000990000CC0000FF0033000033330033660033990033CC0033FF0066000066330066660066990066CC0066FF0099
310
000099330099660099990099CC0099FF00CC0000CC3300CC6600CC9900CCCC00CCFF00FF0000FF3300FF6600FF9900FFCC00FFFF3300003300333300663300993300CC3300FF3333003333333333663333993333CC3333FF3366003366333366663366993366CC3366FF3399003399333399663399993399CC3399FF33CC00
310
33CC3333CC6633CC9933CCCC33CCFF33FF0033FF3333FF6633FF9933FFCC33FFFF6600006600336600666600996600CC6600FF6633006633336633666633996633CC6633FF6666006666336666666666996666CC6666FF6699006699336699666699996699CC6699FF66CC0066CC3366CC6666CC9966CCCC66CCFF66FF0066
310
FF3366FF6666FF9966FFCC66FFFF9900009900339900669900999900CC9900FF9933009933339933669933999933CC9933FF9966009966339966669966999966CC9966FF9999009999339999669999999999CC9999FF99CC0099CC3399CC6699CC9999CCCC99CCFF99FF0099FF3399FF6699FF9999FFCC99FFFFCC0000CC00
310
33CC0066CC0099CC00CCCC00FFCC3300CC3333CC3366CC3399CC33CCCC33FFCC6600CC6633CC6666CC6699CC66CCCC66FFCC9900CC9933CC9966CC9999CC99CCCC99FFCCCC00CCCC33CCCC66CCCC99CCCCCCCCCCFFCCFF00CCFF33CCFF66CCFF99CCFFCCCCFFFFFF0000FF0033FF0066FF0099FF00CCFF00FFFF3300FF3333
310
FF3366FF3399FF33CCFF33FFFF6600FF6633FF6666FF6699FF66CCFF66FFFF9900FF9933FF9966FF9999FF99CCFF99FFFFCC00FFCC33FFCC66FFCC99FFCCCCFFCCFFFFFF00FFFF33FFFF66FFFF99FFFFCCFFFFFF0000000D0D0D1A1A1A2828283535354343435050505D5D5D6B6B6B787878868686939393A1A1A1AEAEAEBB
310
BBBBC9C9C9D6D6D6E4E4E4F1F1F1FFFFFF000000000000000000000000000000000000000000000000000000000000B0E2D235000002294944415478DAEDDD496EC240100550DF806364C5FDEFE325F22142A448210C960C76BB7EFBD5020536794435754782610A8C611AAF71B9443D0ED3101881E8F19A1ED0D03DA187F0
310
EE71AA1F8FE9712AF5B73C3F79AD3E7AFC0DE81DD1B7851893D377E8F149EC87BEFFE52FD2031A3A1E1D598865778F73E2EE3124EE1ED015D065778FEED033E9F1BF598F055A3834F467851889365CA07B43BF28BD1D8B7169F7803E647A1C02BD20F6697965D173631C3A243DD67F5BD0D0EE3DECD3055B1E742FE84DC638
310
B42B848C9617829E7956768C77816EDC2BD6490F68E8A5E8C84284EE393DBA47DB3DEC1ED2031A5A21EA1E33FB74BB710E0DBDE12120F2DE23B27B40431BE3760FFB34F4F6BB478B6EB8E2BF2FA0FB4D8F43A12D4C4E2E56536868870027977EF669E81ED1AB1D0232D09185080D5D136DF7B07B4043EB1E4B16A6C8430034
310
F42D3AB210A10F931EDDA3ED1E760FE9017DF0FBE9C8430074D7E9F1093AB210A15B1522B48908EDE4025D2C3D12EFF2A00F877E6F8CD7EF1E5FE5D0EFADA6D0D0C6783B74E247CF950B68E80F0B115A4E77FF51CED06DC638B49C9E45EFF2E500D03BA237FC6A94687464214243377917FB758FA3A223D3C3710BBA452142
310
B7EA1ED04DFB3474AB310EBD6D7A44DE7B40B7ED1E89631CBAC7F47008807EB310A11BA5C75F5F189FFD58736182869E29C448B4E1020D6D8CEB1ED0D00A115A4E43EB1ED0723A0B5D3F1ED149310DD02D22323DA0A1E70BF1E7BAF372897A1CA6C0F8065FCFD0933787BF820000000049454E44AE426082608258ABE8F84D
310
D07DA1333B02F436C4693FC5B8ABC27F7C17A2E3F5D00C9D36AB464FECB959774DCFE342843E24A617CC4E7B4334D77B74987B80066D0EDDDF271715053468D0A04183060D1A3468D0A04183060D1A3468D0E32BD29B81813E259A736CA593553FE1ECFE7DFB728F9F5C589DE5FB7B33171FF49D58C2F33874C141E76AD0B1
310
DB404DBB49EC0AEFEFD8B821A6D13A1BE2D777C1D6D87BC8D1F2FF0DF4B698EE02DD3CA675A27B3E1479B09430DDBBEB57C75DA2A9318CCBD04302FDE656891E66351D8F981AD14385DEA375431C4423A28E8638387BE8317CABA01B0EE343A5986E89BE9BCDA0EBDFFB828489CBBF803E05DA4099A12D15D0A04183DE8ABE
310
2532974BB0F498B93E86DEF20B6CD2D931A83F914F0000000049454E44AE42608231F4C61707A3D92EB16948440000000049454E44AE42608282867EC54AF51C31FFED163CEA4189265E6852094DA40F3AA31EC13DFE1E4DAC896DEAFE1E3D23CD0C5DD1691200BDDA7B243E09401F03AD513D441AE25420C87FF785B5CF7E
310
CBF9DD171D9B7364AA47ED4C1AA123F551004D8546C91526514940D7A53F4063E984F462CD0F41BBD62BFA5AD67B88805E9DD822F6E8858E6FAA0EE843A06D6A793D77013275A6C5E60B2BAB58D39023B28F744F622B13BA724F5B91D0E20DF1D4DE03D0A3D4C316043A0D684901D35E498084BA479074C84E021AA16565E3
310
1AA14F556112236BBC07A0F78056A91E800634BC07D403D0808621C27B001AD03044780F40031ADE03D0D069A1D0F22586D6247703E811A2523D000DE8B2213EAFBCDD6EAA8EE6AE50FE01129B3AC0064A582A0000000049454E44AE4260824F490C3A1F0A8B07701E05BA3581F06D74D63B797E010CA5BF61A2A95CA07B27
310
281E00DCB865E6D915218A5873D27545483200AD0869452816C0E95770F7392F10910E77920BC81A07248C04513880A8EFBCEC241B44AE2234EC3B263A8F029E59E04E3500D82F5941892600EA0314807FEFB0DD54036456845076450864CC0B9CDCFB46462E1075F31FAD0809AA0895F1420D470149004026005200C24D40
310
01A8135400EA0415803A4105A04E5001A813D428A0001480F828F0911E053E7FC59BD59D1AE2AD28F03DAAC0A066B37CC0F2B545D27E9B1A20B4290005F099DC9FE4261EC03FD84FC4C1624C3DE50000000049454E44AE4260820DE60730B7BBFDD58B2C02005B008070839D053708E54F98C8E8052C00700D4003D0003423
310
D800341568001A00982C81612FF0EDCB0F80A54278018365540137E602587C6D12D0003400C68B7900FF017894E73EADE3925A0000000049454E44AE426082DFE6FF0720771FE4D87A82522AAD9EA07A03728ACE312C36AA4F89C5E1F05F01C0E623E83294D7D0B18D0540B2DED899D3BECE1C5B811792A26DEBF68F6600FC
310
DBF35B2B0112CD846670088079C956587185513F2D000057A09D2645630918E70262259825A0D91F6D0A68185587B700C0A37D4F9500D9A44C201B4254C4B003A07A19FA58E0FBF7FDBB64B6E60070BD3923E7D685150707C06E95754DCBEC3EC3590088046C2C01C7F93D7D86005E89066BED17CB8620405715AE3FC36637
310
1358D37F57020C00898CD10260FFFF1C35BBC280FA5906B05C18194DB79D562842164B405E0518FCBFC0580278ADCB8CFAA8D9C402F900528BE51D553D008800940A1C4A02761F25159D88974DA1DCA35C18BE9600CED8DDD4017227F9BC5801C0B10003A01CD1F1A72F8CC412B09BFF176000772560A0038EE3E818E05007
310
0C65AF3871D555CA7B274BA467AC4050FA584B8B8303D06F9BAD00BC47AD9BA371DB5AF1B809E032A54F600188BFD4C602D69E3700661B25111C804B1D002D030825206CCE30DE01609302DE15CE3D8E36122EF82E249BD23246941DDA8B4AD0E980563C8AC52BDB1550DDC3ED3680252DFD5CEBEB026FD401FDAF92691800
310
F8DCFF36F71F47B29729A40CDD960000000049454E44AE426082454E44AE42608206101B7B6D08C0911E86C64AB05602A0AA9E3CAE98A002184A00CFB60E5440720F4FE3739B4CA0C6522B536FC70DA4F3E845700DE0910D6821349FDE4987DF290D802301E0D140D60B1B402F05283C72BE54DEDF01706F7AFC2D00C5E2CB
310
5008CB60396C0140650300FBF7D7366024015F0CC032E396F40E0088292405A2DA4705C08E829C53F1519CAAFA5E09B8FF9981035CDA00E33B7C436E3C4400EE770580CF01340221017C6DD972A6AF3C286E5C8C0BCCB75D73FC6D007EF97FA1F13F3292DDEA49EA2E750000000049454E44AE426082
  0
ACDSRECORD
 90
        0
  2
AcDbDs::ID
280
    10
320
1B843
  2
Thumbnail_Data
280
    15
 94
     3039
310
89504E470D0A1A0A0000000D49484452000000B40000010008030000002D3FACD700000300504C5445FFFFFF000000C8C8C80000000000000000000000000000000000000000000000000000330000660000990000CC0000FF0033000033330033660033990033CC0033FF0066000066330066660066990066CC0066FF0099
310
000099330099660099990099CC0099FF00CC0000CC3300CC6600CC9900CCCC00CCFF00FF0000FF3300FF6600FF9900FFCC00FFFF3300003300333300663300993300CC3300FF3333003333333333663333993333CC3333FF3366003366333366663366993366CC3366FF3399003399333399663399993399CC3399FF33CC00
310
33CC3333CC6633CC9933CCCC33CCFF33FF0033FF3333FF6633FF9933FFCC33FFFF6600006600336600666600996600CC6600FF6633006633336633666633996633CC6633FF6666006666336666666666996666CC6666FF6699006699336699666699996699CC6699FF66CC0066CC3366CC6666CC9966CCCC66CCFF66FF0066
310
FF3366FF6666FF9966FFCC66FFFF9900009900339900669900999900CC9900FF9933009933339933669933999933CC9933FF9966009966339966669966999966CC9966FF9999009999339999669999999999CC9999FF99CC0099CC3399CC6699CC9999CCCC99CCFF99FF0099FF3399FF6699FF9999FFCC99FFFFCC0000CC00
310
33CC0066CC0099CC00CCCC00FFCC3300CC3333CC3366CC3399CC33CCCC33FFCC6600CC6633CC6666CC6699CC66CCCC66FFCC9900CC9933CC9966CC9999CC99CCCC99FFCCCC00CCCC33CCCC66CCCC99CCCCCCCCCCFFCCFF00CCFF33CCFF66CCFF99CCFFCCCCFFFFFF0000FF0033FF0066FF0099FF00CCFF00FFFF3300FF3333
310
FF3366FF3399FF33CCFF33FFFF6600FF6633FF6666FF6699FF66CCFF66FFFF9900FF9933FF9966FF9999FF99CCFF99FFFFCC00FFCC33FFCC66FFCC99FFCCCCFFCCFFFFFF00FFFF33FFFF66FFFF99FFFFCCFFFFFF0000000D0D0D1A1A1A2828283535354343435050505D5D5D6B6B6B787878868686939393A1A1A1AEAEAEBB
310
BBBBC9C9C9D6D6D6E4E4E4F1F1F1FFFFFF000000000000000000000000000000000000000000000000000000000000B0E2D235000003B74944415478DAED9D4172AB30104475839C44F7DFFD93B0D2D2C52637F8B1E3D8180B790423A96768C565575CE07A053D332D2141980DB630A79F76B9987A0F7330D80C42A71F7910
310
9AD09EA083F1ECF185DFDEE5F105752C63E63B7CE8746F841E08BD0C44339A5E41A7AD1632FF2EBE6B03BDFEE10D79109AD0E6A14D06624BEF11D577EE505CA2F60FFA814E9F5B1DF4C11F7005FD923D08DD491E11BD55678FD82C7BC4EC3FD2EE56F104C6FA33FD9487CCEEA7C73ECF6FFD402F03D18CA6C5DD2D544D0B4F
310
A238754559E25C6EB69207A191A0FF6DB75DD0AD342D0FC4FAB24E68154DDB8006CDD37479C88158D27794A9BF90A757BB99863E9A3DFC41A3E6E9127B1FE869BB41416B062220B4879E8BC08210DA15348710E0529E14BAB68C674698F4CA38A1D1A09153DED840DC699880B38749EF416842DB2BE3344C80C56547194F82
310
CD32657CB92BA18D40E394F1F74961CB413693DE03089A1591D09EBD070D13C625B9946A47A82D5DBE7842CBF27AF14211A1874237B8E6D25ED32FD0A545CF2C2E842634BD87AF51531AA6131B2647D04DBDC77868D4E252085C564442B38C13DA99A66998CE3CC2D47CD237A175E630A1A6BCE27420E6697A0F42531E27F2
310
1E26E5817AF902B18CE766D6988486B7A6C7A05103B174F0585CE83DE83D084DC3041E88032AA22B6868EFE1CA4FDBCFD3A57B6CB38CD37B109AD0F60DD37956E88BD7B9542E830AA1DF7420428F87EE91F28AD381762CEDEB1688312E3E62DC38D226B387C941759671429B28E367344C51E1E494F7295E091056C47CD526
310
B4A013F0479315D43B747E135BA3A6FD347DAC139075A25BD654787FDFBF2D32BB98863EE6A73D400FC9D3853594B8C565FEDE683370F62034E5E12D104D5A537FDE83D027D7F419A74EA81CE9A02B8F8FEEB21FB4E200E4C33E13DA8D3C8457028003315E87FE5F5E8F4F11F4BE492AC78FF40AFB7EBD050CFA251063CCBE
310
2236F42636B2A62D06A2BF324EE85E659CD07AF2F0D709406884EE0D2D0E444253D3842634B307E5416842337BDC1E2351F32C300C7910BA3734D7D8566EA6BDE0ECF6B897DFBFDF57F820A4FA27E71CB9BF470E67318B2A08277F3783CECB230537D0F7B9A472E8AE819897074E20EA3F051B2A7BEC8196AD1B3F0774DBE2
310
E202BA45205A84F6BC6464B264986EE9FA99B805341A65BC52D35306FA0A2BA61E003D853C34F2919E14B247EF9ECB545B110102710AF6A0AFCAD580EE59C627254DF784BE319B8156BF95330D13EF0E34B8634BE84ED0F8ED1DDA529B03A17B3493F22034A1CB81787532978BA9F7D2C36B61DB7F462999FC6E6ECF360000
310
000049454E44AE426082000049454E44AE42608246C91526514940D7A53F4063E984F462CD0F41BBD62BFA5AD67B88805E9DD822F6E8858E6FAA0EE843A06D6A793D77013275A6C5E60B2BAB58D39023B28F744F622B13BA724F5B91D0E20DF1D4DE03D0A3D4C316043A0D684901D35E498084BA479074C84E021AA16565E3
310
1AA14F556112236BBC07A0F78056A91E800634BC07D403D0808621C27B001AD03044780F40031ADE03D0D069A1D0F22586D6247703E811A2523D000DE8B2213EAFBCDD6EAA8EE6AE50FE01129B3AC0064A582A0000000049454E44AE4260824F490C3A1F0A8B07701E05BA3581F06D74D63B797E010CA5BF61A2A95CA07B27
310
281E00DCB865E6D915218A5873D27545483200AD0869452816C0E95770F7392F10910E77920BC81A07248C04513880A8EFBCEC241B44AE2234EC3B263A8F029E59E04E3500D82F5941892600EA0314807FEFB0DD54036456845076450864CC0B9CDCFB46462E1075F31FAD0809AA0895F1420D470149004026005200C24D40
310
01A8135400EA0415803A4105A04E5001A813D428A0001480F828F0911E053E7FC59BD59D1AE2AD28F03DAAC0A066B37CC0F2B545D27E9B1A20B4290005F099DC9FE4261EC03FD84FC4C1624C3DE50000000049454E44AE4260820DE60730B7BBFDD58B2C02005B008070839D053708E54F98C8E8052C00700D4003D0003423
310
D800341568001A00982C81612FF0EDCB0F80A54278018365540137E602587C6D12D0003400C68B7900FF017894E73EADE3925A0000000049454E44AE426082DFE6FF0720771FE4D87A82522AAD9EA07A03728ACE312C36AA4F89C5E1F05F01C0E623E83294D7D0B18D0540B2DED899D3BECE1C5B811792A26DEBF68F6600FC
310
DBF35B2B0112CD846670088079C956587185513F2D000057A09D2645630918E70262259825A0D91F6D0A68185587B700C0A37D4F9500D9A44C201B4254C4B003A07A19FA58E0FBF7FDBB64B6E60070BD3923E7D685150707C06E95754DCBEC3EC3590088046C2C01C7F93D7D86005E89066BED17CB8620405715AE3FC36637
310
1358D37F57020C00898CD10260FFFF1C35BBC280FA5906B05C18194DB79D562842164B405E0518FCBFC0580278ADCB8CFAA8D9C402F900528BE51D553D008800940A1C4A02761F25159D88974DA1DCA35C18BE9600CED8DDD4017227F9BC5801C0B10003A01CD1F1A72F8CC412B09BFF176000772560A0038EE3E818E05007
310
0C65AF3871D555CA7B274BA467AC4050FA584B8B8303D06F9BAD00BC47AD9BA371DB5AF1B809E032A54F600188BFD4C602D69E3700661B25111C804B1D002D030825206CCE30DE01609302DE15CE3D8E36122EF82E249BD23246941DDA8B4AD0E980563C8AC52BDB1550DDC3ED3680252DFD5CEBEB026FD401FDAF92691800
310
F8DCFF36F71F47B29729A40CDD960000000049454E44AE426082454E44AE42608206101B7B6D08C0911E86C64AB05602A0AA9E3CAE98A002184A00CFB60E5440720F4FE3739B4CA0C6522B536FC70DA4F3E845700DE0910D6821349FDE4987DF290D802301E0D140D60B1B402F05283C72BE54DEDF01706F7AFC2D00C5E2CB
310
5008CB60396C0140650300FBF7D7366024015F0CC032E396F40E0088292405A2DA4705C08E829C53F1519CAAFA5E09B8FF9981035CDA00E33B7C436E3C4400EE770580CF01340221017C6DD972A6AF3C286E5C8C0BCCB75D73FC6D007EF97FA1F13F3292DDEA49EA2E750000000049454E44AE426082
  0
ACDSRECORD
 90
        0
  2
AcDbDs::ID
280
    10
320
1B84E
  2
Thumbnail_Data
280
    15
 94
     3039
310
89504E470D0A1A0A0000000D49484452000000B5000001000803000000C2FDC7E900000300504C5445FFFFFF000000C8C8C80000000000000000000000000000000000000000000000000000330000660000990000CC0000FF0033000033330033660033990033CC0033FF0066000066330066660066990066CC0066FF0099
310
000099330099660099990099CC0099FF00CC0000CC3300CC6600CC9900CCCC00CCFF00FF0000FF3300FF6600FF9900FFCC00FFFF3300003300333300663300993300CC3300FF3333003333333333663333993333CC3333FF3366003366333366663366993366CC3366FF3399003399333399663399993399CC3399FF33CC00
310
33CC3333CC6633CC9933CCCC33CCFF33FF0033FF3333FF6633FF9933FFCC33FFFF6600006600336600666600996600CC6600FF6633006633336633666633996633CC6633FF6666006666336666666666996666CC6666FF6699006699336699666699996699CC6699FF66CC0066CC3366CC6666CC9966CCCC66CCFF66FF0066
310
FF3366FF6666FF9966FFCC66FFFF9900009900339900669900999900CC9900FF9933009933339933669933999933CC9933FF9966009966339966669966999966CC9966FF9999009999339999669999999999CC9999FF99CC0099CC3399CC6699CC9999CCCC99CCFF99FF0099FF3399FF6699FF9999FFCC99FFFFCC0000CC00
310
33CC0066CC0099CC00CCCC00FFCC3300CC3333CC3366CC3399CC33CCCC33FFCC6600CC6633CC6666CC6699CC66CCCC66FFCC9900CC9933CC9966CC9999CC99CCCC99FFCCCC00CCCC33CCCC66CCCC99CCCCCCCCCCFFCCFF00CCFF33CCFF66CCFF99CCFFCCCCFFFFFF0000FF0033FF0066FF0099FF00CCFF00FFFF3300FF3333
310
FF3366FF3399FF33CCFF33FFFF6600FF6633FF6666FF6699FF66CCFF66FFFF9900FF9933FF9966FF9999FF99CCFF99FFFFCC00FFCC33FFCC66FFCC99FFCCCCFFCCFFFFFF00FFFF33FFFF66FFFF99FFFFCCFFFFFF0000000D0D0D1A1A1A2828283535354343435050505D5D5D6B6B6B787878868686939393A1A1A1AEAEAEBB
310
BBBBC9C9C9D6D6D6E4E4E4F1F1F1FFFFFF000000000000000000000000000000000000000000000000000000000000B0E2D235000003044944415478DAED9D4B9283300C447D839CC4F7BF8C562CA91C6248CD642A2406028585DA7E5AB0985FDEB824D9DDD890EE8A918629C651EA3A510B8624F5F0C810A8A16E8C3AC9F7
310
905BFC2864C82DD470E6C2D704A887BF80FA52EA5935CAE4F53BF5308FF4722DFCEFB5A9DF3F6D2943A086BA056ACD6ABC681D920FFEC8B5B34C3EF66B2D510F3BE29CE97ADF1FD5A69EF710A8DD3224478F633D249FD64396863AA7B5912F526FA6434E27254A97D4B36A5CA6FECFACE5EF78E6F53E0596ABCF8DB9C28C9E
310
D349DDB03AB5FD8616B5298EB585CC908D6AB498D5A849BD9E21A6D8F94CB15F9BC82C63CBA1548D49B28734B20E811A6AB96A94D1E83D6A99B8D46B5A262CB5298EB585CC10B44C182DA3486D8AD426428D9681BAC5F5F5967707757FD46819152DB333826899B0D4A638D6163243D03268998EB48CA165DCAAD1D0326899
310
6FD7D7AF931AD4FD51A365D0326819B40C5A0655700DB541ED452D795FC6F4B4CC476E686488247570B55BA636D46EF56A945460A85D3F6A4E0A6AA8DDD0EEA40AF5971A3D568658C4B1DEABD125AA9113553ED5585006E1A927E44FECF05AA624D1B9DF5849379694236AB786B3A0A4C0A4D5AE29AEAF4D4C15BC3439FC90
310
CBB58C921FF25CF56BF92150E3E2B4DD434E7A3A5897D4E7ECB408476D8A638D8BE3558DB8382E1922E4E288FB210B92063FA446359AE2EA893D0BB838B838F8210D537FEB2C400D35274F34FC90DD3A3DCCC9133D3F241AB52966087E8817B5E273824DE539C1EBCE132E4EAD0C31D1DD5AB8383E3E1F2E0E2E8EB28B33AF
310
465C9C6BB58CB28BF37CAB11D4BD51F7F1FC1095FD219AD4EC6A89E5E2049BD17171BC3244D0C5314117E7B1150717C7AB1A15FD90A4F9FC105C1C5C1C6117A7548DB838F821FDB83850BB9D5E8B4BDDEC892A95F7DC6952F3763E273F24E8D924DED98D8B739C5A702F4E8AECE29454012E8E7386E0E2E0E208BB38C56AC4
310
C571C8105C1CA8DBA0EE617FC8D5712C43A0865A835AB31AE92150434D35D243A076A28E1F056AA178A946A8EB866686400DF576353EEE2D8FA3D475A2BE2BC60F90523EF094CFFA390000000049454E44AE4260824E44AE42608218FF00931245735DA58CD80000000049454E44AE426082420B8C3D4A232D7772D1B67402
310
519E1468B18658872655D0E9C945BE4EABBC558628E8CC047C0E6894103642231B1FEB3D6A9B285B125B06974766F50E494077798F1E68769757867EC54AF51C31FFED163CEA4189265E6852094DA40F3AA31EC13DFE1E4DAC896DEAFE1E3D23CD0C5DD1691200BDDA7B243E09401F03AD513D441AE25420C87FF785B5CF7E
310
CBF9DD171D9B7364AA47ED4C1AA123F551004D8546C91526514940D7A53F4063E984F462CD0F41BBD62BFA5AD67B88805E9DD822F6E8858E6FAA0EE843A06D6A793D77013275A6C5E60B2BAB58D39023B28F744F622B13BA724F5B91D0E20DF1D4DE03D0A3D4C316043A0D684901D35E498084BA479074C84E021AA16565E3
310
1AA14F556112236BBC07A0F78056A91E800634BC07D403D0808621C27B001AD03044780F40031ADE03D0D069A1D0F22586D6247703E811A2523D000DE8B2213EAFBCDD6EAA8EE6AE50FE01129B3AC0064A582A0000000049454E44AE4260824F490C3A1F0A8B07701E05BA3581F06D74D63B797E010CA5BF61A2A95CA07B27
310
281E00DCB865E6D915218A5873D27545483200AD0869452816C0E95770F7392F10910E77920BC81A07248C04513880A8EFBCEC241B44AE2234EC3B263A8F029E59E04E3500D82F5941892600EA0314807FEFB0DD54036456845076450864CC0B9CDCFB46462E1075F31FAD0809AA0895F1420D470149004026005200C24D40
310
01A8135400EA0415803A4105A04E5001A813D428A0001480F828F0911E053E7FC59BD59D1AE2AD28F03DAAC0A066B37CC0F2B545D27E9B1A20B4290005F099DC9FE4261EC03FD84FC4C1624C3DE50000000049454E44AE4260820DE60730B7BBFDD58B2C02005B008070839D053708E54F98C8E8052C00700D4003D0003423
310
D800341568001A00982C81612FF0EDCB0F80A54278018365540137E602587C6D12D0003400C68B7900FF017894E73EADE3925A0000000049454E44AE426082DFE6FF0720771FE4D87A82522AAD9EA07A03728ACE312C36AA4F89C5E1F05F01C0E623E83294D7D0B18D0540B2DED899D3BECE1C5B811792A26DEBF68F6600FC
310
DBF35B2B0112CD846670088079C956587185513F2D000057A09D2645630918E70262259825A0D91F6D0A68185587B700C0A37D4F9500D9A44C201B4254C4B003A07A19FA58E0FBF7FDBB64B6E60070BD3923E7D685150707C06E95754DCBEC3EC3590088046C2C01C7F93D7D86005E89066BED17CB8620405715AE3FC36637
310
1358D37F57020C00898CD10260FFFF1C35BBC280FA5906B05C18194DB79D562842164B405E0518FCBFC0580278ADCB8CFAA8D9C402F900528BE51D553D008800940A1C4A02761F25159D88974DA1DCA35C18BE9600CED8DDD4017227F9BC5801C0B10003A01CD1F1A72F8CC412B09BFF176000772560A0038EE3E818E05007
310
0C65AF3871D555CA7B274BA467AC4050FA584B8B8303D06F9BAD00BC47AD9BA371DB5AF1B809E032A54F600188BFD4C602D69E3700661B25111C804B1D002D030825206CCE30DE01609302DE15CE3D8E36122EF82E249BD23246941DDA8B4AD0E980563C8AC52BDB1550DDC3ED3680252DFD5CEBEB026FD401FDAF92691800
310
F8DCFF36F71F47B29729A40CDD960000000049454E44AE426082454E44AE42608206101B7B6D08C0911E86C64AB05602A0AA9E3CAE98A002184A00CFB60E5440720F4FE3739B4CA0C6522B536FC70DA4F3E845700DE0910D6821349FDE4987DF290D802301E0D140D60B1B402F05283C72BE54DEDF01706F7AFC2D00C5E2CB
310
5008CB60396C0140650300FBF7D7366024015F0CC032E396F40E0088292405A2DA4705C08E829C53F1519CAAFA5E09B8FF9981035CDA00E33B7C436E3C4400EE770580CF01340221017C6DD972A6AF3C286E5C8C0BCCB75D73FC6D007EF97FA1F13F3292DDEA49EA2E750000000049454E44AE426082
  0
ACDSRECORD
 90
        0
  2
AcDbDs::ID
280
    10
320
1B838
  2
Thumbnail_Data
280
    15
 94
     3039
310
89504E470D0A1A0A0000000D49484452000000B5000001000803000000C2FDC7E900000300504C5445FFFFFF000000C8C8C80000000000000000000000000000000000000000000000000000330000660000990000CC0000FF0033000033330033660033990033CC0033FF0066000066330066660066990066CC0066FF0099
310
000099330099660099990099CC0099FF00CC0000CC3300CC6600CC9900CCCC00CCFF00FF0000FF3300FF6600FF9900FFCC00FFFF3300003300333300663300993300CC3300FF3333003333333333663333993333CC3333FF3366003366333366663366993366CC3366FF3399003399333399663399993399CC3399FF33CC00
310
33CC3333CC6633CC9933CCCC33CCFF33FF0033FF3333FF6633FF9933FFCC33FFFF6600006600336600666600996600CC6600FF6633006633336633666633996633CC6633FF6666006666336666666666996666CC6666FF6699006699336699666699996699CC6699FF66CC0066CC3366CC6666CC9966CCCC66CCFF66FF0066
310
FF3366FF6666FF9966FFCC66FFFF9900009900339900669900999900CC9900FF9933009933339933669933999933CC9933FF9966009966339966669966999966CC9966FF9999009999339999669999999999CC9999FF99CC0099CC3399CC6699CC9999CCCC99CCFF99FF0099FF3399FF6699FF9999FFCC99FFFFCC0000CC00
310
33CC0066CC0099CC00CCCC00FFCC3300CC3333CC3366CC3399CC33CCCC33FFCC6600CC6633CC6666CC6699CC66CCCC66FFCC9900CC9933CC9966CC9999CC99CCCC99FFCCCC00CCCC33CCCC66CCCC99CCCCCCCCCCFFCCFF00CCFF33CCFF66CCFF99CCFFCCCCFFFFFF0000FF0033FF0066FF0099FF00CCFF00FFFF3300FF3333
310
FF3366FF3399FF33CCFF33FFFF6600FF6633FF6666FF6699FF66CCFF66FFFF9900FF9933FF9966FF9999FF99CCFF99FFFFCC00FFCC33FFCC66FFCC99FFCCCCFFCCFFFFFF00FFFF33FFFF66FFFF99FFFFCCFFFFFF0000000D0D0D1A1A1A2828283535354343435050505D5D5D6B6B6B787878868686939393A1A1A1AEAEAEBB
310
BBBBC9C9C9D6D6D6E4E4E4F1F1F1FFFFFF000000000000000000000000000000000000000000000000000000000000B0E2D235000003344944415478DAED9D4B728330100575839C44F7BFCCAC58BA7288E04A9C9844084340BC875A0B2FF2ED503342AF919CF4EE38D2308EDBCDEA75A4361C96D4C3BD42A086FA62D4C97E
310
0E79D31F850A7993BA9CB9F03103EAE16B407D2AF5A41B6DEAFA37F5301DE9E9B5F0B71F4DFDFBB7CD5508D4505F81DAB31B4F5A87E48D5F72EE5D266FFBB62B510F2BC63EB7EB753FD49B7A3A8740DDAC42B2FAD83E87E45DE690B94B9D53EDCA17A95F2A879C7628962EA927DD384F3DA9AEFA675BD4F5FA04960FBD37E6
310
83EEE839ED302536A28EC730A21E61EDAEF533B306F50BDD187ADDB8481D61388784E1CC17E1375F979815A963797874A3E4B5EE671D0235D456DD6893D1BBCD32C2D4952C234B5DCD32A2D40B5946F38E4E9621CB54B28C1FF5E74C479621CB9065CEA07E45DD41DD173559C62ACBAC1B2A5946967AD5731911EA95CF651A
310
509365C8321D659920CB34EBC620CB9065D6ACAF9FD7D850F7454D9621CB9065C83264994B649920CBB4A176C932C519DA28CB441866997968DD0A1999FDA883DC08F586D36B5093D13929689476A5EDA417F5624617AC90C782CA89FA6711E8D38D531F62421D7666E14F4230A02E045E8B8CFE079BE78D075CEBB20E91F7
310
217666A11279F1217BFB10BBF575B8F9909969031F725A9671F2218F55BF970F811A8B73ED396487B708EB927A4D852C581C49EA458B23488DC569D48D7616C7C12CA4B211C1871C6E16CAB946DFE2F8AD43B0388D2A048B83C5B1B6389CFD97340B5043CDC913171F22B93F845D2D67F8101B6A4B1F128673889B0FF99C37
310
92197569B98DC539E45ADF4F45489E03AB74A3F05E9C8AC5F1F321292C2D8E9D0FC1E234E9462C8E4A96B1340BDFFFD908EA9EA8FB79FF10AFFD219ED4EC6A91B1387A77742C4EA30AB1B3389E67931216A75137CAEEC5A95A1CC32C83C5C1E2F85A9C42376271F0219D591CA8F7EB464BEA4B9FA8FAFF3F313BDFE2A85397
310
2D8E36F59CC591350B49ED6C92A7C579ED1D66B0386DA8FDF6E224518B534805589CF61582C5C1E2D85A9C623762711A54081607EA6B50F7B23FE4CCB1BD42A0865A9FDAB31B9943A0869A6E640E81BA11B5FE28501B8DA76E84FAD8E159215043BDDC8DF7E7CAB79BD5EB48FDEE383E00CB2407B7FE459443000000004945
310
4E44AE426082426082DFD5705D4D0000000049454E44AE4260820000000049454E44AE4260820000000049454E44AE42608277798F1E68769757867EC54AF51C31FFED163CEA4189265E6852094DA40F3AA31EC13DFE1E4DAC896DEAFE1E3D23CD0C5DD1691200BDDA7B243E09401F03AD513D441AE25420C87FF785B5CF7E
310
CBF9DD171D9B7364AA47ED4C1AA123F551004D8546C91526514940D7A53F4063E984F462CD0F41BBD62BFA5AD67B88805E9DD822F6E8858E6FAA0EE843A06D6A793D77013275A6C5E60B2BAB58D39023B28F744F622B13BA724F5B91D0E20DF1D4DE03D0A3D4C316043A0D684901D35E498084BA479074C84E021AA16565E3
310
1AA14F556112236BBC07A0F78056A91E800634BC07D403D0808621C27B001AD03044780F40031ADE03D0D069A1D0F22586D6247703E811A2523D000DE8B2213EAFBCDD6EAA8EE6AE50FE01129B3AC0064A582A0000000049454E44AE4260824F490C3A1F0A8B07701E05BA3581F06D74D63B797E010CA5BF61A2A95CA07B27
310
281E00DCB865E6D915218A5873D27545483200AD0869452816C0E95770F7392F10910E77920BC81A07248C04513880A8EFBCEC241B44AE2234EC3B263A8F029E59E04E3500D82F5941892600EA0314807FEFB0DD54036456845076450864CC0B9CDCFB46462E1075F31FAD0809AA0895F1420D470149004026005200C24D40
310
01A8135400EA0415803A4105A04E5001A813D428A0001480F828F0911E053E7FC59BD59D1AE2AD28F03DAAC0A066B37CC0F2B545D27E9B1A20B4290005F099DC9FE4261EC03FD84FC4C1624C3DE50000000049454E44AE4260820DE60730B7BBFDD58B2C02005B008070839D053708E54F98C8E8052C00700D4003D0003423
310
D800341568001A00982C81612FF0EDCB0F80A54278018365540137E602587C6D12D0003400C68B7900FF017894E73EADE3925A0000000049454E44AE426082DFE6FF0720771FE4D87A82522AAD9EA07A03728ACE312C36AA4F89C5E1F05F01C0E623E83294D7D0B18D0540B2DED899D3BECE1C5B811792A26DEBF68F6600FC
310
DBF35B2B0112CD846670088079C956587185513F2D000057A09D2645630918E70262259825A0D91F6D0A68185587B700C0A37D4F9500D9A44C201B4254C4B003A07A19FA58E0FBF7FDBB64B6E60070BD3923E7D685150707C06E95754DCBEC3EC3590088046C2C01C7F93D7D86005E89066BED17CB8620405715AE3FC36637
310
1358D37F57020C00898CD10260FFFF1C35BBC280FA5906B05C18194DB79D562842164B405E0518FCBFC0580278ADCB8CFAA8D9C402F900528BE51D553D008800940A1C4A02761F25159D88974DA1DCA35C18BE9600CED8DDD4017227F9BC5801C0B10003A01CD1F1A72F8CC412B09BFF176000772560A0038EE3E818E05007
310
0C65AF3871D555CA7B274BA467AC4050FA584B8B8303D06F9BAD00BC47AD9BA371DB5AF1B809E032A54F600188BFD4C602D69E3700661B25111C804B1D002D030825206CCE30DE01609302DE15CE3D8E36122EF82E249BD23246941DDA8B4AD0E980563C8AC52BDB1550DDC3ED3680252DFD5CEBEB026FD401FDAF92691800
310
F8DCFF36F71F47B29729A40CDD960000000049454E44AE426082454E44AE42608206101B7B6D08C0911E86C64AB05602A0AA9E3CAE98A002184A00CFB60E5440720F4FE3739B4CA0C6522B536FC70DA4F3E845700DE0910D6821349FDE4987DF290D802301E0D140D60B1B402F05283C72BE54DEDF01706F7AFC2D00C5E2CB
310
5008CB60396C0140650300FBF7D7366024015F0CC032E396F40E0088292405A2DA4705C08E829C53F1519CAAFA5E09B8FF9981035CDA00E33B7C436E3C4400EE770580CF01340221017C6DD972A6AF3C286E5C8C0BCCB75D73FC6D007EF97FA1F13F3292DDEA49EA2E750000000049454E44AE426082
  0
ACDSRECORD
 90
        0
  2
AcDbDs::ID
280
    10
320
1B822
  2
Thumbnail_Data
280
    15
 94
     3039
310
89504E470D0A1A0A0000000D49484452000000B5000001000803000000C2FDC7E900000300504C5445FFFFFF000000C8C8C80000000000000000000000000000000000000000000000000000330000660000990000CC0000FF0033000033330033660033990033CC0033FF0066000066330066660066990066CC0066FF0099
310
000099330099660099990099CC0099FF00CC0000CC3300CC6600CC9900CCCC00CCFF00FF0000FF3300FF6600FF9900FFCC00FFFF3300003300333300663300993300CC3300FF3333003333333333663333993333CC3333FF3366003366333366663366993366CC3366FF3399003399333399663399993399CC3399FF33CC00
310
33CC3333CC6633CC9933CCCC33CCFF33FF0033FF3333FF6633FF9933FFCC33FFFF6600006600336600666600996600CC6600FF6633006633336633666633996633CC6633FF6666006666336666666666996666CC6666FF6699006699336699666699996699CC6699FF66CC0066CC3366CC6666CC9966CCCC66CCFF66FF0066
310
FF3366FF6666FF9966FFCC66FFFF9900009900339900669900999900CC9900FF9933009933339933669933999933CC9933FF9966009966339966669966999966CC9966FF9999009999339999669999999999CC9999FF99CC0099CC3399CC6699CC9999CCCC99CCFF99FF0099FF3399FF6699FF9999FFCC99FFFFCC0000CC00
310
33CC0066CC0099CC00CCCC00FFCC3300CC3333CC3366CC3399CC33CCCC33FFCC6600CC6633CC6666CC6699CC66CCCC66FFCC9900CC9933CC9966CC9999CC99CCCC99FFCCCC00CCCC33CCCC66CCCC99CCCCCCCCCCFFCCFF00CCFF33CCFF66CCFF99CCFFCCCCFFFFFF0000FF0033FF0066FF0099FF00CCFF00FFFF3300FF3333
310
FF3366FF3399FF33CCFF33FFFF6600FF6633FF6666FF6699FF66CCFF66FFFF9900FF9933FF9966FF9999FF99CCFF99FFFFCC00FFCC33FFCC66FFCC99FFCCCCFFCCFFFFFF00FFFF33FFFF66FFFF99FFFFCCFFFFFF0000000D0D0D1A1A1A2828283535354343435050505D5D5D6B6B6B787878868686939393A1A1A1AEAEAEBB
310
BBBBC9C9C9D6D6D6E4E4E4F1F1F1FFFFFF000000000000000000000000000000000000000000000000000000000000B0E2D235000003A34944415478DAED9D5B72C2300C45BD03AF44FBFF6325FECA27C3220A34A579D88963FCD0B5AF664AA794A6A7EA952C2989310F4433D3D3EE77A8C72735A041524F2F85909AD49D51
310
1BF81C62F59B472156953BC5F31C00F5341BA99B52AFA21146D75BEA696D66F579FBDDBFEF15A35E7B3AAC105293BA076ACC686C548748E24BDAAE3292F663A4FE66B9DEC648CFD48DEA9021A9570A11EDE6D7F5D1DF2EA71E1113ED3B09B95A12A291D425A957D108A3EBF81C2239173C493BC6D92A23BB43C45047E7B2A0
310
DC48ED399E73C6C151BBB7B5A20E456384AF9D6B168DA9D4E2F915FA7308A94B53BB8FC9E7C17D0293BEEE311A994350AB2752E7998768A25E47E351C943EABC0A81A4069DE2A077BB69D4D1B33B09BDECBB151D96FAA923ADD4870AE98F7AF39F50148DC7BE2675A6AEC04F7D5BDAB26BACDC375EA3A6429A50A3E61043EA
310
6AD148EA7C0A49A89E48DD79DFC8C9423DEA417BF429F6629542E71B495D8F3ADB79F422D4C9E77621A9795E86D4A4AED51590BAB542FE074FBFB9763189A2AE49CD68640E61E6A3AF9943484D5D83501FB6D51D506B9CA94251F738533DBD994FE5754FA41E92FAC2356698D4002B7A8FD4D6CED416D1D7D690BA563492BA
310
9C42B69305AB6CB2C0682435730815C2CC478530875CA2B6880AB106B92B60DF58831A73B2A0889AD7A946EF52D55ED7A4BE486DFD2FD544EDC921A0D4FE3D4CF3663E4DBAD64EFDED8A8E493D62F5F45D57D0AABEC6A44E54C8262BB2BE2E39C5D9197D3D422F831C8D31D593BECC1755A97245671D92A56F0CF5344352D7
310
B9975437759B68E4BDFFF57208EFFDC7BFF73F7EBB3255998FD4B0D443F532503D3A3EB5DA7DCC8E8F2798BE16B8C9C2FC8485A336EDA83953D5B1FBDAFE4BFD335511BDBE3EDADD18917A9B8F41A251BACB7CAC43588724F99A335505DD2EEB90C07492D4357208243567AAC743B3A2FB870818F5EBC705CED749D4532DEA
310
E08A9E85BA7AF57442FD96FCB6DBA9469DAC10F13C8549DDBE2BE888FAB6BCC1D1B4DB332E398734F5352675A2AE7F5B5D5233872046E3C17B1BBB77E6D3F61E55B23B068442CE8E47EA6AD4127CAED53CC45F6322EC8548EAC20AE13BD7EACC7C69F390A1A92B9DE1D0426D8DE7B4AA7A8578A9D5472328F5EEE43F02B59B
310
3F74F532DEE32DA6366EFED035C5B1BBEB4514F93AA81050EA932B6D7452AB8EC6117208A9EB29C4858DBA661DA2A8E6CBDB15B49E87EC07237AEBEB0BD48A260B90D4FACD430D648B68247559C35408A9497D1E8DAFC5E47E877A7C523F10ED07925DEDAD031FC9000000000049454E44AE42608218A43C084DE8B4232EBB
310
D05E2FA89F6606B46FBE99B583B432CC910000000049454E44AE4260823F4063E984F462CD0F41BBD62BFA5AD67B88805E9DD822F6E8858E6FAA0EE843A06D6A793D77013275A6C5E60B2BAB58D39023B28F744F622B13BA724F5B91D0E20DF1D4DE03D0A3D4C316043A0D684901D35E498084BA479074C84E021AA16565E3
310
1AA14F556112236BBC07A0F78056A91E800634BC07D403D0808621C27B001AD03044780F40031ADE03D0D069A1D0F22586D6247703E811A2523D000DE8B2213EAFBCDD6EAA8EE6AE50FE01129B3AC0064A582A0000000049454E44AE4260824F490C3A1F0A8B07701E05BA3581F06D74D63B797E010CA5BF61A2A95CA07B27
310
281E00DCB865E6D915218A5873D27545483200AD0869452816C0E95770F7392F10910E77920BC81A07248C04513880A8EFBCEC241B44AE2234EC3B263A8F029E59E04E3500D82F5941892600EA0314807FEFB0DD54036456845076450864CC0B9CDCFB46462E1075F31FAD0809AA0895F1420D470149004026005200C24D40
310
01A8135400EA0415803A4105A04E5001A813D428A0001480F828F0911E053E7FC59BD59D1AE2AD28F03DAAC0A066B37CC0F2B545D27E9B1A20B4290005F099DC9FE4261EC03FD84FC4C1624C3DE50000000049454E44AE4260820DE60730B7BBFDD58B2C02005B008070839D053708E54F98C8E8052C00700D4003D0003423
310
D800341568001A00982C81612FF0EDCB0F80A54278018365540137E602587C6D12D0003400C68B7900FF017894E73EADE3925A0000000049454E44AE426082DFE6FF0720771FE4D87A82522AAD9EA07A03728ACE312C36AA4F89C5E1F05F01C0E623E83294D7D0B18D0540B2DED899D3BECE1C5B811792A26DEBF68F6600FC
310
DBF35B2B0112CD846670088079C956587185513F2D000057A09D2645630918E70262259825A0D91F6D0A68185587B700C0A37D4F9500D9A44C201B4254C4B003A07A19FA58E0FBF7FDBB64B6E60070BD3923E7D685150707C06E95754DCBEC3EC3590088046C2C01C7F93D7D86005E89066BED17CB8620405715AE3FC36637
310
1358D37F57020C00898CD10260FFFF1C35BBC280FA5906B05C18194DB79D562842164B405E0518FCBFC0580278ADCB8CFAA8D9C402F900528BE51D553D008800940A1C4A02761F25159D88974DA1DCA35C18BE9600CED8DDD4017227F9BC5801C0B10003A01CD1F1A72F8CC412B09BFF176000772560A0038EE3E818E05007
310
0C65AF3871D555CA7B274BA467AC4050FA584B8B8303D06F9BAD00BC47AD9BA371DB5AF1B809E032A54F600188BFD4C602D69E3700661B25111C804B1D002D030825206CCE30DE01609302DE15CE3D8E36122EF82E249BD23246941DDA8B4AD0E980563C8AC52BDB1550DDC3ED3680252DFD5CEBEB026FD401FDAF92691800
310
F8DCFF36F71F47B29729A40CDD960000000049454E44AE426082454E44AE42608206101B7B6D08C0911E86C64AB05602A0AA9E3CAE98A002184A00CFB60E5440720F4FE3739B4CA0C6522B536FC70DA4F3E845700DE0910D6821349FDE4987DF290D802301E0D140D60B1B402F05283C72BE54DEDF01706F7AFC2D00C5E2CB
310
5008CB60396C0140650300FBF7D7366024015F0CC032E396F40E0088292405A2DA4705C08E829C53F1519CAAFA5E09B8FF9981035CDA00E33B7C436E3C4400EE770580CF01340221017C6DD972A6AF3C286E5C8C0BCCB75D73FC6D007EF97FA1F13F3292DDEA49EA2E750000000049454E44AE426082
  0
ACDSRECORD
 90
        0
  2
AcDbDs::ID
280
    10
320
5E
  2
Thumbnail_Data
280
    15
 94
     3039
310
89504E470D0A1A0A0000000D49484452000000B5000001000803000000C2FDC7E900000300504C5445FFFFFF000000C8C8C80000000000000000000000000000000000000000000000000000330000660000990000CC0000FF0033000033330033660033990033CC0033FF0066000066330066660066990066CC0066FF0099
310
000099330099660099990099CC0099FF00CC0000CC3300CC6600CC9900CCCC00CCFF00FF0000FF3300FF6600FF9900FFCC00FFFF3300003300333300663300993300CC3300FF3333003333333333663333993333CC3333FF3366003366333366663366993366CC3366FF3399003399333399663399993399CC3399FF33CC00
310
33CC3333CC6633CC9933CCCC33CCFF33FF0033FF3333FF6633FF9933FFCC33FFFF6600006600336600666600996600CC6600FF6633006633336633666633996633CC6633FF6666006666336666666666996666CC6666FF6699006699336699666699996699CC6699FF66CC0066CC3366CC6666CC9966CCCC66CCFF66FF0066
310
FF3366FF6666FF9966FFCC66FFFF9900009900339900669900999900CC9900FF9933009933339933669933999933CC9933FF9966009966339966669966999966CC9966FF9999009999339999669999999999CC9999FF99CC0099CC3399CC6699CC9999CCCC99CCFF99FF0099FF3399FF6699FF9999FFCC99FFFFCC0000CC00
310
33CC0066CC0099CC00CCCC00FFCC3300CC3333CC3366CC3399CC33CCCC33FFCC6600CC6633CC6666CC6699CC66CCCC66FFCC9900CC9933CC9966CC9999CC99CCCC99FFCCCC00CCCC33CCCC66CCCC99CCCCCCCCCCFFCCFF00CCFF33CCFF66CCFF99CCFFCCCCFFFFFF0000FF0033FF0066FF0099FF00CCFF00FFFF3300FF3333
310
FF3366FF3399FF33CCFF33FFFF6600FF6633FF6666FF6699FF66CCFF66FFFF9900FF9933FF9966FF9999FF99CCFF99FFFFCC00FFCC33FFCC66FFCC99FFCCCCFFCCFFFFFF00FFFF33FFFF66FFFF99FFFFCCFFFFFF0000000D0D0D1A1A1A2828283535354343435050505D5D5D6B6B6B787878868686939393A1A1A1AEAEAEBB
310
BBBBC9C9C9D6D6D6E4E4E4F1F1F1FFFFFF000000000000000000000000000000000000000000000000000000000000B0E2D235000004464944415478DAED9D4976EB201444D94156C2FE37C348431F4DFE0EBE7B4B8887109644152EE2383E8963DF90D7159DDCC8D8DC706D970BD5FD959AB051520F370B11B5A83BA376F4
310
31E40FBF252CE40FAA3B7DE27B04D4C3B389BA29F5CC1B69EC3AA67EFF8193FBE983A81D4C1DBF836521A216750FD49CDED8A80EF1954F699B657CDDAFF5447D92C94ED2F5363FE1A69EC710519F66211EBDADDB75FCB7FBD51EF1AEB8EFBCD5D5B3D7A8F04651EF4D3DF3461ABB2E57607ECF84E7EB5E637B462FA12E0E61
310
A22E7BA3103512EAF9F75B505778A34D3DE4DBAF53EF6A215D52CF52A0A849A88FF6469CC8676699D3A877CDE89CD4A4355F136AA902B4EAA9A8BE5E714750550049BD0CD614D4A93CD91135802A0899864B8DD2D7FB7AA332BAA87BCCE8A2EEAF523DB87A221B09167591371A2307E8D4E9511AF02C534F5D385C7620F5DB
310
3498A83F164DD7D761AB5D9794D6C77A2327754D0C69A86548A977CC3258BA515A465A86C842723156D4A2D6BC0C530C295E7B8A3E2F03449D9A4527A04E3C62A07E757480F2C6FC4C002BF54BC4B7A1B62D24825EDA757080D4B1122BF1466C5560453E6999726FCC0559511F555F4BA34B15683C646DC44CD4390BA9C97C
310
00D4CF0F2EEA05F4EBF5DEF5C7A3C69ED6860073BBC1A5EB6B63A5D6B9D4A62AB02C24380B1A813AE38D21F973868CBEFC5FE0529B0B10D5D7475237B56B7B177D1C0418B40C36F5CACE6E066AA90222DD587C3E05AE2A10F5262DF31BD4ADBD7131389D1E53051B095E992B683C125CE78DC131527369197A5540A91B312B
310
55A63155514B154815E46B3E511767F48A1C0240ED4260B4901AEAF6DED819F563322631AC0A406D7AE34378BDA79366A7AF355705760C794E7C85E0A2621555CB10AB82D8E039323A25F5C2E081B4CC50C10430C3216A6999C3EA6B4E2D23EA3D47271F03D7C138CD07979A7125F3869D275876FD94058E883A0D854ABD76
310
2218A62AF87476F4155ACB2C4D846A9C6FD8FE8EB8B951D4FD5177B06F572782E50FE46860D72124177CC253278F9DC4A61E23EAF17CEA8A1872BB3A79B87F86E7A5CA19225F7C59E1E2BE6E9A6538A9AB239FEA906DD4B9D902D5213D52D7E7C6FBCC1D0F75263732503B2AEAB8B16774C590CE73A356C6215B48F67A05B0
310
DE48499D57BBA8164249FDD82C5DAA654EA15EDDE5F3A94470A883CBECF2719FF5714DA8ED3566B1DDFA947534BAE689419D1812F3891384E7CF41588598EDEBB0DC2706439DB5EB027F6D10F9D6989EDD8DB54EB5F8F5A0D6A96A3C445A26419DAB7E70CF2012F5692782FDE849D2E5BBE8EBFEA3AD4F8710B5A88FA49E7B
310
A3EDBD1BA94FAD43EE7C9FDBFB211AF5DC42A6A4D38E77D8D4DEBC01574F263436F597DE2855D0BB96F9F6C48236D72B10F569D4BABE0C510C299FE180AD5445DD21F56836645530FE339AA877CF8DBF49DDA6E6FBD61B35EADEBB96F976EF7FEBFA5AD40753E3B70435511B47E7447D4AE3B410518B7ADD1B6FA9E072A1BA
310
BF528F8CED3F373BA4265F80D0AE0000000049454E44AE42608221C27B001AD03044780F40031ADE03D0D069A1D0F22586D6247703E811A2523D000DE8B2213EAFBCDD6EAA8EE6AE50FE01129B3AC0064A582A0000000049454E44AE4260824F490C3A1F0A8B07701E05BA3581F06D74D63B797E010CA5BF61A2A95CA07B27
310
281E00DCB865E6D915218A5873D27545483200AD0869452816C0E95770F7392F10910E77920BC81A07248C04513880A8EFBCEC241B44AE2234EC3B263A8F029E59E04E3500D82F5941892600EA0314807FEFB0DD54036456845076450864CC0B9CDCFB46462E1075F31FAD0809AA0895F1420D470149004026005200C24D40
310
01A8135400EA0415803A4105A04E5001A813D428A0001480F828F0911E053E7FC59BD59D1AE2AD28F03DAAC0A066B37CC0F2B545D27E9B1A20B4290005F099DC9FE4261EC03FD84FC4C1624C3DE50000000049454E44AE4260820DE60730B7BBFDD58B2C02005B008070839D053708E54F98C8E8052C00700D4003D0003423
310
D800341568001A00982C81612FF0EDCB0F80A54278018365540137E602587C6D12D0003400C68B7900FF017894E73EADE3925A0000000049454E44AE426082DFE6FF0720771FE4D87A82522AAD9EA07A03728ACE312C36AA4F89C5E1F05F01C0E623E83294D7D0B18D0540B2DED899D3BECE1C5B811792A26DEBF68F6600FC
310
DBF35B2B0112CD846670088079C956587185513F2D000057A09D2645630918E70262259825A0D91F6D0A68185587B700C0A37D4F9500D9A44C201B4254C4B003A07A19FA58E0FBF7FDBB64B6E60070BD3923E7D685150707C06E95754DCBEC3EC3590088046C2C01C7F93D7D86005E89066BED17CB8620405715AE3FC36637
310
1358D37F57020C00898CD10260FFFF1C35BBC280FA5906B05C18194DB79D562842164B405E0518FCBFC0580278ADCB8CFAA8D9C402F900528BE51D553D008800940A1C4A02761F25159D88974DA1DCA35C18BE9600CED8DDD4017227F9BC5801C0B10003A01CD1F1A72F8CC412B09BFF176000772560A0038EE3E818E05007
310
0C65AF3871D555CA7B274BA467AC4050FA584B8B8303D06F9BAD00BC47AD9BA371DB5AF1B809E032A54F600188BFD4C602D69E3700661B25111C804B1D002D030825206CCE30DE01609302DE15CE3D8E36122EF82E249BD23246941DDA8B4AD0E980563C8AC52BDB1550DDC3ED3680252DFD5CEBEB026FD401FDAF92691800
310
F8DCFF36F71F47B29729A40CDD960000000049454E44AE426082454E44AE42608206101B7B6D08C0911E86C64AB05602A0AA9E3CAE98A002184A00CFB60E5440720F4FE3739B4CA0C6522B536FC70DA4F3E845700DE0910D6821349FDE4987DF290D802301E0D140D60B1B402F05283C72BE54DEDF01706F7AFC2D00C5E2CB
310
5008CB60396C0140650300FBF7D7366024015F0CC032E396F40E0088292405A2DA4705C08E829C53F1519CAAFA5E09B8FF9981035CDA00E33B7C436E3C4400EE770580CF01340221017C6DD972A6AF3C286E5C8C0BCCB75D73FC6D007EF97FA1F13F3292DDEA49EA2E750000000049454E44AE426082
  0
ACDSRECORD
 90
        0
  2
AcDbDs::ID
280
    10
320
1A026
  2
Thumbnail_Data
280
    15
 94
     3039
310
89504E470D0A1A0A0000000D49484452000000B5000001000803000000C2FDC7E900000300504C5445FFFFFF000000C8C8C80000000000000000000000000000000000000000000000000000330000660000990000CC0000FF0033000033330033660033990033CC0033FF0066000066330066660066990066CC0066FF0099
310
000099330099660099990099CC0099FF00CC0000CC3300CC6600CC9900CCCC00CCFF00FF0000FF3300FF6600FF9900FFCC00FFFF3300003300333300663300993300CC3300FF3333003333333333663333993333CC3333FF3366003366333366663366993366CC3366FF3399003399333399663399993399CC3399FF33CC00
310
33CC3333CC6633CC9933CCCC33CCFF33FF0033FF3333FF6633FF9933FFCC33FFFF6600006600336600666600996600CC6600FF6633006633336633666633996633CC6633FF6666006666336666666666996666CC6666FF6699006699336699666699996699CC6699FF66CC0066CC3366CC6666CC9966CCCC66CCFF66FF0066
310
FF3366FF6666FF9966FFCC66FFFF9900009900339900669900999900CC9900FF9933009933339933669933999933CC9933FF9966009966339966669966999966CC9966FF9999009999339999669999999999CC9999FF99CC0099CC3399CC6699CC9999CCCC99CCFF99FF0099FF3399FF6699FF9999FFCC99FFFFCC0000CC00
310
33CC0066CC0099CC00CCCC00FFCC3300CC3333CC3366CC3399CC33CCCC33FFCC6600CC6633CC6666CC6699CC66CCCC66FFCC9900CC9933CC9966CC9999CC99CCCC99FFCCCC00CCCC33CCCC66CCCC99CCCCCCCCCCFFCCFF00CCFF33CCFF66CCFF99CCFFCCCCFFFFFF0000FF0033FF0066FF0099FF00CCFF00FFFF3300FF3333
310
FF3366FF3399FF33CCFF33FFFF6600FF6633FF6666FF6699FF66CCFF66FFFF9900FF9933FF9966FF9999FF99CCFF99FFFFCC00FFCC33FFCC66FFCC99FFCCCCFFCCFFFFFF00FFFF33FFFF66FFFF99FFFFCCFFFFFF0000000D0D0D1A1A1A2828283535354343435050505D5D5D6B6B6B787878868686939393A1A1A1AEAEAEBB
310
BBBBC9C9C9D6D6D6E4E4E4F1F1F1FFFFFF000000000000000000000000000000000000000000000000000000000000B0E2D235000003E74944415478DAED9D5D92AB201085DDC1AC84FD6F86271E53B388AB33C95C516905843E8DA71F325561825FBAFA17224EDF16650AB3BC5EA65E676A8362923A2C16426A520F463D99
310
8F215FF87260215F50EA7407EF19A00E6F21B52A75E48D66EC7A4B1D92A241BDBD6CCA42484DEA11A8B163C825EA7EE20AFF4537CBB8B28F8D44DDCDFB5C99CBDBA68E6308A9BB59884397FC18E2729557A0EBE52AD20C87D4623A27752D75E48D696A30BBBE5E3DB93B939D2B9BA7A9376A527B713E4FEA96D43E124D6AC1
310
1BF374DDD51B1F1E43485DD115045237F54693D48FEF0AF23AB0F555A419484DEA6BD4B7657400EAD95D05EAC3D17045DA66F44FA44952EF4701A8DFFA74A9FAFA77745D6B8350EF0CC15D1ED5ABF9240B391B6557C05E06B8BEDE047A523F93DA6657C035D58C1D22D0FA1A98FA5AF5D4917A5F42EFA9BD9AAE93DEB82D8F
310
B635DF665515A30E5998056AF13B2957AAC27C3FDF29DA71C3887C17748D482DE9DAC1EA5AA2F6BA769D93D1D77B493375B4B3C45EA6B2528DE23DA949FD80AEC0E2DEEE6E23DDE5FD5A4CA0963E5C595FCBBBFF9AD4DE22B5DF603B791456D73E29C7BD8C8A3796FF164791BAD2429A52DFF6BB27A08C6EB3E62335D7544B
310
AB270FE48DF7554FE5D4D23C37507B73D4A759468D3A88170A9322B5E08D41AC9EC279F5541246ABABA72A5DB7A5EEB0C3814C8D93D149DDB02BE08E34C6EF541184D49FA9DADF7B6F9BFAC67BFF49AD6C21F7C2939AD418DE184CC690603386588E7C377D1F52F7A76EEE8D8350DBF4465293BA5DBAE9EF8DA4B669215CC5
310
21355C1DF2586A854A95D4EDA96DF68D3663082635B30CA947A4EE709873C718426A9D8C4E6A5277A1EE5587D8ECC06CC6105277F44652F7EB6548CDFA9AD44352DB5C59E07A08A9490DE98D080FD41A98FAF4E92136A9C73EFF3A4F69507754DD412D4D94CCE8614A1D98268F2A532F609FC6645A79A4FB3FFA7E3F1AED4A
310
BDB3908F367FD8FEFE6C74FD1E588F4250EFA3DF8A3AEC1F1CE6F2BA45ECFB1B493DB53FD7DD08B5CD2C83429D778F342CB5783FBA2275E444C0BA3EBE6F17DDAE6D520F1043F884CFAA9AAFD842F6A7B10051A732FA821C63C353BBCF19AFEB338EE12D2476819A9A2FFDD05489BA28F21D4293BA05F5313414B5D015389D
310
DC58731AFD124070A9535966A1CE8AD718D4D34C3D79EABA4BA5EADD044B2D79A32775170B314AAD16432AFB46A52C332E355E1D322EF57076CDB5A72E6BAAA6CE642635ED9A6BAAE72B0BE51D582F0BE94A9DCCE8B92B0BA42EB710B5559CAAC867937AA2AEBB7505A4A6850C48ED49DDCD1B6D52733D84D4A4E6936B6BD7
310
436CAE9891BA2135BE1C501B92953792BAADD8B4105293FADC1B978CF27A997A9DA9BF2DCA3F04E8024A0AC7779E0000000049454E44AE4260826F965C31D202C0D16D8B288B39A31D6F9FC0FC14DF88ADE49AA11635C1BAF28E5C8A32F20A12155460275E3D2CA747BB8165FEE65FF0B96AC7ABC05815A176007A5D501101
310
C0BEB072CBF9019DB841384D87EF00609156A802790779490512004DBD40270000B86C40178BABDB64BA3CA304D4B6017845C8CEBF2C15211A802215F87C915C146D2A01F3E0A6073FEEA612008C00D0CBAE297744AFEE067BB0016201B006425864A26E70280928AE09B20642E4C423B5088EF2A56B005A86C27151421200
310
F2EA23755480B6F80FAB045405304245A8B1116C735EE61637F81000BDB9C13E00508CFAF30004F7FE95042038560E37D8890438E717EF892A1812BC804F3D82D58B64BA41DBC7D2DA5D7881062350000A4001280005A0001480025000DC00FEC40378B71F512D0120B4290005A00014C09FF0261EC07FEA7D499B03C1B596
310
0000000049454E44AE426082D0AA1BAC6A85187A0105200880781550000A40BD807A01F5026A03E6A6201EC05B7E64490C40AA7823A800648A7815500013803FE1221EC07F5C8B8FFA5992664E0000000049454E44AE426082F8077AC3B6554CB8A3460000000049454E44AE4260827623F879F1B7E0712A75BF0218DA4B57
310
F38DA017F5A9FAECD900ADAD03E8003EA3FDD3DCD403F80772E8E03B22A4246F0000000049454E44AE42608294E73EADE3925A0000000049454E44AE426082DFE6FF0720771FE4D87A82522AAD9EA07A03728ACE312C36AA4F89C5E1F05F01C0E623E83294D7D0B18D0540B2DED899D3BECE1C5B811792A26DEBF68F6600FC
310
DBF35B2B0112CD846670088079C956587185513F2D000057A09D2645630918E70262259825A0D91F6D0A68185587B700C0A37D4F9500D9A44C201B4254C4B003A07A19FA58E0FBF7FDBB64B6E60070BD3923E7D685150707C06E95754DCBEC3EC3590088046C2C01C7F93D7D86005E89066BED17CB8620405715AE3FC36637
310
1358D37F57020C00898CD10260FFFF1C35BBC280FA5906B05C18194DB79D562842164B405E0518FCBFC0580278ADCB8CFAA8D9C402F900528BE51D553D008800940A1C4A02761F25159D88974DA1DCA35C18BE9600CED8DDD4017227F9BC5801C0B10003A01CD1F1A72F8CC412B09BFF176000772560A0038EE3E818E05007
310
0C65AF3871D555CA7B274BA467AC4050FA584B8B8303D06F9BAD00BC47AD9BA371DB5AF1B809E032A54F600188BFD4C602D69E3700661B25111C804B1D002D030825206CCE30DE01609302DE15CE3D8E36122EF82E249BD23246941DDA8B4AD0E980563C8AC52BDB1550DDC3ED3680252DFD5CEBEB026FD401FDAF92691800
310
F8DCFF36F71F47B29729A40CDD960000000049454E44AE426082454E44AE42608206101B7B6D08C0911E86C64AB05602A0AA9E3CAE98A002184A00CFB60E5440720F4FE3739B4CA0C6522B536FC70DA4F3E845700DE0910D6821349FDE4987DF290D802301E0D140D60B1B402F05283C72BE54DEDF01706F7AFC2D00C5E2CB
310
5008CB60396C0140650300FBF7D7366024015F0CC032E396F40E0088292405A2DA4705C08E829C53F1519CAAFA5E09B8FF9981035CDA00E33B7C436E3C4400EE770580CF01340221017C6DD972A6AF3C286E5C8C0BCCB75D73FC6D007EF97FA1F13F3292DDEA49EA2E750000000049454E44AE426082
  0
ACDSRECORD
 90
        0
  2
AcDbDs::ID
280
    10
320
22
  2
Thumbnail_Data
280
    15
 94
     3354
310
89504E470D0A1A0A0000000D49484452000001000000007C0803000000B13B9E5A00000300504C5445FFFFFF000000C8C8C80000000000000000000000000000000000000000000000000000330000660000990000CC0000FF0033000033330033660033990033CC0033FF0066000066330066660066990066CC0066FF0099
310
000099330099660099990099CC0099FF00CC0000CC3300CC6600CC9900CCCC00CCFF00FF0000FF3300FF6600FF9900FFCC00FFFF3300003300333300663300993300CC3300FF3333003333333333663333993333CC3333FF3366003366333366663366993366CC3366FF3399003399333399663399993399CC3399FF33CC00
310
33CC3333CC6633CC9933CCCC33CCFF33FF0033FF3333FF6633FF9933FFCC33FFFF6600006600336600666600996600CC6600FF6633006633336633666633996633CC6633FF6666006666336666666666996666CC6666FF6699006699336699666699996699CC6699FF66CC0066CC3366CC6666CC9966CCCC66CCFF66FF0066
310
FF3366FF6666FF9966FFCC66FFFF9900009900339900669900999900CC9900FF9933009933339933669933999933CC9933FF9966009966339966669966999966CC9966FF9999009999339999669999999999CC9999FF99CC0099CC3399CC6699CC9999CCCC99CCFF99FF0099FF3399FF6699FF9999FFCC99FFFFCC0000CC00
310
33CC0066CC0099CC00CCCC00FFCC3300CC3333CC3366CC3399CC33CCCC33FFCC6600CC6633CC6666CC6699CC66CCCC66FFCC9900CC9933CC9966CC9999CC99CCCC99FFCCCC00CCCC33CCCC66CCCC99CCCCCCCCCCFFCCFF00CCFF33CCFF66CCFF99CCFFCCCCFFFFFF0000FF0033FF0066FF0099FF00CCFF00FFFF3300FF3333
310
FF3366FF3399FF33CCFF33FFFF6600FF6633FF6666FF6699FF66CCFF66FFFF9900FF9933FF9966FF9999FF99CCFF99FFFFCC00FFCC33FFCC66FFCC99FFCCCCFFCCFFFFFF00FFFF33FFFF66FFFF99FFFFCCFFFFFF0000000D0D0D1A1A1A2828283535354343435050505D5D5D6B6B6B787878868686939393A1A1A1AEAEAEBB
310
BBBBC9C9C9D6D6D6E4E4E4F1F1F1FFFFFF000000000000000000000000000000000000000000000000000000000000B0E2D235000005174944415478DAED5C5996E3200CE4069C44F7FFCB49F4A5EF1C62CC6A56419C9ED82CBC493AD3C4FD42515512825888EE26C937E9DBF1128E87E99585667AA768D57190EAE27BE706
310
4058000C3B3EBA702E002E5C381800A7092CCA802E00F237CD084082C12A12E830C1B501A860B01800933380F300D2FF1600A021015A5B02624B607A005A51A09426CDC6803A00621909AC0EC036C1554D70F954B8BC20DC0CD8002C63829B01BB1EC00040B4B6042E5CB801984F02E52C613D00B6045696C0EA00EC28B025
310
B019B001D8004C0900D35ABDBBEDB6DBBC1E00AC07B47B87B188DA0725F6A468B3779C2021A3A3C290CE717A8AD8BEA3DD3B0C00A0860004A6A9D767B3BDF12FFDFFF85E180600A6D9216234468D1705BD51B77E4DF300A0888C66A0EEFDF6E13C00A3BA3188A07B100FC0A3F9E902F76C47AF7B319CCD08004CBB4704C01B
310
819AC51400C58363843581F0F499440288A2CA002381C119A049EC54BCA0041A51607E09C445FF8C0187023809E00412A8CFE12251E07D3497D215A3002F90E125D060808A02C844810918E03258CD009B0D905BD029950BD603C4E81E709DE4B34840FB589D018AE5DC5A40988B6765C00A5120DAFF0F184076889C07E0F6
310
80093CC07C5FBEE901627BC0AC1E10F1B5B01AE43D0087F70057102903B0800774D404E7CE03F462E8EDEA617E2C67185C6235F8F6CC0F47E2553EB507EC3CC0AE06B51546731DE4014C51F4E89F260C82C80158250FE00A226C3D60923CA0DAD54A8484981C80151221CAB7C5D75A0B20E199CCC5DBDC4B7800044551F373
310
B53C401F0030295DC400BF16602CF29AB73CB6282ADC5A20DC1A9B1F80E86C943FE404D0715456F69EA4A5761353B70DC0EA004405B7BF7CE35F79C07F3E2A1BDCAB356BA59BB612FCF044FE2F8ECA4A5E1CF7461299DD5517821BE7CAEC96BB596F3EF7BAB7130015826F06A096C9115C5F0C519C094AD61F6FCE25BE2989
310
31B504907F30901F79C0311493FAF96C30297A813E2965A72A3D2162D268087AF3C5503410E43F0FE22D00A8A3706E599B55FD1C00FE2C2974540B602C00C2E8DB3B447FAD7A720C2077CF95611800D4DA19D224F75BC4313F347BD459CAF094192F815692033F67809AC3D70B103F6600107D2E8164C21F6082026C411CCA
310
351FAC0AC44BC097943A2490A6017703D052B90720207960914602846C49AC3410BD23F73EFEBADB984B0DE0296130062011882DA061AF048E3FF6528FA0917EB6BF0350DD780300FA835C8802360F5012E867009E0C78BF4931807C452E4A0C7FCD808A07D83CA010059C09E267268861A3E059C5939B245063409008957B
310
A9C000FDBAE1010900A63DD104AB5F9780AB9960C5F01414778541B331CE48A09E08F5853099CF3CE17316436A442F49509740B801F62D000F5C0D0AC198202B0199D53D9B008887025067C029019E0185BB328F01C0570591CF25F04006E8225E388949410405B316A81737079380C2C10D3107A04F02A332408DFDF00029
310
2FA5C2334840797D3D153E4B629332A0BB22447C22C4DD7072040F700785D3157FEB10DD0412B02608929780FD7669A11E40B51356C300A0568307007C2AFCAEAE06F553F8E56B185502C554989380D904D34BDA7119D034419D08D5EA016AE442887867880663C05911B287E5B2AA70788EAA0A80BF763809E88A10542B42
310
0D0604B21FD503CCDE209537464E83CFCCFEDC53F83B00E213438F2889793F2B2C95BE2A893D05001705A41372210A30AB412781300CD2500C508B215515C6F2BE40749730AAC488C13D80ADFA9DDF292B1E9078AA09FE035C78A5E40AC0456C0000000049454E44AE426082D0BA62795FC0169E2277DA1750EF0372B65F72
310
827EFF8AD67B1C037E0A803FA77BAC43328B73830000000049454E44AE4260828C66019AC5A0B933749DA8B6878BAF03904DA5FCB82718E98C148B7957F8BB24782B003E0A841BA48A514008B618F2ED62A099328E63015297438604D5717CE6024A8CCE01226C7F9748F0151FB3530C839300E07689EB00300312A3034026
310
DFC8A01B24D3E040E71941E67AC88F0EEAFC0F7D26EFADE83F0330A9F50128AB7B0000000049454E44AE42608249454E44AE42608203001B9DB4428D215E00C8AC8C77013071E79C792180781F25A16A70DC4B1640FD2EB156F200C001D8D26BE79ACC04334B66DE0140CC05089B7F7002A0DC63A42480C6D60BC44BC50482
310
604535BCB9BA0080337B88145F40DD80059CED1079B70BBC1EC0EB83A0D6023DD6026A010A4001280005A00014800250000A40011C02188ACBBB104E994CB9803E03A2A7A9542A954AA552A9542A954AA552A9542A954AA552A9542A954AA552A9BAD47F96F172276BCCE8C00000000049454E44AE4260821F00B00B28FAC7
310
6FCFAB3500EE852E833A6CC2747E00C67A81DCB4CB082F7701F400E0155C404E821EAC6C8309A82ECA5CC0AD8DD178011718EA068BFEDF7A417D4DDE0BB8971AB5BA0207E8F15E80FB028D5D00B896FA8400FC07DE3B139B2E94A26A0000000049454E44AE42608262C010A366EDD7E37E491C304D66B4F45F06206880ED71
310
7F0F03E246A3D4F5832A0330CE10D5EA8B1810144017A636710D18D822D48B00F80F9273D083A0F59A600000000049454E44AE42608246DB5F3000B8E5962F97FBB7C56FB9E5965B6EF95EF90F5CAE4849FE8E5FD00000000049454E44AE4260820C8F00EC144249963BF6FF4AFBD38320FF01E07BC4771235DBAB00000000
310
49454E44AE426082548511EAF5146300D077823F0B80D4C4485482B914AE673F3AF32705006B355300200B017E795009A04A82FE98900F975300BAC17A7266A8DBB324A1E92A17C0FA79CF7E63E44B7C65A60070E42B3377BBDBDDEE76B7BBDDED6E77BBDBDDEE76B7BFA9B5CAE4D383F2AF01A0B1D0ACB9ECF60B5B405C9D
310
15CB28AD69B62FDAB2758ADFD305D2AA4C6CFCEFBB06C6EF0D80CCC805FE03EAA4BF55525F7E3B0000000049454E44AE42608200082500980620A3BF04801C7C461660B39A70960E272967E3265A80455E308BE7B34102F0F3F3833F8B2EA001440B40390C460B80F1BC80B400C8A4705610A9B8D7C975C8CA0282FCB2EAFF
310
940C6380169B8DE1BF02604A81BCB04C6E1240E57DD44DB0B705C1CFB70FFC2BADEF3F53FBB66FFBB66FFBB66FFBB63FB5FD026821B24A7DF0CF290000000049454E44AE426082ECB1C7FE8BF60FF4F899B05186EA6F0000000049454E44AE42608262385C4BC0A808FA16003000F8F23FAE38F05F66BC94003DFFDAE3C8B3
310
9680154788727E67291C9E00E0FBEA7F097817BEC2C7DFCF0D8ED30C80AB9604611D80F8DEE23784E70A007F73D5FFEE251D6A96CA7E9D12BCA270C0B7B7A45FF21450DD03B340C206005A0B88A33C4F2C00F06A003D891D2D00577EC20044058A016CC509BA72847E4802EEDC8546589F3BAD951F5400A47E0480DF05C0BC
310
0E584888FC8B013C93109907F003FFD664AE7DE53F51D98E7933F0A7FD17DA3FE34611813FBCEE9C0000000049454E44AE426082
  0
ACDSRECORD
 90
        0
  2
AcDbDs::ID
280
    10
320
1BA30
  2
Thumbnail_Data
280
    15
 94
     1667
310
89504E470D0A1A0A0000000D4948445200000100000000B408030000004C80028300000300504C5445FFFFFF000000C8C8C80000000000000000000000000000000000000000000000000000330000660000990000CC0000FF0033000033330033660033990033CC0033FF0066000066330066660066990066CC0066FF0099
310
000099330099660099990099CC0099FF00CC0000CC3300CC6600CC9900CCCC00CCFF00FF0000FF3300FF6600FF9900FFCC00FFFF3300003300333300663300993300CC3300FF3333003333333333663333993333CC3333FF3366003366333366663366993366CC3366FF3399003399333399663399993399CC3399FF33CC00
310
33CC3333CC6633CC9933CCCC33CCFF33FF0033FF3333FF6633FF9933FFCC33FFFF6600006600336600666600996600CC6600FF6633006633336633666633996633CC6633FF6666006666336666666666996666CC6666FF6699006699336699666699996699CC6699FF66CC0066CC3366CC6666CC9966CCCC66CCFF66FF0066
310
FF3366FF6666FF9966FFCC66FFFF9900009900339900669900999900CC9900FF9933009933339933669933999933CC9933FF9966009966339966669966999966CC9966FF9999009999339999669999999999CC9999FF99CC0099CC3399CC6699CC9999CCCC99CCFF99FF0099FF3399FF6699FF9999FFCC99FFFFCC0000CC00
310
33CC0066CC0099CC00CCCC00FFCC3300CC3333CC3366CC3399CC33CCCC33FFCC6600CC6633CC6666CC6699CC66CCCC66FFCC9900CC9933CC9966CC9999CC99CCCC99FFCCCC00CCCC33CCCC66CCCC99CCCCCCCCCCFFCCFF00CCFF33CCFF66CCFF99CCFFCCCCFFFFFF0000FF0033FF0066FF0099FF00CCFF00FFFF3300FF3333
310
FF3366FF3399FF33CCFF33FFFF6600FF6633FF6666FF6699FF66CCFF66FFFF9900FF9933FF9966FF9999FF99CCFF99FFFFCC00FFCC33FFCC66FFCC99FFCCCCFFCCFFFFFF00FFFF33FFFF66FFFF99FFFFCCFFFFFF0000000D0D0D1A1A1A2828283535354343435050505D5D5D6B6B6B787878868686939393A1A1A1AEAEAEBB
310
BBBBC9C9C9D6D6D6E4E4E4F1F1F1FFFFFF000000000000000000000000000000000000000000000000000000000000B0E2D235000003294944415478DAEDDD4B7283300C8061DF2027C9FD773989565A66D8F406C5044320848731D844BF5A32B4D349E0C3921F79D4554FADE369F4B6AA5CE50C877A0005000000CC462882
310
551DCD2F6E86620010446E762EFEED3D0500C804A0FEC1B5FDCA09E0F200E830AC03646801EE63287C324047E09ACD1C401D224514C19C002100B00950C838C02A40014510005200000000A00802400A5C1940E45EC0F96C9E4C000040AA2208002900000000E43F7FE3453027807325A4C0E68348391700C03A00D3611644
310
002005008818BA647B66B80C80EEC6D905682F7E3680AC45B00510002CA7C0E72EBDC00F02545BE2D0258094003238927980BFF5516D6C41E3A3906D00914570D47497DAF022804601DC65B014255B532A1DC0EE161009305A03A88F6233C0AE14787B1CDD570334AA068C01B4CDCCB5A56107C0E315F208A1CD7EFF739A90
310
F93BBDB79B7F78FF77FAE88F2B432F20DF1321B617F0975256B400FF327339BD179812485C031692B94F01D598FE30F950586201F44D6070343A4BD003C40D070E980B486C11D4A914F0D7751540E470E88891A0240C6DB7AF716FB7D8E1E0C143E15D23FC57F9FBF62EA2B6DA8CBBC1D2E6021B0074524F178A4DE900EB53
310
73EA0D6333BD6AAAC9F3F10B22120F20339D4AAAB9F3092B425BEADDFAB8E882883F70896C48C72C989C0BB0E7DAC92F00EC3A8B7ED6A9D705D853BB564EBBCB2B82C96AB70CBA0BB922802428215D7771C1149002EF2C29C06BE9E2EB0246B677881F0F303B4E0945BBC8F34F00200B009AB6681D01B0AF082E0F7135DBF3
310
5EE700B84B07AF110200000078A528AF14A506000000BD0000A4000000004011048014000000002882009002000000004510005200000000A00802400A0000000014410048010000008022080029000000005004012005000000008A2000A400000000401104801400000000288279439BCF6A1A5C41ED3EBF4A0D0084B3D4
310
FE747562EF975340433BF02DC15FFBD19E0D80570B789DB00EF66C01740D5FADA580D3F63B4084BDC514602EC05C80912000003017008014000000002882B6012AEB2900807980F08FEE6E8662B217B0161FBD0000B6C27C0A00D000D4F17C1ABDF500C6E31F65EB1DA9E80394E10000000049454E44AE426082454E44AE42
310
60825FE40000000049454E44AE426082
  0
ACDSRECORD
 90
        0
  2
AcDbDs::ID
280
    10
320
101C7C6
  2
Thumbnail_Data
280
    15
 94
     1725
310
89504E470D0A1A0A0000000D4948445200000100000000B408030000004C80028300000300504C5445FFFFFF000000C8C8C80000000000000000000000000000000000000000000000000000330000660000990000CC0000FF0033000033330033660033990033CC0033FF0066000066330066660066990066CC0066FF0099
310
000099330099660099990099CC0099FF00CC0000CC3300CC6600CC9900CCCC00CCFF00FF0000FF3300FF6600FF9900FFCC00FFFF3300003300333300663300993300CC3300FF3333003333333333663333993333CC3333FF3366003366333366663366993366CC3366FF3399003399333399663399993399CC3399FF33CC00
310
33CC3333CC6633CC9933CCCC33CCFF33FF0033FF3333FF6633FF9933FFCC33FFFF6600006600336600666600996600CC6600FF6633006633336633666633996633CC6633FF6666006666336666666666996666CC6666FF6699006699336699666699996699CC6699FF66CC0066CC3366CC6666CC9966CCCC66CCFF66FF0066
310
FF3366FF6666FF9966FFCC66FFFF9900009900339900669900999900CC9900FF9933009933339933669933999933CC9933FF9966009966339966669966999966CC9966FF9999009999339999669999999999CC9999FF99CC0099CC3399CC6699CC9999CCCC99CCFF99FF0099FF3399FF6699FF9999FFCC99FFFFCC0000CC00
310
33CC0066CC0099CC00CCCC00FFCC3300CC3333CC3366CC3399CC33CCCC33FFCC6600CC6633CC6666CC6699CC66CCCC66FFCC9900CC9933CC9966CC9999CC99CCCC99FFCCCC00CCCC33CCCC66CCCC99CCCCCCCCCCFFCCFF00CCFF33CCFF66CCFF99CCFFCCCCFFFFFF0000FF0033FF0066FF0099FF00CCFF00FFFF3300FF3333
310
FF3366FF3399FF33CCFF33FFFF6600FF6633FF6666FF6699FF66CCFF66FFFF9900FF9933FF9966FF9999FF99CCFF99FFFFCC00FFCC33FFCC66FFCC99FFCCCCFFCCFFFFFF00FFFF33FFFF66FFFF99FFFFCCFFFFFF0000000D0D0D1A1A1A2828283535354343435050505D5D5D6B6B6B787878868686939393A1A1A1AEAEAEBB
310
BBBBC9C9C9D6D6D6E4E4E4F1F1F1FFFFFF000000000000000000000000000000000000000000000000000000000000B0E2D235000003784944415478DAED9C4172A330104575833989EFBFCB49FEAA972E367383313160C032234002E17E9D0A4E5C09B81FFABF5BC22634777BC4DDE9B66942131C87B5000C00000080DBF0
310
6E82812A3092C01F4F1105E0E8CC030000111304C0A1F61BECF9F0FCC9BC49C07EA37BE8C2218057EA07E75F0180F6EB3902C2337F3B5406D554019B3D52053C0190D47E771B878DD0907CBBF50A60085A61005005008004000000006082004002000000003041002081AA0048B7CBA61A5F6D0200005699E0A50104EF00DC
310
4B20E0010000C04E131465D0B9040400EF2618C27501C45F3B00D62E880000093807F06D010000AC344100200100E4ECCECF7C93680500167F05C0F79BA0A6D354A7005EEA772A01D531024EF480E15312982000DC9960458DD0B7CD05943AA04A4AA0D917FBC75609006BC669F3774F34FBD595F2E23F02683FC3D755A8D1
310
AE5629752500CB0D20FA5CFFDD67B50060B0A6D1CE5679D53A009613C06DD844004CB2FA68820A517F56B8C4088802E887F324ADA52AA0AE4B9B9C732B668296D104E3006C7416FBB3FA51023F43E8671C367FE2E8483AFA6DD88CFFCFE6FBD95206AD6BD974741994528FFB3602FAD76CD9FA80B436236F19ECAC6B8304DA
310
5B52287323A4930068930798297B2BAC33AA407A059E99A00ACC05B28F009B35024D74DC258A600A4045E6023A7804FCDE5F27550613002A341952DE2A608B7D80595703D60350B1D9A00E8E8797A5C66DD8FC8F57C6E9B04228B1A8D1E5A0843B4CBDFA847827587A414445007473184BFACB7EBC9F036067FEB6B057A59E
310
81B01540A615A11D0096EEA2A6D41370FEAAB0F28F807E6A5EE6D8D9D704957F04286D296ADB91F32F8A6EAF723BAB64BDCBE20A792F7A64DDDF0100B46A1D2DEBA2FFC9D705D656B17D6BBED502080A25DAC3E93CA16A00452E7A5E0940996B9E4A6BA12A30C152D77CF50640BE0084F70EA24A091C78D1BF4A00A7BCE9A1
310
2200D5E79F0CE0794539F4D796BB558A688276A5FC934D307D0A72ADFC3702089F018C8AF215F24F9280C6B3F27EDCEBD324E75AF9A70138727E5EEF08F8D2E0233307AC0801000900000000C004018004000000006082004002000000003041002001000000009820009000000000004C1000480000000000260800240000
310
0000001304001200000000800902000900000000C0040170A6043C450C80C7008077001313040012008053008FB8DF9D6E5B00CEE31F9C8A8832897950260000000049454E44AE426082
  0
ENDSEC
  0
EOF
